{"uuid":"32058b82-1f76-54b0-8d02-13dab9e604ff","iri":"http://imce.jpl.nasa.gov/foundation/annotation/annotation#omgElementId","abbrevIRI":"annotation:omgElementId"}
{"uuid":"4151ecb9-1ad5-52e4-9535-76ae747e3e6f","iri":"http://imce.jpl.nasa.gov/foundation/annotation/annotation#isLibrary","abbrevIRI":"annotation:isLibrary"}
{"uuid":"55c4affe-635e-55d1-8ad3-047594beae61","iri":"http://imce.jpl.nasa.gov/foundation/annotation/annotation#noMapping","abbrevIRI":"annotation:noMapping"}
{"uuid":"6995053c-5b43-57b8-bd50-d2c78a38a6d2","iri":"http://imce.jpl.nasa.gov/foundation/annotation/annotation#isStructuredDataType","abbrevIRI":"annotation:isStructuredDataType"}
{"uuid":"a749da99-41b5-542e-a5ee-0783771b0ec4","iri":"http://imce.jpl.nasa.gov/foundation/annotation/annotation#implementationElementId","abbrevIRI":"annotation:implementationElementId"}
{"uuid":"c5a2e486-7e12-5e1c-95b9-4a07e131dc13","iri":"http://imce.jpl.nasa.gov/foundation/annotation/annotation#isAbstract","abbrevIRI":"annotation:isAbstract"}
