{"uuid":"09bba40c-ac75-5905-a97d-0c708bb95957","tboxUUID":"744a8ccc-4168-57c3-88bc-4c7b2ea05d64","name":"SimpleUnit"}
{"uuid":"367f689e-0215-5466-bdc5-d7b8db5f9c09","tboxUUID":"744a8ccc-4168-57c3-88bc-4c7b2ea05d64","name":"DerivedUnit"}
{"uuid":"392049b0-e629-5ed2-b720-bd09b688df56","tboxUUID":"744a8ccc-4168-57c3-88bc-4c7b2ea05d64","name":"LinearConversionUnit"}
{"uuid":"3c2172e3-bf43-5d8a-b809-e31eadb409a1","tboxUUID":"744a8ccc-4168-57c3-88bc-4c7b2ea05d64","name":"Prefix"}
{"uuid":"591b9e4d-5522-5875-88fd-699897599f9a","tboxUUID":"744a8ccc-4168-57c3-88bc-4c7b2ea05d64","name":"PrefixedUnit"}
{"uuid":"62c873d1-836a-53f5-873c-d1368d5adb53","tboxUUID":"744a8ccc-4168-57c3-88bc-4c7b2ea05d64","name":"DerivedQuantityKind"}
{"uuid":"6615a1d2-2d24-5165-8322-4e1023e6206e","tboxUUID":"744a8ccc-4168-57c3-88bc-4c7b2ea05d64","name":"GeneralConversionUnit"}
{"uuid":"7761c662-2863-5add-b71f-7472f33ff4a6","tboxUUID":"744a8ccc-4168-57c3-88bc-4c7b2ea05d64","name":"SimpleQuantityKind"}
{"uuid":"8662fb85-5f1d-5ce1-8d96-2d40aa43a828","tboxUUID":"744a8ccc-4168-57c3-88bc-4c7b2ea05d64","name":"SystemOfUnits"}
{"uuid":"9911bee8-868d-51ac-a2cd-0f3959e9cfbc","tboxUUID":"744a8ccc-4168-57c3-88bc-4c7b2ea05d64","name":"Dimension"}
{"uuid":"cefb362f-f222-5df1-a402-9f6d7ede4c94","tboxUUID":"744a8ccc-4168-57c3-88bc-4c7b2ea05d64","name":"UnitFactor"}
{"uuid":"cf136b67-7313-5940-ad61-12093f0025fd","tboxUUID":"744a8ccc-4168-57c3-88bc-4c7b2ea05d64","name":"AffineConversionUnit"}
{"uuid":"e2bd2fe0-1700-5160-8441-24cb4314aeed","tboxUUID":"744a8ccc-4168-57c3-88bc-4c7b2ea05d64","name":"QuantityKindFactor"}
{"uuid":"f749de13-0ce1-5158-a7b9-a7993d99c5e4","tboxUUID":"744a8ccc-4168-57c3-88bc-4c7b2ea05d64","name":"SystemOfQuantities"}
