{"uuid":"32058b82-1f76-54b0-8d02-13dab9e604ff","iri":"http://imce.jpl.nasa.gov/foundation/annotation/annotation#omgElementId","abbrevIRI":"annotation:omgElementId"}
{"uuid":"4151ecb9-1ad5-52e4-9535-76ae747e3e6f","iri":"http://imce.jpl.nasa.gov/foundation/annotation/annotation#isLibrary","abbrevIRI":"annotation:isLibrary"}
{"uuid":"55c4affe-635e-55d1-8ad3-047594beae61","iri":"http://imce.jpl.nasa.gov/foundation/annotation/annotation#noMapping","abbrevIRI":"annotation:noMapping"}
{"uuid":"6995053c-5b43-57b8-bd50-d2c78a38a6d2","iri":"http://imce.jpl.nasa.gov/foundation/annotation/annotation#isStructuredDataType","abbrevIRI":"annotation:isStructuredDataType"}
{"uuid":"7188a383-cf60-5fe2-a34a-e6d24235701c","iri":"http://imce.jpl.nasa.gov/foundation/annotation/annotation#isStereotype","abbrevIRI":"annotation:isStereotype"}
{"uuid":"a749da99-41b5-542e-a5ee-0783771b0ec4","iri":"http://imce.jpl.nasa.gov/foundation/annotation/annotation#implementationElementId","abbrevIRI":"annotation:implementationElementId"}
{"uuid":"b24829b3-10eb-5312-8230-aa7ad4ee4c27","iri":"http://imce.jpl.nasa.gov/foundation/annotation/annotation#isStereotypeMetaclass","abbrevIRI":"annotation:isStereotypeMetaclass"}
{"uuid":"c5a2e486-7e12-5e1c-95b9-4a07e131dc13","iri":"http://imce.jpl.nasa.gov/foundation/annotation/annotation#isAbstract","abbrevIRI":"annotation:isAbstract"}
{"uuid":"fd841884-d2e9-5fcc-974a-f36dfeed1b9e","iri":"http://imce.jpl.nasa.gov/foundation/annotation/annotation#isMetaclassSpecificExtension","abbrevIRI":"annotation:isMetaclassSpecificExtension"}
