{"uuid":"0079e214-289c-5531-938d-94befbc8c2d4","tboxUUID":"d19fa32c-b562-5380-957f-32f5a6a67a9f","name":"RedefinableTemplateSignature.Allocated"}
{"uuid":"0167f704-dc9b-5266-8ce1-ae616822f2a7","tboxUUID":"d19fa32c-b562-5380-957f-32f5a6a67a9f","name":"InformationFlow.RequirementRelated"}
{"uuid":"019b6f13-bcc3-5520-8030-3cd2a1ac35e5","tboxUUID":"d19fa32c-b562-5380-957f-32f5a6a67a9f","name":"TimeObservation.RequirementRelated"}
{"uuid":"0258e8d7-c04c-5621-9cbe-544ec23cd13f","tboxUUID":"d19fa32c-b562-5380-957f-32f5a6a67a9f","name":"ExecutionOccurrenceSpecification.Allocated"}
{"uuid":"02adab65-8ecc-584c-8b88-494ec27c2fd6","tboxUUID":"d19fa32c-b562-5380-957f-32f5a6a67a9f","name":"AcceptEventAction.Allocated"}
{"uuid":"03a81337-af48-5df8-a2f9-f2448e433d05","tboxUUID":"d19fa32c-b562-5380-957f-32f5a6a67a9f","name":"UseCase.PropertySpecificType"}
{"uuid":"0472e57a-83d6-59c7-9d9a-c8daf4779273","tboxUUID":"d19fa32c-b562-5380-957f-32f5a6a67a9f","name":"ConsiderIgnoreFragment.RequirementRelated"}
{"uuid":"04b84e95-cb01-5877-9b04-cbf3f9c5e7e8","tboxUUID":"d19fa32c-b562-5380-957f-32f5a6a67a9f","name":"DataStoreNode.Allocated"}
{"uuid":"05225813-aa29-5dfc-a012-a442fabfbc4d","tboxUUID":"d19fa32c-b562-5380-957f-32f5a6a67a9f","name":"Substitution.Trace.Copy"}
{"uuid":"05827c15-0ba9-5e19-b7c7-f7acfaba02dc","tboxUUID":"d19fa32c-b562-5380-957f-32f5a6a67a9f","name":"Node.RequirementRelated"}
{"uuid":"05db6bc1-aa2f-5ace-9cf7-bc62888d5e18","tboxUUID":"d19fa32c-b562-5380-957f-32f5a6a67a9f","name":"RedefinableTemplateSignature.RequirementRelated"}
{"uuid":"060d2ea6-7c8d-59fa-8685-61d36f2ace01","tboxUUID":"d19fa32c-b562-5380-957f-32f5a6a67a9f","name":"RemoveStructuralFeatureValueAction.RequirementRelated"}
{"uuid":"0637bed0-cf4b-5985-9b0c-825a0d611773","tboxUUID":"d19fa32c-b562-5380-957f-32f5a6a67a9f","name":"CentralBufferNode.Overwrite"}
{"uuid":"06c9537d-a4aa-5c9f-a0b7-ec8cdedff988","tboxUUID":"d19fa32c-b562-5380-957f-32f5a6a67a9f","name":"OutputPin.Overwrite"}
{"uuid":"0803e649-198b-5d26-a72e-2c4f90b8ade9","tboxUUID":"d19fa32c-b562-5380-957f-32f5a6a67a9f","name":"ParameterSet.Probability"}
{"uuid":"082802e9-ce7b-5f52-b19f-3e4da073d96c","tboxUUID":"d19fa32c-b562-5380-957f-32f5a6a67a9f","name":"Region.Allocated"}
{"uuid":"086ba0a2-64a9-50a7-a769-69cc5068ae06","tboxUUID":"d19fa32c-b562-5380-957f-32f5a6a67a9f","name":"Expression.RequirementRelated"}
{"uuid":"095c7d19-4ce7-53bf-9e71-7722091dba90","tboxUUID":"d19fa32c-b562-5380-957f-32f5a6a67a9f","name":"ActionInputPin.Allocated"}
{"uuid":"09bde5bf-a966-5796-9a3d-8f735ef406bf","tboxUUID":"d19fa32c-b562-5380-957f-32f5a6a67a9f","name":"Parameter.Rate.Continuous"}
{"uuid":"0a07a848-b51f-5060-81f3-44bf726b3227","tboxUUID":"d19fa32c-b562-5380-957f-32f5a6a67a9f","name":"CallBehaviorAction.InvocationOnNestedPortAction"}
{"uuid":"0a597660-0e7a-5323-bbaf-1ff35f6b7b76","tboxUUID":"d19fa32c-b562-5380-957f-32f5a6a67a9f","name":"DestroyObjectAction.RequirementRelated"}
{"uuid":"0b4343aa-edcf-5e09-bfae-388c81ce335f","tboxUUID":"d19fa32c-b562-5380-957f-32f5a6a67a9f","name":"IntervalConstraint.Allocated"}
{"uuid":"0bdec141-1337-5e73-b488-54094c852985","tboxUUID":"d19fa32c-b562-5380-957f-32f5a6a67a9f","name":"SendSignalAction.InvocationOnNestedPortAction"}
{"uuid":"0c4b34c1-ee29-532d-b49d-269ca9e86eca","tboxUUID":"d19fa32c-b562-5380-957f-32f5a6a67a9f","name":"AddStructuralFeatureValueAction.RequirementRelated"}
{"uuid":"0ec4b600-a47f-540b-afe0-5f7c99c76342","tboxUUID":"d19fa32c-b562-5380-957f-32f5a6a67a9f","name":"Gate.Allocated"}
{"uuid":"0f7089cc-7266-5e22-a6a9-e1eabea4cb34","tboxUUID":"d19fa32c-b562-5380-957f-32f5a6a67a9f","name":"Manifestation.RequirementRelated"}
{"uuid":"10f2f70f-533a-5bab-b40d-08515b0342df","tboxUUID":"d19fa32c-b562-5380-957f-32f5a6a67a9f","name":"Expression.Allocated"}
{"uuid":"11d6d572-3c69-5f26-9c1d-d66cc07e6af0","tboxUUID":"d19fa32c-b562-5380-957f-32f5a6a67a9f","name":"ReadLinkObjectEndAction.RequirementRelated"}
{"uuid":"12e0198e-5b88-5aa1-90ea-7432c1ae7113","tboxUUID":"d19fa32c-b562-5380-957f-32f5a6a67a9f","name":"ActivityParameterNode.Allocated"}
{"uuid":"13895da1-69cb-515e-8c58-c9e83463da69","tboxUUID":"d19fa32c-b562-5380-957f-32f5a6a67a9f","name":"ForkNode.RequirementRelated"}
{"uuid":"138de213-0d58-5eff-9b30-8404b4a5d46d","tboxUUID":"d19fa32c-b562-5380-957f-32f5a6a67a9f","name":"StateMachine.Viewpoint"}
{"uuid":"13ca7363-f733-5b11-bf03-184e86eb0dd5","tboxUUID":"d19fa32c-b562-5380-957f-32f5a6a67a9f","name":"ExpansionNode.Overwrite"}
{"uuid":"149879a7-6276-5775-b52b-f55632d8e39e","tboxUUID":"d19fa32c-b562-5380-957f-32f5a6a67a9f","name":"PrimitiveType.PropertySpecificType"}
{"uuid":"1515f6cb-3c6e-5e4b-a79a-6b4a7af4dc52","tboxUUID":"d19fa32c-b562-5380-957f-32f5a6a67a9f","name":"EnumerationLiteral.RequirementRelated"}
{"uuid":"157b652c-b69f-5491-9718-04595684b38b","tboxUUID":"d19fa32c-b562-5380-957f-32f5a6a67a9f","name":"InformationItem.Allocated"}
{"uuid":"16df1ace-7dfa-5c87-b8f1-08c518bcee42","tboxUUID":"d19fa32c-b562-5380-957f-32f5a6a67a9f","name":"PrimitiveType.Allocated"}
{"uuid":"17216d5f-8c81-5608-8c3c-cb37241651c7","tboxUUID":"d19fa32c-b562-5380-957f-32f5a6a67a9f","name":"Port.FullPort"}
{"uuid":"17463862-7075-56ef-849f-397180d7310d","tboxUUID":"d19fa32c-b562-5380-957f-32f5a6a67a9f","name":"ProtocolTransition.RequirementRelated"}
{"uuid":"174ce170-6a6e-5c7e-aae7-4895e87e2010","tboxUUID":"d19fa32c-b562-5380-957f-32f5a6a67a9f","name":"Interaction.Block"}
{"uuid":"178b2014-965f-5397-9a8b-13eb1ec6b5fa","tboxUUID":"d19fa32c-b562-5380-957f-32f5a6a67a9f","name":"FunctionBehavior.RequirementRelated"}
{"uuid":"17da71c4-5a17-5bd5-b899-c900b8b14a96","tboxUUID":"d19fa32c-b562-5380-957f-32f5a6a67a9f","name":"Connector.BindingConnector"}
{"uuid":"17daf562-d996-50f4-ba2a-c488cd84bc8e","tboxUUID":"d19fa32c-b562-5380-957f-32f5a6a67a9f","name":"DestructionOccurrenceSpecification.RequirementRelated"}
{"uuid":"17ee0e38-d9af-5a27-a7a0-f41be3357eba","tboxUUID":"d19fa32c-b562-5380-957f-32f5a6a67a9f","name":"DataType.Allocated"}
{"uuid":"184ffb12-b888-54d9-9a7e-43a9c76cd0b8","tboxUUID":"d19fa32c-b562-5380-957f-32f5a6a67a9f","name":"Continuation.RequirementRelated"}
{"uuid":"18def04f-18a4-5911-8b26-e151c6486923","tboxUUID":"d19fa32c-b562-5380-957f-32f5a6a67a9f","name":"Realization.Trace.Verify"}
{"uuid":"19ec1330-7cc2-5d43-8d14-58234a34c598","tboxUUID":"d19fa32c-b562-5380-957f-32f5a6a67a9f","name":"Realization.Trace.DeriveReqt"}
{"uuid":"1a0deb81-46f4-5721-8004-b3c24fe45096","tboxUUID":"d19fa32c-b562-5380-957f-32f5a6a67a9f","name":"StartObjectBehaviorAction.RequirementRelated"}
{"uuid":"1ae90011-c762-514f-9579-2092e304d92f","tboxUUID":"d19fa32c-b562-5380-957f-32f5a6a67a9f","name":"Class.Viewpoint"}
{"uuid":"1b4352b9-c82f-57cb-b6a5-41eb37e14beb","tboxUUID":"d19fa32c-b562-5380-957f-32f5a6a67a9f","name":"DataStoreNode.Overwrite"}
{"uuid":"1b817a96-977e-5e43-839c-724ed6b0db83","tboxUUID":"d19fa32c-b562-5380-957f-32f5a6a67a9f","name":"ConditionalNode.RequirementRelated"}
{"uuid":"1c0106b7-5676-5673-a56a-6cd52d1f6373","tboxUUID":"d19fa32c-b562-5380-957f-32f5a6a67a9f","name":"Manifestation.Allocated"}
{"uuid":"1c0cd96e-b339-5d18-9bfe-4d8b68652f3e","tboxUUID":"d19fa32c-b562-5380-957f-32f5a6a67a9f","name":"Class.PropertySpecificType"}
{"uuid":"1c3c2fd4-054a-5179-b855-4d4610c79fae","tboxUUID":"d19fa32c-b562-5380-957f-32f5a6a67a9f","name":"InterfaceRealization.RequirementRelated"}
{"uuid":"1cd0ac8b-f286-5511-92ef-cebd58382905","tboxUUID":"d19fa32c-b562-5380-957f-32f5a6a67a9f","name":"DeploymentSpecification.Allocated"}
{"uuid":"1cfbba31-f4db-586b-9cba-6125d90eacdb","tboxUUID":"d19fa32c-b562-5380-957f-32f5a6a67a9f","name":"Abstraction.Allocate"}
{"uuid":"1d69bdd8-eaea-5086-85ce-30f4f189163a","tboxUUID":"d19fa32c-b562-5380-957f-32f5a6a67a9f","name":"DestroyLinkAction.RequirementRelated"}
{"uuid":"1da759ff-7e58-5f20-8de1-e4326e83892b","tboxUUID":"d19fa32c-b562-5380-957f-32f5a6a67a9f","name":"Property.DirectedFeature"}
{"uuid":"1e467243-7125-527f-8981-4f4a1bfbab38","tboxUUID":"d19fa32c-b562-5380-957f-32f5a6a67a9f","name":"Manifestation.Trace.DeriveReqt"}
{"uuid":"1f11e10f-ce91-5ab2-8dc4-2926b533257a","tboxUUID":"d19fa32c-b562-5380-957f-32f5a6a67a9f","name":"InformationFlow.ItemFlow"}
{"uuid":"2063fb8c-b3aa-5a09-8ff9-406ec61c393e","tboxUUID":"d19fa32c-b562-5380-957f-32f5a6a67a9f","name":"Operation.Allocated"}
{"uuid":"208b0f20-c1d7-5942-95bd-517633ce3fe1","tboxUUID":"d19fa32c-b562-5380-957f-32f5a6a67a9f","name":"MergeNode.RequirementRelated"}
{"uuid":"20934bc4-f668-55aa-964f-13c52cb33008","tboxUUID":"d19fa32c-b562-5380-957f-32f5a6a67a9f","name":"CommunicationPath.Allocated"}
{"uuid":"21149535-95dd-5e74-a230-23bbb09f1922","tboxUUID":"d19fa32c-b562-5380-957f-32f5a6a67a9f","name":"UnmarshallAction.RequirementRelated"}
{"uuid":"21274fa0-dbd6-56ba-bb59-b84ca14b3420","tboxUUID":"d19fa32c-b562-5380-957f-32f5a6a67a9f","name":"Node.Allocated"}
{"uuid":"2130e9a0-8fc6-5356-a196-1a435a8b40d6","tboxUUID":"d19fa32c-b562-5380-957f-32f5a6a67a9f","name":"Manifestation.Trace.Satisfy"}
{"uuid":"213a1557-29a8-5bdb-bc47-070393f60190","tboxUUID":"d19fa32c-b562-5380-957f-32f5a6a67a9f","name":"Include.Allocated"}
{"uuid":"21c761fb-5250-596f-a4e0-6ae053f3125d","tboxUUID":"d19fa32c-b562-5380-957f-32f5a6a67a9f","name":"GeneralOrdering.RequirementRelated"}
{"uuid":"2277f71d-8ef9-53a2-b791-a7e0798c0c6a","tboxUUID":"d19fa32c-b562-5380-957f-32f5a6a67a9f","name":"AddVariableValueAction.Allocated"}
{"uuid":"22de0060-6729-545e-bbed-c632f3ca069c","tboxUUID":"d19fa32c-b562-5380-957f-32f5a6a67a9f","name":"Artifact.Allocated"}
{"uuid":"22f6a2c4-783b-553d-bad8-9c933f9ac92d","tboxUUID":"d19fa32c-b562-5380-957f-32f5a6a67a9f","name":"Connector.RequirementRelated"}
{"uuid":"24098b25-d47a-5d29-97a9-1d54254ee008","tboxUUID":"d19fa32c-b562-5380-957f-32f5a6a67a9f","name":"CallBehaviorAction.Allocated"}
{"uuid":"24db89d6-6bca-5a59-b6dc-2ea6a60b1c0a","tboxUUID":"d19fa32c-b562-5380-957f-32f5a6a67a9f","name":"LiteralBoolean.Allocated"}
{"uuid":"26966d58-3f61-54ca-ad50-6dabf322f516","tboxUUID":"d19fa32c-b562-5380-957f-32f5a6a67a9f","name":"ReduceAction.Allocated"}
{"uuid":"270f07aa-b839-55e4-882e-94c7fac049f0","tboxUUID":"d19fa32c-b562-5380-957f-32f5a6a67a9f","name":"ExpansionNode.Allocated"}
{"uuid":"2713535f-4de5-522f-b4cc-6850c84840be","tboxUUID":"d19fa32c-b562-5380-957f-32f5a6a67a9f","name":"TestIdentityAction.Allocated"}
{"uuid":"27a474df-1e3a-5a75-80c4-a4ae9f25c40f","tboxUUID":"d19fa32c-b562-5380-957f-32f5a6a67a9f","name":"BehaviorExecutionSpecification.Allocated"}
{"uuid":"27dbdffd-23fd-5dc0-8a1e-8eaefad16435","tboxUUID":"d19fa32c-b562-5380-957f-32f5a6a67a9f","name":"ActivityParameterNode.Overwrite"}
{"uuid":"285f2b69-68e8-533d-ba3a-808b832a35a5","tboxUUID":"d19fa32c-b562-5380-957f-32f5a6a67a9f","name":"InteractionConstraint.Allocated"}
{"uuid":"289791b8-d11f-5ef8-aa31-4b499ae1df72","tboxUUID":"d19fa32c-b562-5380-957f-32f5a6a67a9f","name":"FunctionBehavior.TestCase"}
{"uuid":"29bd168f-129a-58ba-a5d8-1cb0c0a8a4b6","tboxUUID":"d19fa32c-b562-5380-957f-32f5a6a67a9f","name":"DataType.RequirementRelated"}
{"uuid":"29dc0097-52e4-54cd-b69f-91bf476da50b","tboxUUID":"d19fa32c-b562-5380-957f-32f5a6a67a9f","name":"Abstraction.Trace.Copy"}
{"uuid":"2a0d9080-4f0a-55ae-92e4-0295ff98e6f7","tboxUUID":"d19fa32c-b562-5380-957f-32f5a6a67a9f","name":"Variable.Allocated"}
{"uuid":"2ac0e1f9-fc0c-538d-b07f-4f3e7d877580","tboxUUID":"d19fa32c-b562-5380-957f-32f5a6a67a9f","name":"GeneralizationSet.RequirementRelated"}
{"uuid":"2b29c4d1-0f26-57dd-aa5c-f28d18e574de","tboxUUID":"d19fa32c-b562-5380-957f-32f5a6a67a9f","name":"FlowFinalNode.RequirementRelated"}
{"uuid":"2b781354-df54-5004-9015-fd96f6470684","tboxUUID":"d19fa32c-b562-5380-957f-32f5a6a67a9f","name":"Reception.Allocated"}
{"uuid":"2bffc3e4-5050-5e52-bc79-b4e398f5cb15","tboxUUID":"d19fa32c-b562-5380-957f-32f5a6a67a9f","name":"Connector.Allocated"}
{"uuid":"2cdffd68-6549-5585-b18f-73a93f9cb5b3","tboxUUID":"d19fa32c-b562-5380-957f-32f5a6a67a9f","name":"Manifestation.Trace.Copy"}
{"uuid":"2d6f4509-d655-5db3-b9e6-6b150674166b","tboxUUID":"d19fa32c-b562-5380-957f-32f5a6a67a9f","name":"OpaqueExpression.Allocated"}
{"uuid":"2e6c6f54-4d30-52fe-a6a6-0c93f3997853","tboxUUID":"d19fa32c-b562-5380-957f-32f5a6a67a9f","name":"Gate.RequirementRelated"}
{"uuid":"309daad0-bdb0-51b3-bdee-dfa2fa8e4ce9","tboxUUID":"d19fa32c-b562-5380-957f-32f5a6a67a9f","name":"SequenceNode.RequirementRelated"}
{"uuid":"30ea0884-28da-582c-bc1b-5358c8c7d62b","tboxUUID":"d19fa32c-b562-5380-957f-32f5a6a67a9f","name":"FinalState.RequirementRelated"}
{"uuid":"32047fc4-073e-5761-9861-25cfccfa25a8","tboxUUID":"d19fa32c-b562-5380-957f-32f5a6a67a9f","name":"ReadStructuralFeatureAction.RequirementRelated"}
{"uuid":"3244c164-f10e-5c77-b468-648a0756fc62","tboxUUID":"d19fa32c-b562-5380-957f-32f5a6a67a9f","name":"Usage.RequirementRelated"}
{"uuid":"33d307bd-96f3-5684-8cd6-916fae5fd512","tboxUUID":"d19fa32c-b562-5380-957f-32f5a6a67a9f","name":"CreateObjectAction.Allocated"}
{"uuid":"34140a9a-733b-5e18-802c-b222ba5a246e","tboxUUID":"d19fa32c-b562-5380-957f-32f5a6a67a9f","name":"ActionInputPin.RequirementRelated"}
{"uuid":"34a8dc4c-ce24-504d-be89-2111ad3a4b1c","tboxUUID":"d19fa32c-b562-5380-957f-32f5a6a67a9f","name":"Deployment.RequirementRelated"}
{"uuid":"34d2f518-0f5b-5c76-9152-8bb56a40481f","tboxUUID":"d19fa32c-b562-5380-957f-32f5a6a67a9f","name":"ConditionalNode.Allocated"}
{"uuid":"35833734-37d3-569d-9120-efd0d7770e4d","tboxUUID":"d19fa32c-b562-5380-957f-32f5a6a67a9f","name":"ObjectFlow.Allocated"}
{"uuid":"365e3908-8061-5d3d-963c-6cbe1b8a7777","tboxUUID":"d19fa32c-b562-5380-957f-32f5a6a67a9f","name":"RemoveVariableValueAction.Allocated"}
{"uuid":"36c14341-76b8-501e-8d8e-49f0115e2841","tboxUUID":"d19fa32c-b562-5380-957f-32f5a6a67a9f","name":"Interaction.RequirementRelated"}
{"uuid":"375abd68-e808-5afb-8e1c-f446c1c259c4","tboxUUID":"d19fa32c-b562-5380-957f-32f5a6a67a9f","name":"Realization.Allocate"}
{"uuid":"38299f0a-ca46-5456-8839-40c0bfcb607d","tboxUUID":"d19fa32c-b562-5380-957f-32f5a6a67a9f","name":"Activity.RequirementRelated"}
{"uuid":"39a49ce6-d613-56e6-96db-bb087bf78731","tboxUUID":"d19fa32c-b562-5380-957f-32f5a6a67a9f","name":"Port.ConstraintProperty"}
{"uuid":"39cfdac1-d2b1-5d30-a3dc-53f80b71f086","tboxUUID":"d19fa32c-b562-5380-957f-32f5a6a67a9f","name":"TimeInterval.RequirementRelated"}
{"uuid":"3a29448f-7b18-587e-a9d7-721f1c79b4bb","tboxUUID":"d19fa32c-b562-5380-957f-32f5a6a67a9f","name":"Abstraction.RequirementRelated"}
{"uuid":"3a4ac48e-17f8-554a-940b-459cf59ee79a","tboxUUID":"d19fa32c-b562-5380-957f-32f5a6a67a9f","name":"ReadExtentAction.RequirementRelated"}
{"uuid":"3a77b2a6-e880-5d14-b018-773b81606ae4","tboxUUID":"d19fa32c-b562-5380-957f-32f5a6a67a9f","name":"DeploymentSpecification.RequirementRelated"}
{"uuid":"3b7393e5-bbfa-586b-8d52-e9fc4fb25c60","tboxUUID":"d19fa32c-b562-5380-957f-32f5a6a67a9f","name":"TimeObservation.Allocated"}
{"uuid":"3b86e389-890b-5289-afdd-21caa9af17b3","tboxUUID":"d19fa32c-b562-5380-957f-32f5a6a67a9f","name":"LoopNode.RequirementRelated"}
{"uuid":"3bac699e-e8fd-5007-8fa5-01c63d4cf68b","tboxUUID":"d19fa32c-b562-5380-957f-32f5a6a67a9f","name":"OpaqueBehavior.TestCase"}
{"uuid":"3c390e9e-bafa-5276-a51c-532ade451d4c","tboxUUID":"d19fa32c-b562-5380-957f-32f5a6a67a9f","name":"ReadIsClassifiedObjectAction.Allocated"}
{"uuid":"3c768d12-e54e-507d-a8bf-e4306556484c","tboxUUID":"d19fa32c-b562-5380-957f-32f5a6a67a9f","name":"InstanceValue.Allocated"}
{"uuid":"3cb1434e-9777-52a1-a99d-f7411535586c","tboxUUID":"d19fa32c-b562-5380-957f-32f5a6a67a9f","name":"Component.RequirementRelated"}
{"uuid":"3d5306e5-4e47-5059-8ff9-89ffe3490e16","tboxUUID":"d19fa32c-b562-5380-957f-32f5a6a67a9f","name":"TimeEvent.Allocated"}
{"uuid":"3dd6ce93-8b69-5543-94a5-fb4db8dfe24c","tboxUUID":"d19fa32c-b562-5380-957f-32f5a6a67a9f","name":"Property.DistributedProperty"}
{"uuid":"3e5b367f-f512-50dc-8314-b34bf2edc1f0","tboxUUID":"d19fa32c-b562-5380-957f-32f5a6a67a9f","name":"DurationInterval.Allocated"}
{"uuid":"3f071667-fcae-5d59-bea5-3018ae144848","tboxUUID":"d19fa32c-b562-5380-957f-32f5a6a67a9f","name":"Interaction.TestCase"}
{"uuid":"3f199fee-c70a-58ea-8146-ec6cf830c2ca","tboxUUID":"d19fa32c-b562-5380-957f-32f5a6a67a9f","name":"DataStoreNode.NoBuffer"}
{"uuid":"3fe27b21-f077-554a-86c6-c3d6e73e7f55","tboxUUID":"d19fa32c-b562-5380-957f-32f5a6a67a9f","name":"AssociationClass.RequirementRelated"}
{"uuid":"40f8d5f0-4e4a-53b5-bc13-3ab42cbb99c9","tboxUUID":"d19fa32c-b562-5380-957f-32f5a6a67a9f","name":"ComponentRealization.Trace.DeriveReqt"}
{"uuid":"420c93cc-fffc-5b61-bf6d-fd7395e05ff0","tboxUUID":"d19fa32c-b562-5380-957f-32f5a6a67a9f","name":"OutputPin.Allocated"}
{"uuid":"43c833c6-af32-57cb-84f7-079f48293180","tboxUUID":"d19fa32c-b562-5380-957f-32f5a6a67a9f","name":"InputPin.NoBuffer"}
{"uuid":"441ba694-a7b2-5e6e-8625-3f16d557e5d1","tboxUUID":"d19fa32c-b562-5380-957f-32f5a6a67a9f","name":"InteractionOperand.Allocated"}
{"uuid":"442c40ae-23c3-50fb-8a6c-93b1ab3a2818","tboxUUID":"d19fa32c-b562-5380-957f-32f5a6a67a9f","name":"Port.Allocated"}
{"uuid":"44cceab8-f8fd-57ef-bdfe-5c16fc0704bf","tboxUUID":"d19fa32c-b562-5380-957f-32f5a6a67a9f","name":"ActionExecutionSpecification.Allocated"}
{"uuid":"44e60e99-789b-5f21-b6a3-cd9457be346c","tboxUUID":"d19fa32c-b562-5380-957f-32f5a6a67a9f","name":"Trigger.TriggerOnNestedPort"}
{"uuid":"44ebbc77-8ea1-51fd-9002-22e79eb54f8b","tboxUUID":"d19fa32c-b562-5380-957f-32f5a6a67a9f","name":"Device.Allocated"}
{"uuid":"45e9acf4-e917-5276-9982-391f76e12b0b","tboxUUID":"d19fa32c-b562-5380-957f-32f5a6a67a9f","name":"ReadSelfAction.Allocated"}
{"uuid":"460f6866-45db-511b-ae7a-440459e4f637","tboxUUID":"d19fa32c-b562-5380-957f-32f5a6a67a9f","name":"RaiseExceptionAction.RequirementRelated"}
{"uuid":"462eda22-b0c3-5f6c-be31-822ee0ffa40a","tboxUUID":"d19fa32c-b562-5380-957f-32f5a6a67a9f","name":"Lifeline.Allocated"}
{"uuid":"4656b277-f9c6-5774-9968-3097250d924f","tboxUUID":"d19fa32c-b562-5380-957f-32f5a6a67a9f","name":"ProtocolStateMachine.RequirementRelated"}
{"uuid":"48277c2f-4ade-550e-bffa-0e5dc3209043","tboxUUID":"d19fa32c-b562-5380-957f-32f5a6a67a9f","name":"Model.RequirementRelated"}
{"uuid":"488ad621-23fc-5927-a121-4ade68d9ea76","tboxUUID":"d19fa32c-b562-5380-957f-32f5a6a67a9f","name":"TimeInterval.Allocated"}
{"uuid":"48de278a-c98a-58f2-9841-bc1c5d3badbe","tboxUUID":"d19fa32c-b562-5380-957f-32f5a6a67a9f","name":"ObjectFlow.Rate.Continuous"}
{"uuid":"49798870-59d2-5558-bd62-4096ee465434","tboxUUID":"d19fa32c-b562-5380-957f-32f5a6a67a9f","name":"LiteralNull.Allocated"}
{"uuid":"4980f0f1-cdb0-5334-a19a-1969beeb40a5","tboxUUID":"d19fa32c-b562-5380-957f-32f5a6a67a9f","name":"ProtocolStateMachine.Block"}
{"uuid":"49b8f390-a0dc-5e51-b257-30ba8c154014","tboxUUID":"d19fa32c-b562-5380-957f-32f5a6a67a9f","name":"Duration.RequirementRelated"}
{"uuid":"49c81b23-f4b7-5396-8651-e6f5ccf4efc5","tboxUUID":"d19fa32c-b562-5380-957f-32f5a6a67a9f","name":"SignalEvent.RequirementRelated"}
{"uuid":"49cd4d87-a128-5a80-854d-584ecb72415b","tboxUUID":"d19fa32c-b562-5380-957f-32f5a6a67a9f","name":"RemoveStructuralFeatureValueAction.Allocated"}
{"uuid":"4b330906-4c13-5df8-884b-c43d9f7d74db","tboxUUID":"d19fa32c-b562-5380-957f-32f5a6a67a9f","name":"ComponentRealization.Trace.Copy"}
{"uuid":"4bdee957-02b1-5133-9214-6b47d314e660","tboxUUID":"d19fa32c-b562-5380-957f-32f5a6a67a9f","name":"ReadExtentAction.Allocated"}
{"uuid":"4defe6b2-9bd3-56eb-921d-ac3f590c9c58","tboxUUID":"d19fa32c-b562-5380-957f-32f5a6a67a9f","name":"CentralBufferNode.Allocated"}
{"uuid":"4e2603fa-c07b-5ad0-9c15-1e93e8856325","tboxUUID":"d19fa32c-b562-5380-957f-32f5a6a67a9f","name":"StateInvariant.RequirementRelated"}
{"uuid":"4e412657-9627-5c2a-9722-c4642c16e96d","tboxUUID":"d19fa32c-b562-5380-957f-32f5a6a67a9f","name":"Include.RequirementRelated"}
{"uuid":"4e71e196-525f-5520-90ac-cfaf682bd8b5","tboxUUID":"d19fa32c-b562-5380-957f-32f5a6a67a9f","name":"CollaborationUse.Allocated"}
{"uuid":"4ed2700e-e9c4-5165-a7b8-6a0f749f1cc3","tboxUUID":"d19fa32c-b562-5380-957f-32f5a6a67a9f","name":"DurationInterval.RequirementRelated"}
{"uuid":"4ef94f7f-a494-5b12-8e2b-3d7da33960d5","tboxUUID":"d19fa32c-b562-5380-957f-32f5a6a67a9f","name":"Signal.Allocated"}
{"uuid":"4f082489-3e3a-5204-8e8e-d21bde34f914","tboxUUID":"d19fa32c-b562-5380-957f-32f5a6a67a9f","name":"Enumeration.RequirementRelated"}
{"uuid":"4f22862a-2190-56c6-ac1e-f500b6a341a3","tboxUUID":"d19fa32c-b562-5380-957f-32f5a6a67a9f","name":"InstanceSpecification.Allocated"}
{"uuid":"512a35ff-441b-5323-95a3-3ac03504283b","tboxUUID":"d19fa32c-b562-5380-957f-32f5a6a67a9f","name":"Operation.ControlOperator"}
{"uuid":"513b083f-9963-5ad4-a57d-4ba768e6881f","tboxUUID":"d19fa32c-b562-5380-957f-32f5a6a67a9f","name":"Usage.Allocated"}
{"uuid":"5142fae8-2dce-539b-a285-e9bfefbb32c8","tboxUUID":"d19fa32c-b562-5380-957f-32f5a6a67a9f","name":"StartObjectBehaviorAction.Allocated"}
{"uuid":"525894e0-0b0c-5095-8cfc-d29fdad2b609","tboxUUID":"d19fa32c-b562-5380-957f-32f5a6a67a9f","name":"MessageOccurrenceSpecification.Allocated"}
{"uuid":"52652fff-3064-539d-a020-544f0d79f53d","tboxUUID":"d19fa32c-b562-5380-957f-32f5a6a67a9f","name":"Component.PropertySpecificType"}
{"uuid":"53e8e93e-b463-5a1b-bb90-9c7991663da3","tboxUUID":"d19fa32c-b562-5380-957f-32f5a6a67a9f","name":"OpaqueBehavior.Block"}
{"uuid":"53efaab4-278c-5941-9a6d-a24535e5b846","tboxUUID":"d19fa32c-b562-5380-957f-32f5a6a67a9f","name":"LiteralUnlimitedNatural.RequirementRelated"}
{"uuid":"548cfc5a-79c5-5ce7-939d-c6aa3706a512","tboxUUID":"d19fa32c-b562-5380-957f-32f5a6a67a9f","name":"Component.Viewpoint"}
{"uuid":"54b044f8-f2a0-5dc1-8927-248e48347ab9","tboxUUID":"d19fa32c-b562-5380-957f-32f5a6a67a9f","name":"ControlFlow.Rate"}
{"uuid":"5539d22e-fc56-5315-b1d6-31670b5ab2e0","tboxUUID":"d19fa32c-b562-5380-957f-32f5a6a67a9f","name":"Abstraction.Trace.DeriveReqt"}
{"uuid":"55fe4027-d243-5f0c-aa4e-864df91db313","tboxUUID":"d19fa32c-b562-5380-957f-32f5a6a67a9f","name":"Interval.RequirementRelated"}
{"uuid":"56a71dd5-c60e-5da4-8418-d9e43305099f","tboxUUID":"d19fa32c-b562-5380-957f-32f5a6a67a9f","name":"AnyReceiveEvent.RequirementRelated"}
{"uuid":"57183f97-3d65-59d2-bf01-8b8779b3531f","tboxUUID":"d19fa32c-b562-5380-957f-32f5a6a67a9f","name":"Component.Block.ConstraintBlock"}
{"uuid":"584ed00f-8213-5788-87a0-71195239a857","tboxUUID":"d19fa32c-b562-5380-957f-32f5a6a67a9f","name":"CombinedFragment.RequirementRelated"}
{"uuid":"58fa9b53-23f5-5408-a83a-98efbdee6dfb","tboxUUID":"d19fa32c-b562-5380-957f-32f5a6a67a9f","name":"ActivityPartition.AllocateActivityPartition"}
{"uuid":"594a1975-0bad-560b-b175-29f0635ea438","tboxUUID":"d19fa32c-b562-5380-957f-32f5a6a67a9f","name":"ReduceAction.RequirementRelated"}
{"uuid":"594d0bbb-cdb3-5196-8853-e7df02a43cd5","tboxUUID":"d19fa32c-b562-5380-957f-32f5a6a67a9f","name":"InterfaceRealization.Trace.Verify"}
{"uuid":"59f7073c-6dbb-56a0-9b45-5163ab290f3a","tboxUUID":"d19fa32c-b562-5380-957f-32f5a6a67a9f","name":"FunctionBehavior.ControlOperator"}
{"uuid":"5a249815-4d77-53d7-a95c-28d6c39e509e","tboxUUID":"d19fa32c-b562-5380-957f-32f5a6a67a9f","name":"Property.FlowProperty"}
{"uuid":"5a679633-7346-5bd6-9db8-47f2afe31199","tboxUUID":"d19fa32c-b562-5380-957f-32f5a6a67a9f","name":"ExecutionOccurrenceSpecification.RequirementRelated"}
{"uuid":"5aa89c91-580d-54a4-aae9-5335f7552cc7","tboxUUID":"d19fa32c-b562-5380-957f-32f5a6a67a9f","name":"Comment.Rationale"}
{"uuid":"5b028742-42ae-5a53-8ac0-8e2dd4df3ab9","tboxUUID":"d19fa32c-b562-5380-957f-32f5a6a67a9f","name":"Enumeration.ValueType"}
{"uuid":"5bb55e87-040e-5661-adca-6934ca0c1093","tboxUUID":"d19fa32c-b562-5380-957f-32f5a6a67a9f","name":"DurationConstraint.Allocated"}
{"uuid":"5c9afa4f-1e6b-5781-8e50-e66f57949e9c","tboxUUID":"d19fa32c-b562-5380-957f-32f5a6a67a9f","name":"Dependency.RequirementRelated"}
{"uuid":"5cce7a25-a798-5020-8be3-37653aca71a2","tboxUUID":"d19fa32c-b562-5380-957f-32f5a6a67a9f","name":"Port.ParticipantProperty"}
{"uuid":"5cdd9809-8b9c-5451-8041-42fa2a862c91","tboxUUID":"d19fa32c-b562-5380-957f-32f5a6a67a9f","name":"ParameterSet.RequirementRelated"}
{"uuid":"5d28fb1b-f130-59e6-b598-000198533eec","tboxUUID":"d19fa32c-b562-5380-957f-32f5a6a67a9f","name":"DataType.PropertySpecificType"}
{"uuid":"5d50aee1-9d0d-56d0-9369-dbb5c37ee579","tboxUUID":"d19fa32c-b562-5380-957f-32f5a6a67a9f","name":"InterfaceRealization.Trace.Satisfy"}
{"uuid":"5d73d2ea-140e-5e36-b1d9-82270a67d082","tboxUUID":"d19fa32c-b562-5380-957f-32f5a6a67a9f","name":"FinalState.Allocated"}
{"uuid":"5dbc8fb6-151a-592e-90f5-a07c50065fa7","tboxUUID":"d19fa32c-b562-5380-957f-32f5a6a67a9f","name":"StateMachine.ControlOperator"}
{"uuid":"5e3fd98e-aba2-573d-a0a4-8e12f71d2f04","tboxUUID":"d19fa32c-b562-5380-957f-32f5a6a67a9f","name":"ChangeEvent.Allocated"}
{"uuid":"5ef15135-8242-57fd-aa25-d8405d517fcd","tboxUUID":"d19fa32c-b562-5380-957f-32f5a6a67a9f","name":"PartDecomposition.Allocated"}
{"uuid":"5f817fbc-58d6-5d6d-9e71-d9368cd59888","tboxUUID":"d19fa32c-b562-5380-957f-32f5a6a67a9f","name":"ChangeEvent.ChangeStructuralFeatureEvent"}
{"uuid":"6280507b-e921-5be3-aa22-77edef72f136","tboxUUID":"d19fa32c-b562-5380-957f-32f5a6a67a9f","name":"ComponentRealization.Trace.Verify"}
{"uuid":"631aa8a4-fe36-589f-820a-a2b541c32d6d","tboxUUID":"d19fa32c-b562-5380-957f-32f5a6a67a9f","name":"Enumeration.Allocated"}
{"uuid":"63214d98-fc3a-5419-a143-cf93d7fb209b","tboxUUID":"d19fa32c-b562-5380-957f-32f5a6a67a9f","name":"ObjectFlow.RequirementRelated"}
{"uuid":"637d1d58-68cf-5fb3-ae8a-0f7616651772","tboxUUID":"d19fa32c-b562-5380-957f-32f5a6a67a9f","name":"Parameter.Optional"}
{"uuid":"63fc23ef-e395-568a-89df-6681fa3b7035","tboxUUID":"d19fa32c-b562-5380-957f-32f5a6a67a9f","name":"LoopNode.Allocated"}
{"uuid":"652be735-c734-5efc-982e-df7a1833b88d","tboxUUID":"d19fa32c-b562-5380-957f-32f5a6a67a9f","name":"Continuation.Allocated"}
{"uuid":"653a7fcb-048f-5bdb-b821-df88ac5738c3","tboxUUID":"d19fa32c-b562-5380-957f-32f5a6a67a9f","name":"OutputPin.NoBuffer"}
{"uuid":"6563562a-5769-5f8e-b238-a3865a005362","tboxUUID":"d19fa32c-b562-5380-957f-32f5a6a67a9f","name":"ForkNode.Allocated"}
{"uuid":"65de2880-dc90-5145-bfc5-39f5a8e6c470","tboxUUID":"d19fa32c-b562-5380-957f-32f5a6a67a9f","name":"SequenceNode.Allocated"}
{"uuid":"66327263-e9f8-5eca-afe4-176f9fa5f9d6","tboxUUID":"d19fa32c-b562-5380-957f-32f5a6a67a9f","name":"InputPin.Overwrite"}
{"uuid":"665d422a-d9ad-51c8-abd3-4c7e31052a31","tboxUUID":"d19fa32c-b562-5380-957f-32f5a6a67a9f","name":"Component.Block"}
{"uuid":"66ab14c5-4d57-5214-ab39-fe34051ac505","tboxUUID":"d19fa32c-b562-5380-957f-32f5a6a67a9f","name":"ActivityFinalNode.RequirementRelated"}
{"uuid":"66b58e82-cea9-5a99-a90a-635cc609f8ce","tboxUUID":"d19fa32c-b562-5380-957f-32f5a6a67a9f","name":"ClearAssociationAction.RequirementRelated"}
{"uuid":"66e591bb-bb94-5a04-bde5-7946bec51ca7","tboxUUID":"d19fa32c-b562-5380-957f-32f5a6a67a9f","name":"ControlFlow.Allocated"}
{"uuid":"66eb3194-3eca-58d7-8b01-bcdcbcd3a19c","tboxUUID":"d19fa32c-b562-5380-957f-32f5a6a67a9f","name":"DataStoreNode.RequirementRelated"}
{"uuid":"67132c96-bb65-5b9b-8c59-3e2a9280939a","tboxUUID":"d19fa32c-b562-5380-957f-32f5a6a67a9f","name":"ComponentRealization.Conform"}
{"uuid":"67257650-1302-5ce8-97dc-e426d8fc81f9","tboxUUID":"d19fa32c-b562-5380-957f-32f5a6a67a9f","name":"ExtensionPoint.Allocated"}
{"uuid":"68072b6b-235e-5672-8560-78a35d9be90a","tboxUUID":"d19fa32c-b562-5380-957f-32f5a6a67a9f","name":"Realization.Conform"}
{"uuid":"687f265d-00f0-5851-adcf-2b495b588349","tboxUUID":"d19fa32c-b562-5380-957f-32f5a6a67a9f","name":"Class.Requirement"}
{"uuid":"688deb16-e7f4-55d0-be00-35e62f5b5a77","tboxUUID":"d19fa32c-b562-5380-957f-32f5a6a67a9f","name":"BroadcastSignalAction.InvocationOnNestedPortAction"}
{"uuid":"68dc45f8-6e1c-5af2-8042-1582096666f8","tboxUUID":"d19fa32c-b562-5380-957f-32f5a6a67a9f","name":"InterfaceRealization.Allocate"}
{"uuid":"69911a81-5cc3-5755-881b-9d42f5a61737","tboxUUID":"d19fa32c-b562-5380-957f-32f5a6a67a9f","name":"ClearVariableAction.Allocated"}
{"uuid":"69c94852-b181-5b55-a135-4d960fca39e2","tboxUUID":"d19fa32c-b562-5380-957f-32f5a6a67a9f","name":"State.RequirementRelated"}
{"uuid":"69eb6004-f103-5aa0-b911-f59bc4fa6203","tboxUUID":"d19fa32c-b562-5380-957f-32f5a6a67a9f","name":"Region.RequirementRelated"}
{"uuid":"6a10a4e9-4984-56f5-8746-e0718422ea77","tboxUUID":"d19fa32c-b562-5380-957f-32f5a6a67a9f","name":"AssociationClass.Block"}
{"uuid":"6a2857ae-ffbd-5187-8869-0ad00eabbfd0","tboxUUID":"d19fa32c-b562-5380-957f-32f5a6a67a9f","name":"Interaction.Allocated"}
{"uuid":"6ab3bc9f-2698-5542-abbf-abba32c66dff","tboxUUID":"d19fa32c-b562-5380-957f-32f5a6a67a9f","name":"UnmarshallAction.Allocated"}
{"uuid":"6acea8c3-d393-5dd1-b499-7c28d4cff3ac","tboxUUID":"d19fa32c-b562-5380-957f-32f5a6a67a9f","name":"ParameterSet.Allocated"}
{"uuid":"6b06a19e-df4e-550c-8d70-6f3681c5f533","tboxUUID":"d19fa32c-b562-5380-957f-32f5a6a67a9f","name":"CallOperationAction.RequirementRelated"}
{"uuid":"6bc5b395-e365-599f-9282-c343d8dd7e5b","tboxUUID":"d19fa32c-b562-5380-957f-32f5a6a67a9f","name":"ReadStructuralFeatureAction.Allocated"}
{"uuid":"6c87f1cc-4a56-56f2-a4e8-795701a95b05","tboxUUID":"d19fa32c-b562-5380-957f-32f5a6a67a9f","name":"Class.RequirementRelated"}
{"uuid":"6d5556eb-875f-5a4b-b2b0-1406bb31fc9e","tboxUUID":"d19fa32c-b562-5380-957f-32f5a6a67a9f","name":"StateMachine.Block"}
{"uuid":"6d6ccb88-7c1b-538e-b7a7-7b49b5784740","tboxUUID":"d19fa32c-b562-5380-957f-32f5a6a67a9f","name":"Component.Requirement"}
{"uuid":"6e39e3ea-60bc-5d58-b1dd-b7f61f778e86","tboxUUID":"d19fa32c-b562-5380-957f-32f5a6a67a9f","name":"LiteralReal.Allocated"}
{"uuid":"6fe8c532-37d2-5fda-b03a-1d44c62f61ed","tboxUUID":"d19fa32c-b562-5380-957f-32f5a6a67a9f","name":"Parameter.RequirementRelated"}
{"uuid":"706d28d5-b330-5861-bdb1-3f1f7f201da0","tboxUUID":"d19fa32c-b562-5380-957f-32f5a6a67a9f","name":"Package.RequirementRelated"}
{"uuid":"70b306b0-5c64-5450-b777-d99f4d15ab00","tboxUUID":"d19fa32c-b562-5380-957f-32f5a6a67a9f","name":"ConnectionPointReference.Allocated"}
{"uuid":"70b31de7-0cfa-5bea-a5b6-8eda37d8ea0d","tboxUUID":"d19fa32c-b562-5380-957f-32f5a6a67a9f","name":"CreateLinkObjectAction.RequirementRelated"}
{"uuid":"70becce5-9770-515d-805a-5d5ee14bfec4","tboxUUID":"d19fa32c-b562-5380-957f-32f5a6a67a9f","name":"Manifestation.Allocate"}
{"uuid":"72fd8161-40a1-572d-be1c-5086d7b3a424","tboxUUID":"d19fa32c-b562-5380-957f-32f5a6a67a9f","name":"Parameter.Allocated"}
{"uuid":"738e857e-3e61-51a9-86cf-a670c862a0e3","tboxUUID":"d19fa32c-b562-5380-957f-32f5a6a67a9f","name":"OpaqueExpression.RequirementRelated"}
{"uuid":"742de2e1-2d31-5625-8d05-aefe6a6c1f2a","tboxUUID":"d19fa32c-b562-5380-957f-32f5a6a67a9f","name":"ExpansionRegion.RequirementRelated"}
{"uuid":"743953ae-187c-5bd2-a102-efd8e70da53e","tboxUUID":"d19fa32c-b562-5380-957f-32f5a6a67a9f","name":"Reception.RequirementRelated"}
{"uuid":"753df122-31d8-5c5a-b02f-12f01888431f","tboxUUID":"d19fa32c-b562-5380-957f-32f5a6a67a9f","name":"SendObjectAction.InvocationOnNestedPortAction"}
{"uuid":"78b4a3fe-ef0f-5f29-a508-531493300494","tboxUUID":"d19fa32c-b562-5380-957f-32f5a6a67a9f","name":"Property.RequirementRelated"}
{"uuid":"79dae56b-fad3-558b-b90a-3c5b145070f3","tboxUUID":"d19fa32c-b562-5380-957f-32f5a6a67a9f","name":"Deployment.Conform"}
{"uuid":"7bad0179-055e-55de-a42d-59a80943f7bc","tboxUUID":"d19fa32c-b562-5380-957f-32f5a6a67a9f","name":"ExecutionEnvironment.RequirementRelated"}
{"uuid":"7c27cf8d-31f4-56bc-b4dd-5a1f304812f2","tboxUUID":"d19fa32c-b562-5380-957f-32f5a6a67a9f","name":"Port.DistributedProperty"}
{"uuid":"7d0bd187-9f85-5e59-8cd6-28be5fac055d","tboxUUID":"d19fa32c-b562-5380-957f-32f5a6a67a9f","name":"InterfaceRealization.Allocated"}
{"uuid":"7d72e411-2241-50eb-9871-c4f985d7fb8e","tboxUUID":"d19fa32c-b562-5380-957f-32f5a6a67a9f","name":"ConsiderIgnoreFragment.Allocated"}
{"uuid":"7e52e6ef-d827-5f1a-a952-83e91eb9d60f","tboxUUID":"d19fa32c-b562-5380-957f-32f5a6a67a9f","name":"Port.ProxyPort"}
{"uuid":"7e9615ba-b12e-53e4-95c1-f1be89c78517","tboxUUID":"d19fa32c-b562-5380-957f-32f5a6a67a9f","name":"ProtocolStateMachine.Viewpoint"}
{"uuid":"7ece5067-38be-51e4-b4d2-8d666acae31d","tboxUUID":"d19fa32c-b562-5380-957f-32f5a6a67a9f","name":"Realization.Trace.Satisfy"}
{"uuid":"7f183db6-0ea1-5682-b6c5-b4f1cc422256","tboxUUID":"d19fa32c-b562-5380-957f-32f5a6a67a9f","name":"ElementValue.Allocated"}
{"uuid":"7fcaf19d-89a5-593a-9c67-579054edeee6","tboxUUID":"d19fa32c-b562-5380-957f-32f5a6a67a9f","name":"Interaction.ControlOperator"}
{"uuid":"7fcdc6ee-3a8a-52cc-963b-25ea1a4babaf","tboxUUID":"d19fa32c-b562-5380-957f-32f5a6a67a9f","name":"InterfaceRealization.Trace.DeriveReqt"}
{"uuid":"80013dad-72d6-5a47-a019-854ba125fbd2","tboxUUID":"d19fa32c-b562-5380-957f-32f5a6a67a9f","name":"ExtensionPoint.RequirementRelated"}
{"uuid":"808eb073-5732-5fd2-a125-5a823c8318c7","tboxUUID":"d19fa32c-b562-5380-957f-32f5a6a67a9f","name":"ActivityParameterNode.RequirementRelated"}
{"uuid":"80fa6ed0-df61-523e-9680-e5c9a68d242b","tboxUUID":"d19fa32c-b562-5380-957f-32f5a6a67a9f","name":"Duration.Allocated"}
{"uuid":"815f2426-5498-5b35-a4a9-45ff6a7569e1","tboxUUID":"d19fa32c-b562-5380-957f-32f5a6a67a9f","name":"Signal.RequirementRelated"}
{"uuid":"81775659-3976-5e29-81f8-96e1422459bb","tboxUUID":"d19fa32c-b562-5380-957f-32f5a6a67a9f","name":"DestroyLinkAction.Allocated"}
{"uuid":"81df2937-368c-569c-bd1b-59a968bbdf27","tboxUUID":"d19fa32c-b562-5380-957f-32f5a6a67a9f","name":"OccurrenceSpecification.RequirementRelated"}
{"uuid":"8353e1d4-ac0e-5680-abda-691790fcdcb8","tboxUUID":"d19fa32c-b562-5380-957f-32f5a6a67a9f","name":"UseCase.Allocated"}
{"uuid":"847b2be8-27e6-5c7f-a38d-d6ac409b1a40","tboxUUID":"d19fa32c-b562-5380-957f-32f5a6a67a9f","name":"ReadSelfAction.RequirementRelated"}
{"uuid":"848d363c-f343-5c64-b7df-ecd21436c55f","tboxUUID":"d19fa32c-b562-5380-957f-32f5a6a67a9f","name":"Deployment.Allocated"}
{"uuid":"85486b72-b45a-5b83-b5db-877a2816b1af","tboxUUID":"d19fa32c-b562-5380-957f-32f5a6a67a9f","name":"State.Allocated"}
{"uuid":"8567bb4c-c93a-5586-a1e1-4927e68e562b","tboxUUID":"d19fa32c-b562-5380-957f-32f5a6a67a9f","name":"Package.Allocated"}
{"uuid":"85902f55-4656-5b43-9684-09e6ec2a85e2","tboxUUID":"d19fa32c-b562-5380-957f-32f5a6a67a9f","name":"TimeConstraint.RequirementRelated"}
{"uuid":"85d134b7-2dd5-5abf-b59f-3c09b3b6f8e9","tboxUUID":"d19fa32c-b562-5380-957f-32f5a6a67a9f","name":"ProtocolStateMachine.TestCase"}
{"uuid":"863cb3cc-47d2-5b9c-9b07-08c5e8c2821e","tboxUUID":"d19fa32c-b562-5380-957f-32f5a6a67a9f","name":"CallBehaviorAction.RequirementRelated"}
{"uuid":"86a1ea14-38e0-52d8-a4db-f523e0b79d1f","tboxUUID":"d19fa32c-b562-5380-957f-32f5a6a67a9f","name":"Interface.RequirementRelated"}
{"uuid":"86e0227d-333d-5b39-9b6b-2c1d835d67b3","tboxUUID":"d19fa32c-b562-5380-957f-32f5a6a67a9f","name":"CallEvent.Allocated"}
{"uuid":"87b0a140-71eb-561a-98b6-f9b50afdd58d","tboxUUID":"d19fa32c-b562-5380-957f-32f5a6a67a9f","name":"DurationObservation.RequirementRelated"}
{"uuid":"883690ee-aef2-5b04-8f50-30464b7e868a","tboxUUID":"d19fa32c-b562-5380-957f-32f5a6a67a9f","name":"Abstraction.Trace.Satisfy"}
{"uuid":"8873dd37-20eb-5a14-a3f6-9d064e5f8a0a","tboxUUID":"d19fa32c-b562-5380-957f-32f5a6a67a9f","name":"StartClassifierBehaviorAction.Allocated"}
{"uuid":"888884cd-0ce6-505a-8547-ed7c0a5c7bb6","tboxUUID":"d19fa32c-b562-5380-957f-32f5a6a67a9f","name":"Activity.ControlOperator"}
{"uuid":"8899d325-f95a-5c68-8c02-dce94ac02e9b","tboxUUID":"d19fa32c-b562-5380-957f-32f5a6a67a9f","name":"MessageOccurrenceSpecification.RequirementRelated"}
{"uuid":"893c666d-0087-52cf-be63-87e14dfba5d0","tboxUUID":"d19fa32c-b562-5380-957f-32f5a6a67a9f","name":"AcceptCallAction.Allocated"}
{"uuid":"89970c33-c27b-54aa-af17-efe4d8e9ea84","tboxUUID":"d19fa32c-b562-5380-957f-32f5a6a67a9f","name":"StructuredActivityNode.RequirementRelated"}
{"uuid":"8a424bee-df86-5a78-aa0a-c2982d35b54a","tboxUUID":"d19fa32c-b562-5380-957f-32f5a6a67a9f","name":"PrimitiveType.RequirementRelated"}
{"uuid":"8aa7c6d2-a843-507c-a546-7ca47358d69d","tboxUUID":"d19fa32c-b562-5380-957f-32f5a6a67a9f","name":"Component.Allocated"}
{"uuid":"8b566898-7597-52c8-a2f1-68b30fb02bb8","tboxUUID":"d19fa32c-b562-5380-957f-32f5a6a67a9f","name":"InteractionConstraint.RequirementRelated"}
{"uuid":"8c29c85c-b703-53ee-93b4-639e2dbf3a8f","tboxUUID":"d19fa32c-b562-5380-957f-32f5a6a67a9f","name":"ValuePin.NoBuffer"}
{"uuid":"8c70965c-dc1a-5cdf-ab32-8fa6543a08de","tboxUUID":"d19fa32c-b562-5380-957f-32f5a6a67a9f","name":"LiteralString.RequirementRelated"}
{"uuid":"8c8121e1-fdac-5dae-a6b3-1c6b8fc49d61","tboxUUID":"d19fa32c-b562-5380-957f-32f5a6a67a9f","name":"Profile.Allocated"}
{"uuid":"8db4d2e6-81a2-5ff5-b6e2-44b3febee00d","tboxUUID":"d19fa32c-b562-5380-957f-32f5a6a67a9f","name":"Constraint.RequirementRelated"}
{"uuid":"8e0ef1ff-ebfe-567d-a0c2-03c4d00c7eeb","tboxUUID":"d19fa32c-b562-5380-957f-32f5a6a67a9f","name":"Actor.RequirementRelated"}
{"uuid":"8e133814-3780-5c21-925d-f6ea114280e4","tboxUUID":"d19fa32c-b562-5380-957f-32f5a6a67a9f","name":"CollaborationUse.RequirementRelated"}
{"uuid":"8e559a93-9c37-52c3-8961-f4e433240c01","tboxUUID":"d19fa32c-b562-5380-957f-32f5a6a67a9f","name":"Substitution.Allocated"}
{"uuid":"8f7c8594-168f-5dcf-9c24-e92dd5746a26","tboxUUID":"d19fa32c-b562-5380-957f-32f5a6a67a9f","name":"ElementValue.RequirementRelated"}
{"uuid":"8feb3a6e-ed9b-5275-98a2-fc846321710f","tboxUUID":"d19fa32c-b562-5380-957f-32f5a6a67a9f","name":"StringExpression.Allocated"}
{"uuid":"90198f5c-5a1a-5f4e-9eca-1704c2781ec2","tboxUUID":"d19fa32c-b562-5380-957f-32f5a6a67a9f","name":"Usage.Conform"}
{"uuid":"9276394f-8d25-5a1c-8892-00d52c6267b2","tboxUUID":"d19fa32c-b562-5380-957f-32f5a6a67a9f","name":"ControlFlow.Rate.Discrete"}
{"uuid":"92e8d40d-65af-54c9-b7f6-b03caa3d2c63","tboxUUID":"d19fa32c-b562-5380-957f-32f5a6a67a9f","name":"LiteralReal.RequirementRelated"}
{"uuid":"95651bd1-9a70-5517-a598-46059a2ae418","tboxUUID":"d19fa32c-b562-5380-957f-32f5a6a67a9f","name":"CentralBufferNode.NoBuffer"}
{"uuid":"95b04a65-0f68-5293-a463-66b5f878db24","tboxUUID":"d19fa32c-b562-5380-957f-32f5a6a67a9f","name":"Activity.TestCase"}
{"uuid":"961f7b9e-4e7b-5f69-854c-e83544239e4a","tboxUUID":"d19fa32c-b562-5380-957f-32f5a6a67a9f","name":"AcceptEventAction.RequirementRelated"}
{"uuid":"968cd908-2c9c-53e4-b993-97159e9eed50","tboxUUID":"d19fa32c-b562-5380-957f-32f5a6a67a9f","name":"Parameter.Rate"}
{"uuid":"9713150e-611e-5b4f-b466-cb2b71e0c42f","tboxUUID":"d19fa32c-b562-5380-957f-32f5a6a67a9f","name":"DestroyObjectAction.Allocated"}
{"uuid":"971e1833-bb9c-555a-84ec-890a2c04319a","tboxUUID":"d19fa32c-b562-5380-957f-32f5a6a67a9f","name":"OpaqueBehavior.RequirementRelated"}
{"uuid":"97997005-7dad-5780-b5e3-e3a7975891c0","tboxUUID":"d19fa32c-b562-5380-957f-32f5a6a67a9f","name":"Actor.Allocated"}
{"uuid":"97a89306-2242-50b4-8b26-781fc238b73e","tboxUUID":"d19fa32c-b562-5380-957f-32f5a6a67a9f","name":"OccurrenceSpecification.Allocated"}
{"uuid":"9861d0b2-ebb6-505c-b3a7-f140b57bf734","tboxUUID":"d19fa32c-b562-5380-957f-32f5a6a67a9f","name":"ChangeEvent.RequirementRelated"}
{"uuid":"994c0cb0-1e7f-594f-8150-849d80374f6f","tboxUUID":"d19fa32c-b562-5380-957f-32f5a6a67a9f","name":"Extend.RequirementRelated"}
{"uuid":"99b34d13-d5cf-5fa2-a4d5-09f1a1433545","tboxUUID":"d19fa32c-b562-5380-957f-32f5a6a67a9f","name":"Substitution.Allocate"}
{"uuid":"9a50293c-cc39-56d7-863c-db0191c79e2e","tboxUUID":"d19fa32c-b562-5380-957f-32f5a6a67a9f","name":"Interface.FlowSpecification"}
{"uuid":"9a77cba9-ebd6-541a-8ffe-7462a323d32b","tboxUUID":"d19fa32c-b562-5380-957f-32f5a6a67a9f","name":"Pseudostate.Allocated"}
{"uuid":"9ae4672f-6bd5-5d13-b5c1-a7686c5c176c","tboxUUID":"d19fa32c-b562-5380-957f-32f5a6a67a9f","name":"AddVariableValueAction.RequirementRelated"}
{"uuid":"9bb32b8e-5dcb-5cc2-b3e2-e46aaabde8c8","tboxUUID":"d19fa32c-b562-5380-957f-32f5a6a67a9f","name":"ActivityPartition.Allocated"}
{"uuid":"9bc4afc7-1c97-5301-8b6d-a0c962323863","tboxUUID":"d19fa32c-b562-5380-957f-32f5a6a67a9f","name":"Association.Allocated"}
{"uuid":"9bf80dbb-b0dc-53b1-95ee-6e657cea4b9c","tboxUUID":"d19fa32c-b562-5380-957f-32f5a6a67a9f","name":"OpaqueBehavior.Allocated"}
{"uuid":"9cd939fd-8065-5a2f-8738-43132a6eb3d6","tboxUUID":"d19fa32c-b562-5380-957f-32f5a6a67a9f","name":"TimeEvent.RequirementRelated"}
{"uuid":"9d8b68cf-5ca2-5cdb-9677-53833e74e8a8","tboxUUID":"d19fa32c-b562-5380-957f-32f5a6a67a9f","name":"Manifestation.Trace.Verify"}
{"uuid":"9dd2779c-c645-5593-871a-813972cfe025","tboxUUID":"d19fa32c-b562-5380-957f-32f5a6a67a9f","name":"Substitution.RequirementRelated"}
{"uuid":"9e3d20a0-9741-53f5-ab14-760c7d1aa71e","tboxUUID":"d19fa32c-b562-5380-957f-32f5a6a67a9f","name":"Class.Allocated"}
{"uuid":"9e71ab60-0be9-5cd4-846a-c69d836b64ea","tboxUUID":"d19fa32c-b562-5380-957f-32f5a6a67a9f","name":"ReadIsClassifiedObjectAction.RequirementRelated"}
{"uuid":"9fcf9b3f-e195-56bc-aa57-7bd91cd6b5f3","tboxUUID":"d19fa32c-b562-5380-957f-32f5a6a67a9f","name":"ReclassifyObjectAction.RequirementRelated"}
{"uuid":"a020005f-78c2-5582-98c2-7e76f38730e7","tboxUUID":"d19fa32c-b562-5380-957f-32f5a6a67a9f","name":"TimeExpression.RequirementRelated"}
{"uuid":"a0c54fbf-d78c-5800-9155-f3b392085d7e","tboxUUID":"d19fa32c-b562-5380-957f-32f5a6a67a9f","name":"Class.Block.ConstraintBlock"}
{"uuid":"a1132456-79b3-5039-ad63-dbd1ad415c40","tboxUUID":"d19fa32c-b562-5380-957f-32f5a6a67a9f","name":"DecisionNode.RequirementRelated"}
{"uuid":"a2282168-ce5a-5bbc-928f-fadaff383713","tboxUUID":"d19fa32c-b562-5380-957f-32f5a6a67a9f","name":"ValueSpecificationAction.Allocated"}
{"uuid":"a234aa9d-d5d3-54ab-bbb9-7d3ddab48dc5","tboxUUID":"d19fa32c-b562-5380-957f-32f5a6a67a9f","name":"Lifeline.RequirementRelated"}
{"uuid":"a264fe48-dfbd-5037-98f2-455b2d5b1b99","tboxUUID":"d19fa32c-b562-5380-957f-32f5a6a67a9f","name":"BehaviorExecutionSpecification.RequirementRelated"}
{"uuid":"a2d61411-fb83-57e8-96f7-8081e37023ee","tboxUUID":"d19fa32c-b562-5380-957f-32f5a6a67a9f","name":"Message.Allocated"}
{"uuid":"a2ec55fd-0006-5998-8f7b-80fed74fe389","tboxUUID":"d19fa32c-b562-5380-957f-32f5a6a67a9f","name":"ExpansionRegion.Allocated"}
{"uuid":"a3f0a0be-595d-5e38-a152-01738a397a85","tboxUUID":"d19fa32c-b562-5380-957f-32f5a6a67a9f","name":"ReadVariableAction.Allocated"}
{"uuid":"a480a741-4507-5672-8fe0-7079a98c3587","tboxUUID":"d19fa32c-b562-5380-957f-32f5a6a67a9f","name":"ClearAssociationAction.Allocated"}
{"uuid":"a5e50750-7bff-56cc-9cc4-7d275de6360c","tboxUUID":"d19fa32c-b562-5380-957f-32f5a6a67a9f","name":"RemoveVariableValueAction.RequirementRelated"}
{"uuid":"a5f7deff-8cd6-5f10-ad2b-67b261059c80","tboxUUID":"d19fa32c-b562-5380-957f-32f5a6a67a9f","name":"Collaboration.Allocated"}
{"uuid":"a6750a0a-215c-59c1-ab89-fd1148907d90","tboxUUID":"d19fa32c-b562-5380-957f-32f5a6a67a9f","name":"AcceptCallAction.AcceptChangeStructuralFeatureEventAction"}
{"uuid":"a6bd5e69-14d6-517a-8b5f-4ef48132e14b","tboxUUID":"d19fa32c-b562-5380-957f-32f5a6a67a9f","name":"FunctionBehavior.Block"}
{"uuid":"a6fbe00e-8bcf-530f-991b-c582246ade5b","tboxUUID":"d19fa32c-b562-5380-957f-32f5a6a67a9f","name":"ExecutionEnvironment.Viewpoint"}
{"uuid":"a73cb3fa-7be3-5ca8-a614-6d98e5f23bd0","tboxUUID":"d19fa32c-b562-5380-957f-32f5a6a67a9f","name":"PartDecomposition.RequirementRelated"}
{"uuid":"a7478482-44b2-5760-8583-45cbb3e09fbc","tboxUUID":"d19fa32c-b562-5380-957f-32f5a6a67a9f","name":"CallOperationAction.Allocated"}
{"uuid":"a7b16c72-9173-5f44-bd15-447fd58d5da5","tboxUUID":"d19fa32c-b562-5380-957f-32f5a6a67a9f","name":"ReadLinkObjectEndAction.Allocated"}
{"uuid":"a7bd7349-7433-580d-8d37-1f3d08bd8251","tboxUUID":"d19fa32c-b562-5380-957f-32f5a6a67a9f","name":"InformationFlow.Allocated"}
{"uuid":"a8bc591c-2edb-56e2-afe8-5c52b8a02d88","tboxUUID":"d19fa32c-b562-5380-957f-32f5a6a67a9f","name":"BroadcastSignalAction.RequirementRelated"}
{"uuid":"a9f7cf05-d32d-54c9-b88a-d2c7b82b7b0a","tboxUUID":"d19fa32c-b562-5380-957f-32f5a6a67a9f","name":"Extend.Allocated"}
{"uuid":"aa5cb507-9c29-5354-8a27-44ba06cd1b8b","tboxUUID":"d19fa32c-b562-5380-957f-32f5a6a67a9f","name":"AcceptCallAction.RequirementRelated"}
{"uuid":"aa981164-bdee-54fa-95f9-07a62a5571e5","tboxUUID":"d19fa32c-b562-5380-957f-32f5a6a67a9f","name":"InterfaceRealization.Trace.Copy"}
{"uuid":"ab6917e7-fd86-5904-8b72-e92c963d13a4","tboxUUID":"d19fa32c-b562-5380-957f-32f5a6a67a9f","name":"Pseudostate.RequirementRelated"}
{"uuid":"ac0c7dec-9554-5387-adea-a4bf5a0d706d","tboxUUID":"d19fa32c-b562-5380-957f-32f5a6a67a9f","name":"Dependency.Conform"}
{"uuid":"ac2e9327-4903-5a05-916f-c0732146bd2a","tboxUUID":"d19fa32c-b562-5380-957f-32f5a6a67a9f","name":"Collaboration.RequirementRelated"}
{"uuid":"ac474a0a-5561-5a14-a961-5fa3c45c3620","tboxUUID":"d19fa32c-b562-5380-957f-32f5a6a67a9f","name":"Property.ConstraintProperty"}
{"uuid":"ac6aeea3-c745-5de3-ac86-128966d4ba18","tboxUUID":"d19fa32c-b562-5380-957f-32f5a6a67a9f","name":"Profile.View"}
{"uuid":"ad1d2a85-5f86-5ddf-953c-7d3a9958d12a","tboxUUID":"d19fa32c-b562-5380-957f-32f5a6a67a9f","name":"Operation.TestCase"}
{"uuid":"ad218f35-d455-561a-819c-141e257d737b","tboxUUID":"d19fa32c-b562-5380-957f-32f5a6a67a9f","name":"AssociationClass.Viewpoint"}
{"uuid":"ad35a547-f80b-5c31-b8b7-1f692030cb4e","tboxUUID":"d19fa32c-b562-5380-957f-32f5a6a67a9f","name":"ObjectFlow.Probability"}
{"uuid":"ad7500d5-915d-50da-9d87-bd3209e5f21d","tboxUUID":"d19fa32c-b562-5380-957f-32f5a6a67a9f","name":"ConnectionPointReference.RequirementRelated"}
{"uuid":"adf8c7bb-7ed8-5177-a7a3-1ce17c5a15f4","tboxUUID":"d19fa32c-b562-5380-957f-32f5a6a67a9f","name":"ValueSpecificationAction.RequirementRelated"}
{"uuid":"adf9f1bc-571b-5276-a5e5-ea0eabbf67ec","tboxUUID":"d19fa32c-b562-5380-957f-32f5a6a67a9f","name":"Parameter.Rate.Discrete"}
{"uuid":"b0390f39-6942-533a-8c0d-ce7ca852a2e9","tboxUUID":"d19fa32c-b562-5380-957f-32f5a6a67a9f","name":"Trigger.RequirementRelated"}
{"uuid":"b105d6a3-2e78-55e5-a0d2-f2d51b2af617","tboxUUID":"d19fa32c-b562-5380-957f-32f5a6a67a9f","name":"InterruptibleActivityRegion.RequirementRelated"}
{"uuid":"b133d438-0082-592e-b83c-484dc205dcfd","tboxUUID":"d19fa32c-b562-5380-957f-32f5a6a67a9f","name":"Dependency.Allocated"}
{"uuid":"b16d4a93-b735-5bd1-bfd7-433e27470584","tboxUUID":"d19fa32c-b562-5380-957f-32f5a6a67a9f","name":"Substitution.Trace.DeriveReqt"}
{"uuid":"b22f30d9-94c8-5984-90a6-5f39693ea6f5","tboxUUID":"d19fa32c-b562-5380-957f-32f5a6a67a9f","name":"ActionExecutionSpecification.RequirementRelated"}
{"uuid":"b2933778-9674-5cb5-be91-5b18bb56ee05","tboxUUID":"d19fa32c-b562-5380-957f-32f5a6a67a9f","name":"UseCase.RequirementRelated"}
{"uuid":"b2a008ef-6f81-5d73-af7d-6cbb65ec27be","tboxUUID":"d19fa32c-b562-5380-957f-32f5a6a67a9f","name":"Unit"}
{"uuid":"b3602e07-6978-54c1-ab0c-76d2e9a82821","tboxUUID":"d19fa32c-b562-5380-957f-32f5a6a67a9f","name":"ReclassifyObjectAction.Allocated"}
{"uuid":"b45e9e8c-ccc5-51ac-b95c-508b1a8fc4a7","tboxUUID":"d19fa32c-b562-5380-957f-32f5a6a67a9f","name":"CommunicationPath.RequirementRelated"}
{"uuid":"b4a2bbd7-d13c-556c-8dfa-dff184fcaba3","tboxUUID":"d19fa32c-b562-5380-957f-32f5a6a67a9f","name":"Device.RequirementRelated"}
{"uuid":"b51fb85a-1c8e-5765-ac4e-b878d827760f","tboxUUID":"d19fa32c-b562-5380-957f-32f5a6a67a9f","name":"ActivityFinalNode.Allocated"}
{"uuid":"b6b1e955-d327-5e28-bd0f-1500cf772ee4","tboxUUID":"d19fa32c-b562-5380-957f-32f5a6a67a9f","name":"InstanceValue.RequirementRelated"}
{"uuid":"b7231c25-a17b-501e-8ced-2e84ae06c3f0","tboxUUID":"d19fa32c-b562-5380-957f-32f5a6a67a9f","name":"InitialNode.RequirementRelated"}
{"uuid":"b7bfc255-4e76-521c-b28e-3dc93e456b53","tboxUUID":"d19fa32c-b562-5380-957f-32f5a6a67a9f","name":"Operation.DirectedFeature"}
{"uuid":"b848b36c-49a5-5806-8504-cce0699b3cf0","tboxUUID":"d19fa32c-b562-5380-957f-32f5a6a67a9f","name":"ComponentRealization.Trace.Satisfy"}
{"uuid":"bb865c2e-d4bd-57d9-a130-8292b4fb58d3","tboxUUID":"d19fa32c-b562-5380-957f-32f5a6a67a9f","name":"Port.DirectedFeature"}
{"uuid":"bbe1d9b5-6330-59fd-88e6-b9dfc3cf1f3f","tboxUUID":"d19fa32c-b562-5380-957f-32f5a6a67a9f","name":"Artifact.RequirementRelated"}
{"uuid":"bbe83d24-5b53-5c02-847e-ab503283be48","tboxUUID":"d19fa32c-b562-5380-957f-32f5a6a67a9f","name":"FlowFinalNode.Allocated"}
{"uuid":"bc2007ab-7821-5c39-b250-d471721b2dff","tboxUUID":"d19fa32c-b562-5380-957f-32f5a6a67a9f","name":"InformationItem.PropertySpecificType"}
{"uuid":"bc710bce-7ed6-5270-8786-44f98c8bab75","tboxUUID":"d19fa32c-b562-5380-957f-32f5a6a67a9f","name":"OpaqueAction.RequirementRelated"}
{"uuid":"bc833e37-5108-57be-a5d1-65df978454e7","tboxUUID":"d19fa32c-b562-5380-957f-32f5a6a67a9f","name":"CreateLinkAction.Allocated"}
{"uuid":"bc958977-f289-50f0-bdbf-b17af7acce79","tboxUUID":"d19fa32c-b562-5380-957f-32f5a6a67a9f","name":"Model.View"}
{"uuid":"bd4293d2-779f-5e85-bb7a-335a41a5df1d","tboxUUID":"d19fa32c-b562-5380-957f-32f5a6a67a9f","name":"AnyReceiveEvent.Allocated"}
{"uuid":"bdc3cbce-5814-50a2-8a1d-53f1d1c0d0d0","tboxUUID":"d19fa32c-b562-5380-957f-32f5a6a67a9f","name":"ExecutionEnvironment.Allocated"}
{"uuid":"be24b57f-1364-579f-803a-4d8d05f265ba","tboxUUID":"d19fa32c-b562-5380-957f-32f5a6a67a9f","name":"Class.Block"}
{"uuid":"bf53575c-71ed-53d2-a866-324925b40e28","tboxUUID":"d19fa32c-b562-5380-957f-32f5a6a67a9f","name":"CallEvent.RequirementRelated"}
{"uuid":"bf82e5e2-676f-53ae-9e70-342056624726","tboxUUID":"d19fa32c-b562-5380-957f-32f5a6a67a9f","name":"OutputPin.RequirementRelated"}
{"uuid":"bfcda94a-a49b-5e7c-9297-f052d584aa50","tboxUUID":"d19fa32c-b562-5380-957f-32f5a6a67a9f","name":"DurationObservation.Allocated"}
{"uuid":"bfd37131-a7a5-5dde-9769-5e01b549949a","tboxUUID":"d19fa32c-b562-5380-957f-32f5a6a67a9f","name":"Port.FlowPort"}
{"uuid":"c00edae5-fd37-5089-b290-a85bcc5261fb","tboxUUID":"d19fa32c-b562-5380-957f-32f5a6a67a9f","name":"ReplyAction.Allocated"}
{"uuid":"c035f0a9-57a8-5b26-b5ad-065bc7e9d336","tboxUUID":"d19fa32c-b562-5380-957f-32f5a6a67a9f","name":"Profile.RequirementRelated"}
{"uuid":"c0d415ff-69f7-5488-bbc8-0fea05cb78f2","tboxUUID":"d19fa32c-b562-5380-957f-32f5a6a67a9f","name":"InputPin.Allocated"}
{"uuid":"c11ff405-18f8-5f29-aed2-358bc564dc09","tboxUUID":"d19fa32c-b562-5380-957f-32f5a6a67a9f","name":"Interaction.Viewpoint"}
{"uuid":"c1f326fe-c0df-5d3e-baa2-333e87b0a09c","tboxUUID":"d19fa32c-b562-5380-957f-32f5a6a67a9f","name":"ReadVariableAction.RequirementRelated"}
{"uuid":"c2a5cb92-3123-5f7e-8195-3a484c8be0e1","tboxUUID":"d19fa32c-b562-5380-957f-32f5a6a67a9f","name":"Abstraction.Allocated"}
{"uuid":"c3396fef-4fa1-55ea-ab20-d1088a305e5f","tboxUUID":"d19fa32c-b562-5380-957f-32f5a6a67a9f","name":"AssociationClass.Allocated"}
{"uuid":"c33cdab4-6d39-5256-933e-55bb341258e2","tboxUUID":"d19fa32c-b562-5380-957f-32f5a6a67a9f","name":"LiteralNull.RequirementRelated"}
{"uuid":"c406be4c-195c-5e96-9290-e6f82a39953e","tboxUUID":"d19fa32c-b562-5380-957f-32f5a6a67a9f","name":"ProtocolTransition.Allocated"}
{"uuid":"c4d6cb70-fda0-5fe8-a05b-7f2d040a74a9","tboxUUID":"d19fa32c-b562-5380-957f-32f5a6a67a9f","name":"OpaqueBehavior.ControlOperator"}
{"uuid":"c672b7cb-663e-5e4e-87e0-c61e66b679b1","tboxUUID":"d19fa32c-b562-5380-957f-32f5a6a67a9f","name":"ComponentRealization.Allocate"}
{"uuid":"c6751367-6f5f-5ccc-be91-9c73e99ba77c","tboxUUID":"d19fa32c-b562-5380-957f-32f5a6a67a9f","name":"Package.View"}
{"uuid":"c6cc7809-925d-5386-bd6d-47b2c7a475b1","tboxUUID":"d19fa32c-b562-5380-957f-32f5a6a67a9f","name":"InteractionUse.Allocated"}
{"uuid":"c84d4324-67dd-53f1-a28c-bb90a917cadd","tboxUUID":"d19fa32c-b562-5380-957f-32f5a6a67a9f","name":"ValuePin.Allocated"}
{"uuid":"c8d0de95-0cb2-550b-b765-d2becbec2d96","tboxUUID":"d19fa32c-b562-5380-957f-32f5a6a67a9f","name":"ExpansionNode.NoBuffer"}
{"uuid":"c9249685-b607-559c-b2fb-62c4b49f9ca7","tboxUUID":"d19fa32c-b562-5380-957f-32f5a6a67a9f","name":"InterruptibleActivityRegion.Allocated"}
{"uuid":"c9630b89-f2b5-59e6-ab57-c4cba8a7c02b","tboxUUID":"d19fa32c-b562-5380-957f-32f5a6a67a9f","name":"ObjectFlow.Rate"}
{"uuid":"c989ddc5-b857-5706-acd9-160fae54e960","tboxUUID":"d19fa32c-b562-5380-957f-32f5a6a67a9f","name":"InitialNode.Allocated"}
{"uuid":"cb2573d3-1771-55b0-8f55-9c4e26bbcd30","tboxUUID":"d19fa32c-b562-5380-957f-32f5a6a67a9f","name":"InputPin.RequirementRelated"}
{"uuid":"cb6a1302-390e-53c3-9fbb-360580de18cb","tboxUUID":"d19fa32c-b562-5380-957f-32f5a6a67a9f","name":"Abstraction.Conform"}
{"uuid":"cbb1dbe1-f5c0-5a18-8589-9995c84bdbc3","tboxUUID":"d19fa32c-b562-5380-957f-32f5a6a67a9f","name":"CallOperationAction.InvocationOnNestedPortAction"}
{"uuid":"cc2aebd8-a316-5c32-9d68-7f152f6559cc","tboxUUID":"d19fa32c-b562-5380-957f-32f5a6a67a9f","name":"StateMachine.TestCase"}
{"uuid":"cc6a1748-e710-530e-8f02-805b65cc7a72","tboxUUID":"d19fa32c-b562-5380-957f-32f5a6a67a9f","name":"ControlFlow.RequirementRelated"}
{"uuid":"cc8017fe-183e-5b85-91d1-fa97861d6132","tboxUUID":"d19fa32c-b562-5380-957f-32f5a6a67a9f","name":"Comment.Problem"}
{"uuid":"cd14c701-c350-579b-851d-1ca2b1e4cfde","tboxUUID":"d19fa32c-b562-5380-957f-32f5a6a67a9f","name":"OpaqueBehavior.Viewpoint"}
{"uuid":"cd2d908e-8d42-516f-9898-2f01f234703c","tboxUUID":"d19fa32c-b562-5380-957f-32f5a6a67a9f","name":"Trigger.Allocated"}
{"uuid":"ce1f74e8-978e-58ea-9ccc-9b160b1b6a5e","tboxUUID":"d19fa32c-b562-5380-957f-32f5a6a67a9f","name":"OpaqueAction.Allocated"}
{"uuid":"ce7a5395-c9f8-5d90-aeb1-47d399eb8add","tboxUUID":"d19fa32c-b562-5380-957f-32f5a6a67a9f","name":"Association.RequirementRelated"}
{"uuid":"cf1e00fb-51e3-572f-a50a-5c5b2f90aee9","tboxUUID":"d19fa32c-b562-5380-957f-32f5a6a67a9f","name":"ReplyAction.RequirementRelated"}
{"uuid":"cfa0497a-7a1c-5d8c-96cc-28b4dcb698d0","tboxUUID":"d19fa32c-b562-5380-957f-32f5a6a67a9f","name":"InstanceSpecification.RequirementRelated"}
{"uuid":"cfce631f-c900-5442-b555-7fd5a0e0b694","tboxUUID":"d19fa32c-b562-5380-957f-32f5a6a67a9f","name":"Enumeration.PropertySpecificType"}
{"uuid":"cff907b4-e8cc-5dda-a25e-3b31498c9dbb","tboxUUID":"d19fa32c-b562-5380-957f-32f5a6a67a9f","name":"ComponentRealization.RequirementRelated"}
{"uuid":"d05097f4-446c-513e-9ae9-98fa1376fe67","tboxUUID":"d19fa32c-b562-5380-957f-32f5a6a67a9f","name":"Actor.PropertySpecificType"}
{"uuid":"d093309e-9119-5fa6-a399-c8785d07270c","tboxUUID":"d19fa32c-b562-5380-957f-32f5a6a67a9f","name":"JoinNode.Allocated"}
{"uuid":"d1359534-f7d0-5dd3-9ab6-2932f213eba7","tboxUUID":"d19fa32c-b562-5380-957f-32f5a6a67a9f","name":"CreateLinkObjectAction.Allocated"}
{"uuid":"d1378a2d-be5f-520f-98f4-8d5acb366263","tboxUUID":"d19fa32c-b562-5380-957f-32f5a6a67a9f","name":"StateMachine.Allocated"}
{"uuid":"d2029502-0c3b-5320-9c35-83b148bf5b18","tboxUUID":"d19fa32c-b562-5380-957f-32f5a6a67a9f","name":"ClearVariableAction.RequirementRelated"}
{"uuid":"d20c6121-3171-5b02-90ed-ea8c4dfb3db7","tboxUUID":"d19fa32c-b562-5380-957f-32f5a6a67a9f","name":"JoinNode.RequirementRelated"}
{"uuid":"d22a7294-ef48-50e1-84e6-145c6eb45f45","tboxUUID":"d19fa32c-b562-5380-957f-32f5a6a67a9f","name":"CentralBufferNode.RequirementRelated"}
{"uuid":"d2e418ef-9388-5c58-9915-ac548b7d0de4","tboxUUID":"d19fa32c-b562-5380-957f-32f5a6a67a9f","name":"ActionInputPin.NoBuffer"}
{"uuid":"d32fdd74-a023-5084-a3c9-c3153614e599","tboxUUID":"d19fa32c-b562-5380-957f-32f5a6a67a9f","name":"RaiseExceptionAction.Allocated"}
{"uuid":"d3da8e98-cc35-5a5d-af03-807056dbe1b8","tboxUUID":"d19fa32c-b562-5380-957f-32f5a6a67a9f","name":"ExpansionNode.RequirementRelated"}
{"uuid":"d3e124d4-7738-5b73-a458-36168f280a53","tboxUUID":"d19fa32c-b562-5380-957f-32f5a6a67a9f","name":"Substitution.Conform"}
{"uuid":"d408d4f9-8f00-582c-bb0a-42da7ef8098d","tboxUUID":"d19fa32c-b562-5380-957f-32f5a6a67a9f","name":"ClearStructuralFeatureAction.RequirementRelated"}
{"uuid":"d4efdda8-9b0d-5f64-b9fd-1077773c253b","tboxUUID":"d19fa32c-b562-5380-957f-32f5a6a67a9f","name":"ActionInputPin.Overwrite"}
{"uuid":"d5b708c7-994c-5aee-bd4a-7a5400e8f854","tboxUUID":"d19fa32c-b562-5380-957f-32f5a6a67a9f","name":"Property.Allocated"}
{"uuid":"d5c0982b-1d27-5e2f-94f4-58b1f4a91dd0","tboxUUID":"d19fa32c-b562-5380-957f-32f5a6a67a9f","name":"ReadLinkObjectEndQualifierAction.RequirementRelated"}
{"uuid":"d5ce0e11-26e3-57f0-9e85-5f0e3dd80451","tboxUUID":"d19fa32c-b562-5380-957f-32f5a6a67a9f","name":"TimeConstraint.Allocated"}
{"uuid":"d5fb1e50-6b90-5fd8-a268-8c59e9471ad0","tboxUUID":"d19fa32c-b562-5380-957f-32f5a6a67a9f","name":"Port.RequirementRelated"}
{"uuid":"d64c74cf-13f6-52a8-9a48-f71fd3a58f1c","tboxUUID":"d19fa32c-b562-5380-957f-32f5a6a67a9f","name":"LiteralUnlimitedNatural.Allocated"}
{"uuid":"d656c638-a02b-5776-81f2-b4563add6284","tboxUUID":"d19fa32c-b562-5380-957f-32f5a6a67a9f","name":"ProtocolStateMachine.Allocated"}
{"uuid":"d7449c2c-6bde-5779-a663-c6cc04b343d4","tboxUUID":"d19fa32c-b562-5380-957f-32f5a6a67a9f","name":"SignalEvent.Allocated"}
{"uuid":"d78de840-6494-51dc-9c29-0d6fbd2811ea","tboxUUID":"d19fa32c-b562-5380-957f-32f5a6a67a9f","name":"StartObjectBehaviorAction.InvocationOnNestedPortAction"}
{"uuid":"d7b2625f-15b9-527e-bfdd-602d4540285d","tboxUUID":"d19fa32c-b562-5380-957f-32f5a6a67a9f","name":"TestIdentityAction.RequirementRelated"}
{"uuid":"d80a4870-48f4-5e18-a91a-e40719d5329a","tboxUUID":"d19fa32c-b562-5380-957f-32f5a6a67a9f","name":"Message.RequirementRelated"}
{"uuid":"d924d158-fafb-533b-a5f8-4d80fb204f86","tboxUUID":"d19fa32c-b562-5380-957f-32f5a6a67a9f","name":"CreateLinkAction.RequirementRelated"}
{"uuid":"d9c5ee16-fff5-541f-9977-46c0a449447d","tboxUUID":"d19fa32c-b562-5380-957f-32f5a6a67a9f","name":"Realization.RequirementRelated"}
{"uuid":"da20750d-a9b6-5a3c-b5a8-b691e5b917a9","tboxUUID":"d19fa32c-b562-5380-957f-32f5a6a67a9f","name":"GeneralizationSet.Allocated"}
{"uuid":"da688a8b-382e-5ddf-9569-15ff17f67a9c","tboxUUID":"d19fa32c-b562-5380-957f-32f5a6a67a9f","name":"SendSignalAction.Allocated"}
{"uuid":"da6d7893-880e-5281-bacc-3cde79ec8e29","tboxUUID":"d19fa32c-b562-5380-957f-32f5a6a67a9f","name":"ComponentRealization.Allocated"}
{"uuid":"dabf3dcf-de51-5821-8eb5-e48226af3be0","tboxUUID":"d19fa32c-b562-5380-957f-32f5a6a67a9f","name":"Substitution.Trace.Satisfy"}
{"uuid":"db095494-8fc7-5a4e-b807-0b395d6684fb","tboxUUID":"d19fa32c-b562-5380-957f-32f5a6a67a9f","name":"SendObjectAction.Allocated"}
{"uuid":"db207032-5d18-5d1c-b5af-0673b9b1d149","tboxUUID":"d19fa32c-b562-5380-957f-32f5a6a67a9f","name":"SendSignalAction.RequirementRelated"}
{"uuid":"dbda2f58-824a-557a-bc9c-1e26e10eda6c","tboxUUID":"d19fa32c-b562-5380-957f-32f5a6a67a9f","name":"QuantityKind"}
{"uuid":"dc0058cf-eb98-5a67-a1ec-3776c28310c2","tboxUUID":"d19fa32c-b562-5380-957f-32f5a6a67a9f","name":"GeneralOrdering.Allocated"}
{"uuid":"dc01ac23-5a0b-5d22-846a-5a4598242606","tboxUUID":"d19fa32c-b562-5380-957f-32f5a6a67a9f","name":"EnumerationLiteral.Allocated"}
{"uuid":"dc65ca96-329f-5566-81c2-379197faa200","tboxUUID":"d19fa32c-b562-5380-957f-32f5a6a67a9f","name":"Activity.Allocated"}
{"uuid":"dcddc4f1-a417-5b9d-9745-492c97b0b650","tboxUUID":"d19fa32c-b562-5380-957f-32f5a6a67a9f","name":"MergeNode.Allocated"}
{"uuid":"def05d1c-a95d-5119-9275-3fe529bcc712","tboxUUID":"d19fa32c-b562-5380-957f-32f5a6a67a9f","name":"Activity.Block"}
{"uuid":"df7eda38-d146-50f9-878b-5fa15c0736f3","tboxUUID":"d19fa32c-b562-5380-957f-32f5a6a67a9f","name":"Class.Block.InterfaceBlock"}
{"uuid":"dfbba10b-793d-5aa4-948e-c03da3507e01","tboxUUID":"d19fa32c-b562-5380-957f-32f5a6a67a9f","name":"StringExpression.RequirementRelated"}
{"uuid":"e006794a-7570-5917-9f46-d11b979f30a4","tboxUUID":"d19fa32c-b562-5380-957f-32f5a6a67a9f","name":"Port.FlowProperty"}
{"uuid":"e00a8f5a-9934-5a32-ab85-9f39f2965fde","tboxUUID":"d19fa32c-b562-5380-957f-32f5a6a67a9f","name":"ClearStructuralFeatureAction.Allocated"}
{"uuid":"e145faf4-b9e9-53ba-968b-448469a23e46","tboxUUID":"d19fa32c-b562-5380-957f-32f5a6a67a9f","name":"FunctionBehavior.Viewpoint"}
{"uuid":"e1c1ddd4-c0f3-59d4-a1cb-cc291277fd81","tboxUUID":"d19fa32c-b562-5380-957f-32f5a6a67a9f","name":"StructuredActivityNode.Allocated"}
{"uuid":"e276abb8-9c59-5193-9964-d7b0a452a5c4","tboxUUID":"d19fa32c-b562-5380-957f-32f5a6a67a9f","name":"ValuePin.RequirementRelated"}
{"uuid":"e320581a-bbd3-5b05-8684-762a49e64ab4","tboxUUID":"d19fa32c-b562-5380-957f-32f5a6a67a9f","name":"LiteralInteger.RequirementRelated"}
{"uuid":"e38299db-7c5e-55fd-9f6c-65dbaad77d06","tboxUUID":"d19fa32c-b562-5380-957f-32f5a6a67a9f","name":"ReadLinkAction.Allocated"}
{"uuid":"e3f28529-4e1c-5bb7-b111-f6c7d20bc808","tboxUUID":"d19fa32c-b562-5380-957f-32f5a6a67a9f","name":"DestructionOccurrenceSpecification.Allocated"}
{"uuid":"e483028d-ead9-5bd4-8160-137e33208add","tboxUUID":"d19fa32c-b562-5380-957f-32f5a6a67a9f","name":"Port.ConnectorProperty"}
{"uuid":"e485038c-ca52-5c51-8dea-b87651fa023b","tboxUUID":"d19fa32c-b562-5380-957f-32f5a6a67a9f","name":"Substitution.Trace.Verify"}
{"uuid":"e4ce860b-47a9-5caa-93d9-aded43445d26","tboxUUID":"d19fa32c-b562-5380-957f-32f5a6a67a9f","name":"ProtocolStateMachine.ControlOperator"}
{"uuid":"e4efe39c-74d5-573a-8fc1-de149da50afd","tboxUUID":"d19fa32c-b562-5380-957f-32f5a6a67a9f","name":"Realization.Allocated"}
{"uuid":"e562821a-d790-5e06-95c1-4c2207628fbe","tboxUUID":"d19fa32c-b562-5380-957f-32f5a6a67a9f","name":"Manifestation.Conform"}
{"uuid":"e58e0a99-4df8-560a-ac03-15f4a72ee79e","tboxUUID":"d19fa32c-b562-5380-957f-32f5a6a67a9f","name":"Transition.Allocated"}
{"uuid":"e5b7a03c-0bda-5872-b430-62019e8c7660","tboxUUID":"d19fa32c-b562-5380-957f-32f5a6a67a9f","name":"Interface.Allocated"}
{"uuid":"e5fa03b4-c420-5b58-ba9a-3b6fe5b9eb46","tboxUUID":"d19fa32c-b562-5380-957f-32f5a6a67a9f","name":"ObjectFlow.Rate.Discrete"}
{"uuid":"e6054fa5-56d0-502f-9cb7-b50643c14a2e","tboxUUID":"d19fa32c-b562-5380-957f-32f5a6a67a9f","name":"CombinedFragment.Allocated"}
{"uuid":"e61efb6b-911a-5631-91fb-0376c85cce22","tboxUUID":"d19fa32c-b562-5380-957f-32f5a6a67a9f","name":"InterfaceRealization.Conform"}
{"uuid":"e75d5348-45c4-5672-af4e-c3cc6a1006b6","tboxUUID":"d19fa32c-b562-5380-957f-32f5a6a67a9f","name":"InformationItem.RequirementRelated"}
{"uuid":"e788f667-026c-50cb-9724-d1c5397af1c6","tboxUUID":"d19fa32c-b562-5380-957f-32f5a6a67a9f","name":"DurationConstraint.RequirementRelated"}
{"uuid":"e85b63dd-f6e4-5e57-9084-0b6f88ec0e5b","tboxUUID":"d19fa32c-b562-5380-957f-32f5a6a67a9f","name":"StateMachine.RequirementRelated"}
{"uuid":"e88bdb54-54fd-5ebc-bb35-cc03668459fa","tboxUUID":"d19fa32c-b562-5380-957f-32f5a6a67a9f","name":"ConnectorEnd.NestedConnectorEnd"}
{"uuid":"e8f36041-29e0-5cf8-8e81-e6b999f778f2","tboxUUID":"d19fa32c-b562-5380-957f-32f5a6a67a9f","name":"ActivityParameterNode.NoBuffer"}
{"uuid":"e9e1f02e-365f-5d38-b2f2-b539d6e39949","tboxUUID":"d19fa32c-b562-5380-957f-32f5a6a67a9f","name":"InteractionUse.RequirementRelated"}
{"uuid":"ed59fc3c-7595-55d8-af4c-5df15708d6c2","tboxUUID":"d19fa32c-b562-5380-957f-32f5a6a67a9f","name":"Property.ConnectorProperty"}
{"uuid":"ed707adc-fbb5-577d-b592-bfdd261dca1f","tboxUUID":"d19fa32c-b562-5380-957f-32f5a6a67a9f","name":"StateInvariant.Allocated"}
{"uuid":"edea6232-6a29-53cf-aae6-c308e6087468","tboxUUID":"d19fa32c-b562-5380-957f-32f5a6a67a9f","name":"LiteralBoolean.RequirementRelated"}
{"uuid":"ef2e371b-28fc-55ff-8f26-6bb02f99c6df","tboxUUID":"d19fa32c-b562-5380-957f-32f5a6a67a9f","name":"StartClassifierBehaviorAction.RequirementRelated"}
{"uuid":"ef5930da-d884-5d93-8a18-97a75ac90c71","tboxUUID":"d19fa32c-b562-5380-957f-32f5a6a67a9f","name":"ValuePin.Overwrite"}
{"uuid":"efb61d59-6f90-5b2e-a1af-bd85406d932b","tboxUUID":"d19fa32c-b562-5380-957f-32f5a6a67a9f","name":"ReadLinkAction.RequirementRelated"}
{"uuid":"f0010278-c6ad-5940-b77c-a142812b7f07","tboxUUID":"d19fa32c-b562-5380-957f-32f5a6a67a9f","name":"BroadcastSignalAction.Allocated"}
{"uuid":"f1efded1-11ce-5c33-b1a9-d11e259f8838","tboxUUID":"d19fa32c-b562-5380-957f-32f5a6a67a9f","name":"ReadLinkObjectEndQualifierAction.Allocated"}
{"uuid":"f212c030-bf8f-568f-a6c9-3305accb8cd5","tboxUUID":"d19fa32c-b562-5380-957f-32f5a6a67a9f","name":"LiteralString.Allocated"}
{"uuid":"f21839d5-a99e-5abf-8c99-45a6af5153ad","tboxUUID":"d19fa32c-b562-5380-957f-32f5a6a67a9f","name":"Constraint.Allocated"}
{"uuid":"f27ee282-1b6f-5336-a5f4-4730e30b1b40","tboxUUID":"d19fa32c-b562-5380-957f-32f5a6a67a9f","name":"IntervalConstraint.RequirementRelated"}
{"uuid":"f2821827-c5ab-5fed-a81d-9ed152b995ca","tboxUUID":"d19fa32c-b562-5380-957f-32f5a6a67a9f","name":"Interval.Allocated"}
{"uuid":"f2ee9426-176b-5375-b4ee-e31d94530061","tboxUUID":"d19fa32c-b562-5380-957f-32f5a6a67a9f","name":"ControlFlow.Probability"}
{"uuid":"f347e6a7-614b-51f1-8481-8513c6a82dc9","tboxUUID":"d19fa32c-b562-5380-957f-32f5a6a67a9f","name":"DataType.ValueType"}
{"uuid":"f42ee4fc-422a-555d-8e84-c7af0aabcf9e","tboxUUID":"d19fa32c-b562-5380-957f-32f5a6a67a9f","name":"Activity.Viewpoint"}
{"uuid":"f434edc2-1aaa-5cb0-9e15-f0ac4712447b","tboxUUID":"d19fa32c-b562-5380-957f-32f5a6a67a9f","name":"Operation.RequirementRelated"}
{"uuid":"f539dc5a-88bf-5011-b607-24e4691a3cee","tboxUUID":"d19fa32c-b562-5380-957f-32f5a6a67a9f","name":"ControlFlow.Rate.Continuous"}
{"uuid":"f5ca1f6b-6ed2-5c35-80a6-5dce5e515cc1","tboxUUID":"d19fa32c-b562-5380-957f-32f5a6a67a9f","name":"AcceptEventAction.AcceptChangeStructuralFeatureEventAction"}
{"uuid":"f6054f82-37a5-57d0-98b2-9a7df23e3991","tboxUUID":"d19fa32c-b562-5380-957f-32f5a6a67a9f","name":"Node.Viewpoint"}
{"uuid":"f62232f1-bf65-59d5-a3d5-77e6a23d5d15","tboxUUID":"d19fa32c-b562-5380-957f-32f5a6a67a9f","name":"InteractionOperand.RequirementRelated"}
{"uuid":"f6dfd5c8-bb2b-5c31-ba2a-a71d3ec465ca","tboxUUID":"d19fa32c-b562-5380-957f-32f5a6a67a9f","name":"Transition.RequirementRelated"}
{"uuid":"f6e8b14c-6a6b-57fa-8b6a-e628ec5886db","tboxUUID":"d19fa32c-b562-5380-957f-32f5a6a67a9f","name":"Variable.RequirementRelated"}
{"uuid":"f731baf2-913d-504d-b3b4-9bc3a023f2f7","tboxUUID":"d19fa32c-b562-5380-957f-32f5a6a67a9f","name":"LiteralInteger.Allocated"}
{"uuid":"f8a18f9c-78b8-52da-aee3-c251c8603927","tboxUUID":"d19fa32c-b562-5380-957f-32f5a6a67a9f","name":"FunctionBehavior.Allocated"}
{"uuid":"f9323260-be29-5f94-a4ac-3b1ac4252277","tboxUUID":"d19fa32c-b562-5380-957f-32f5a6a67a9f","name":"Device.Viewpoint"}
{"uuid":"f93db725-1126-5dad-92c1-ab0313cb0b93","tboxUUID":"d19fa32c-b562-5380-957f-32f5a6a67a9f","name":"ActivityPartition.RequirementRelated"}
{"uuid":"f93f3910-2fb1-5d8f-bef0-49355d99872c","tboxUUID":"d19fa32c-b562-5380-957f-32f5a6a67a9f","name":"Property.ParticipantProperty"}
{"uuid":"f95cfac2-9571-5c87-8ff6-b0cdd2cefeec","tboxUUID":"d19fa32c-b562-5380-957f-32f5a6a67a9f","name":"Model.Allocated"}
{"uuid":"f9943dc8-d09a-5c41-9d79-521f1575fe7b","tboxUUID":"d19fa32c-b562-5380-957f-32f5a6a67a9f","name":"PrimitiveType.ValueType"}
{"uuid":"fa3a87c5-f47e-51d6-9386-b5703bae936a","tboxUUID":"d19fa32c-b562-5380-957f-32f5a6a67a9f","name":"CreateObjectAction.RequirementRelated"}
{"uuid":"fa53b86c-12f2-5325-9407-ecf5373cd42f","tboxUUID":"d19fa32c-b562-5380-957f-32f5a6a67a9f","name":"SendObjectAction.RequirementRelated"}
{"uuid":"fb446991-9c69-5c7c-ab26-1825616ff16d","tboxUUID":"d19fa32c-b562-5380-957f-32f5a6a67a9f","name":"Signal.PropertySpecificType"}
{"uuid":"fba4cf4e-6ce8-5ff0-af1d-42db5f7bf70e","tboxUUID":"d19fa32c-b562-5380-957f-32f5a6a67a9f","name":"Reception.DirectedFeature"}
{"uuid":"fc1e0843-cc36-546f-b5f0-995d44f0d133","tboxUUID":"d19fa32c-b562-5380-957f-32f5a6a67a9f","name":"Abstraction.Trace.Verify"}
{"uuid":"fde7be11-b9c0-50de-bc25-ecf3fb4090b4","tboxUUID":"d19fa32c-b562-5380-957f-32f5a6a67a9f","name":"Realization.Trace.Copy"}
{"uuid":"fe106df7-c831-5cc1-ae83-b84aee5de825","tboxUUID":"d19fa32c-b562-5380-957f-32f5a6a67a9f","name":"DecisionNode.Allocated"}
{"uuid":"fe1ef839-9222-57c3-b547-828b1c244dc4","tboxUUID":"d19fa32c-b562-5380-957f-32f5a6a67a9f","name":"AddStructuralFeatureValueAction.Allocated"}
{"uuid":"feacd4c9-98ec-5951-892b-f6d6f57994be","tboxUUID":"d19fa32c-b562-5380-957f-32f5a6a67a9f","name":"TimeExpression.Allocated"}
