{"uuid":"40fa06a0-807e-52af-a479-e066381bda7e","iri":"http://purl.org/dc/elements/1.1/rights","abbrevIRI":"dc:rights"}
{"uuid":"4465a328-9fc4-5556-8d73-48c062a2645e","iri":"http://purl.org/dc/elements/1.1/description","abbrevIRI":"dc:description"}
{"uuid":"55c4affe-635e-55d1-8ad3-047594beae61","iri":"http://imce.jpl.nasa.gov/foundation/annotation/annotation#noMapping","abbrevIRI":"annotation:noMapping"}
{"uuid":"956b8a42-523e-54e1-b19a-304c5fc7fff3","iri":"http://purl.org/dc/elements/1.1/type","abbrevIRI":"dc:type"}
{"uuid":"a63d99ab-9ff4-58e1-9f15-bea35fb643cf","iri":"http://purl.org/dc/elements/1.1/creator","abbrevIRI":"dc:creator"}
{"uuid":"b46685e7-abaa-5a8e-b6b8-cf7b2a51b5de","iri":"http://purl.org/dc/elements/1.1/date","abbrevIRI":"dc:date"}
{"uuid":"b89db759-4650-5e9b-9c61-62700448cfc9","iri":"http://www.w3.org/2002/07/owl#versionInfo","abbrevIRI":"owl:versionInfo"}
{"uuid":"c5a2e486-7e12-5e1c-95b9-4a07e131dc13","iri":"http://imce.jpl.nasa.gov/foundation/annotation/annotation#isAbstract","abbrevIRI":"annotation:isAbstract"}
{"uuid":"d0e9e696-d3f2-5966-a62f-d8358cbde741","iri":"http://www.w3.org/2000/01/rdf-schema#label","abbrevIRI":"rdfs:label"}
{"uuid":"da1b0b28-9c51-55c3-a963-2337006693de","iri":"http://www.w3.org/2000/01/rdf-schema#comment","abbrevIRI":"rdfs:comment"}
{"uuid":"de47ef62-c3be-5246-98d5-ed6e481d149e","iri":"http://purl.org/dc/elements/1.1/title","abbrevIRI":"dc:title"}
