{"uuid":"2b92f8c5-a865-5b6c-b79a-d0758b8c78df","tboxUUID":"fe1bf2d9-1068-5619-8368-cc25dc6abf21","name":"ApprovedElement"}
{"uuid":"a7298910-6402-5218-b4e4-18ce6eb85fbc","tboxUUID":"fe1bf2d9-1068-5619-8368-cc25dc6abf21","name":"ExternallyDocumentedElement"}
{"uuid":"b6d5df8d-7c2f-5149-a8f9-afc2df317d32","tboxUUID":"fe1bf2d9-1068-5619-8368-cc25dc6abf21","name":"OwnedElement"}
{"uuid":"e017f008-6865-5f72-b0f7-64129390ba6e","tboxUUID":"fe1bf2d9-1068-5619-8368-cc25dc6abf21","name":"VerifiedElement"}
{"uuid":"ea8c468d-53f8-5df5-a1a0-19144639f7af","tboxUUID":"fe1bf2d9-1068-5619-8368-cc25dc6abf21","name":"AuditedElement"}
