{"uuid":"000b4e33-cf2a-5b42-b2c0-fb1c24533ac2","tboxUUID":"fe1bf2d9-1068-5619-8368-cc25dc6abf21","name":"Item"}
{"uuid":"002d4f5d-9465-52cb-904a-b1f8aac7a6ce","tboxUUID":"fe1bf2d9-1068-5619-8368-cc25dc6abf21","name":"ClosureEvidence"}
{"uuid":"136f8edf-819e-501a-9a9e-7f3cee98aa4a","tboxUUID":"fe1bf2d9-1068-5619-8368-cc25dc6abf21","name":"VerificationActivity"}
{"uuid":"151b830b-ad1e-59de-bef5-cf18cf53bbca","tboxUUID":"fe1bf2d9-1068-5619-8368-cc25dc6abf21","name":"TestAsYouFlyExceptionList"}
{"uuid":"17b359c1-c5fa-52b6-bb49-67075585da97","tboxUUID":"fe1bf2d9-1068-5619-8368-cc25dc6abf21","name":"Reviewer"}
{"uuid":"1cd258d3-201c-5cb5-9dae-52270f6ed61d","tboxUUID":"fe1bf2d9-1068-5619-8368-cc25dc6abf21","name":"VerificationNonconformance"}
{"uuid":"1eed4741-3b05-51cb-8beb-fda0ccac87c8","tboxUUID":"fe1bf2d9-1068-5619-8368-cc25dc6abf21","name":"ExecutionRecord"}
{"uuid":"1fba7a47-f88a-5ffb-87df-d3f55185cd71","tboxUUID":"fe1bf2d9-1068-5619-8368-cc25dc6abf21","name":"ValidationNonconformance"}
{"uuid":"1fc59eb3-1c05-5554-8191-62b9be4712e9","tboxUUID":"fe1bf2d9-1068-5619-8368-cc25dc6abf21","name":"AnalysisExecutionRecord"}
{"uuid":"22657da3-d9f8-5db0-b00f-3145208d914b","tboxUUID":"fe1bf2d9-1068-5619-8368-cc25dc6abf21","name":"IncompressibleTestList"}
{"uuid":"244371ac-63c8-54a7-b807-49dc241eb046","tboxUUID":"fe1bf2d9-1068-5619-8368-cc25dc6abf21","name":"ExecutionSubRecord"}
{"uuid":"278c7393-ce14-5784-a9c5-e4ec12a9aa58","tboxUUID":"fe1bf2d9-1068-5619-8368-cc25dc6abf21","name":"InspectionExecutionRecord"}
{"uuid":"2df2fc98-8f8f-5ad7-a5e3-89d454896f77","tboxUUID":"fe1bf2d9-1068-5619-8368-cc25dc6abf21","name":"VerificationActivityPlan"}
{"uuid":"3902e4ff-f5d2-58ad-a32e-ec3a20e09baf","tboxUUID":"fe1bf2d9-1068-5619-8368-cc25dc6abf21","name":"Activity"}
{"uuid":"4412e83c-4a2c-51bf-b2c9-28c0e3c9e402","tboxUUID":"fe1bf2d9-1068-5619-8368-cc25dc6abf21","name":"ValidationItemReviewAndClosure"}
{"uuid":"53346475-1e9d-5248-8930-64a2316de5c9","tboxUUID":"fe1bf2d9-1068-5619-8368-cc25dc6abf21","name":"EvidenceExpected"}
{"uuid":"5a5e9d04-7aec-59ab-86b6-583013635601","tboxUUID":"fe1bf2d9-1068-5619-8368-cc25dc6abf21","name":"VerificationActivityCompletionData"}
{"uuid":"5c99b892-a8ac-594d-a4d6-60bdc306c527","tboxUUID":"fe1bf2d9-1068-5619-8368-cc25dc6abf21","name":"ActivityMatrix"}
{"uuid":"5d69ca3b-d548-55d4-b528-f45ab077d687","tboxUUID":"fe1bf2d9-1068-5619-8368-cc25dc6abf21","name":"Incompressible"}
{"uuid":"6c9c07a4-e1cf-5662-8f14-0cd62e8582e0","tboxUUID":"fe1bf2d9-1068-5619-8368-cc25dc6abf21","name":"Plan"}
{"uuid":"70435722-417a-546f-b5e9-c0da7c0c24dd","tboxUUID":"fe1bf2d9-1068-5619-8368-cc25dc6abf21","name":"TestAsYouFlyException"}
{"uuid":"7477aed1-120f-5528-80a8-22b8207cdf40","tboxUUID":"fe1bf2d9-1068-5619-8368-cc25dc6abf21","name":"TestExecutionRecord"}
{"uuid":"7ac1e3ac-a913-527d-9ca8-f182b872a997","tboxUUID":"fe1bf2d9-1068-5619-8368-cc25dc6abf21","name":"ValidationActivity"}
{"uuid":"88cb31ba-468d-51f8-993a-dbda668b530d","tboxUUID":"fe1bf2d9-1068-5619-8368-cc25dc6abf21","name":"Milestone"}
{"uuid":"8c57c049-3f6a-51fe-b07a-52ef81b583d1","tboxUUID":"fe1bf2d9-1068-5619-8368-cc25dc6abf21","name":"ActivityPlan"}
{"uuid":"8cd3dfbf-9fb5-54e6-bc18-623279edf0a7","tboxUUID":"fe1bf2d9-1068-5619-8368-cc25dc6abf21","name":"OtherExecutionRecord"}
{"uuid":"9236a073-82b8-5162-85ab-c9f713d33460","tboxUUID":"fe1bf2d9-1068-5619-8368-cc25dc6abf21","name":"Auditor"}
{"uuid":"929bd7c0-10d9-5c9c-b4cb-73588b59130d","tboxUUID":"fe1bf2d9-1068-5619-8368-cc25dc6abf21","name":"ItemReviewAndClosure"}
{"uuid":"9585b240-869d-538f-8c01-c18d3ffa9f95","tboxUUID":"fe1bf2d9-1068-5619-8368-cc25dc6abf21","name":"Nonconformance"}
{"uuid":"99aab172-2e54-5210-b6e4-56347b02e905","tboxUUID":"fe1bf2d9-1068-5619-8368-cc25dc6abf21","name":"DemonstrationExecutionRecord"}
{"uuid":"9e1f66e4-5938-5dec-9a15-a81665f0c21a","tboxUUID":"fe1bf2d9-1068-5619-8368-cc25dc6abf21","name":"VerificationItem"}
{"uuid":"a1efcbc9-b50d-5de8-b849-ae84f42efcd5","tboxUUID":"fe1bf2d9-1068-5619-8368-cc25dc6abf21","name":"ValidationActivityPlan"}
{"uuid":"a60e4398-71da-5927-bb89-a4f8543068c4","tboxUUID":"fe1bf2d9-1068-5619-8368-cc25dc6abf21","name":"ValidationItem"}
{"uuid":"aedfbca6-656e-5043-8bdc-015e09535251","tboxUUID":"fe1bf2d9-1068-5619-8368-cc25dc6abf21","name":"Approver"}
{"uuid":"c0345792-5898-5be0-8fd8-6f6c0fd834dc","tboxUUID":"fe1bf2d9-1068-5619-8368-cc25dc6abf21","name":"ActivityGroup"}
{"uuid":"c4e070c0-bbb6-56b9-9baf-31115c301532","tboxUUID":"fe1bf2d9-1068-5619-8368-cc25dc6abf21","name":"ActivityCompletionData"}
{"uuid":"d236b837-5fdf-505d-a396-626d0162e002","tboxUUID":"fe1bf2d9-1068-5619-8368-cc25dc6abf21","name":"VerificationItemReviewAndClosure"}
{"uuid":"dcfedcf1-e681-5d95-b33f-1e4ec1985236","tboxUUID":"fe1bf2d9-1068-5619-8368-cc25dc6abf21","name":"Owner"}
{"uuid":"dfae53fd-6a52-5998-98dd-1cf9157d0806","tboxUUID":"fe1bf2d9-1068-5619-8368-cc25dc6abf21","name":"TestProcedure"}
{"uuid":"e04962d8-4212-58e3-ba35-24bb59a5c896","tboxUUID":"fe1bf2d9-1068-5619-8368-cc25dc6abf21","name":"Venue"}
{"uuid":"fa8527be-8f9b-5ac6-98b8-823daf54bc74","tboxUUID":"fe1bf2d9-1068-5619-8368-cc25dc6abf21","name":"ValidationActivityCompletionData"}
