{"uuid":"10d86dd3-866b-58b0-9589-3401f34cd4d6","tboxUUID":"fe1bf2d9-1068-5619-8368-cc25dc6abf21","domainUUID":"c4e070c0-bbb6-56b9-9baf-31115c301532","rangeUUID":"a509d77c-6cc0-5552-a767-f8beffa20aca","isIdentityCriteria":false,"name":"hasCompletionDate"}
{"uuid":"16bf55c5-2e1f-5d38-85c8-cf1a1b409fbf","tboxUUID":"fe1bf2d9-1068-5619-8368-cc25dc6abf21","domainUUID":"1eed4741-3b05-51cb-8beb-fda0ccac87c8","rangeUUID":"a509d77c-6cc0-5552-a767-f8beffa20aca","isIdentityCriteria":false,"name":"hasEndDate"}
{"uuid":"222f94f9-2535-59da-b948-dde14d370eac","tboxUUID":"fe1bf2d9-1068-5619-8368-cc25dc6abf21","domainUUID":"d236b837-5fdf-505d-a396-626d0162e002","rangeUUID":"6bd0dd4f-3813-5577-a11d-447eaa1a84c6","isIdentityCriteria":false,"name":"hasVerificationStatus"}
{"uuid":"2f891032-6b63-5206-923c-eb7a4a30be41","tboxUUID":"fe1bf2d9-1068-5619-8368-cc25dc6abf21","domainUUID":"1eed4741-3b05-51cb-8beb-fda0ccac87c8","rangeUUID":"e12b5749-0775-57a7-9688-b40799d55e81","isIdentityCriteria":false,"name":"hasUserName"}
{"uuid":"34eeadef-e16b-585e-bcc7-51ad1cf2b0e8","tboxUUID":"fe1bf2d9-1068-5619-8368-cc25dc6abf21","domainUUID":"9e1f66e4-5938-5dec-9a15-a81665f0c21a","rangeUUID":"2fe55207-e695-5aab-87ec-7f85cd56e864","isIdentityCriteria":false,"name":"isVerifiedByTest"}
{"uuid":"3f7289de-21c0-557c-9146-7cd5f432fa25","tboxUUID":"fe1bf2d9-1068-5619-8368-cc25dc6abf21","domainUUID":"9e1f66e4-5938-5dec-9a15-a81665f0c21a","rangeUUID":"353e5766-11a1-5774-81e7-7045b2261162","isIdentityCriteria":false,"name":"hasVerificationPriority"}
{"uuid":"4598ef9f-5d81-5960-ba9f-55b8fc0421bf","tboxUUID":"fe1bf2d9-1068-5619-8368-cc25dc6abf21","domainUUID":"a60e4398-71da-5927-bb89-a4f8543068c4","rangeUUID":"2fe55207-e695-5aab-87ec-7f85cd56e864","isIdentityCriteria":false,"name":"isValidatedByInspection"}
{"uuid":"4b55e296-ae33-5c8d-9e4b-12763683fac3","tboxUUID":"fe1bf2d9-1068-5619-8368-cc25dc6abf21","domainUUID":"929bd7c0-10d9-5c9c-b4cb-73588b59130d","rangeUUID":"e12b5749-0775-57a7-9688-b40799d55e81","isIdentityCriteria":false,"name":"hasReviewComments"}
{"uuid":"5241c7f6-fffe-58c3-96b6-a05bf5c8c956","tboxUUID":"fe1bf2d9-1068-5619-8368-cc25dc6abf21","domainUUID":"929bd7c0-10d9-5c9c-b4cb-73588b59130d","rangeUUID":"a509d77c-6cc0-5552-a767-f8beffa20aca","isIdentityCriteria":false,"name":"hasClosureDate"}
{"uuid":"531cce7a-4ef7-5d9b-aa9c-9ca9450c7b3c","tboxUUID":"fe1bf2d9-1068-5619-8368-cc25dc6abf21","domainUUID":"a7298910-6402-5218-b4e4-18ce6eb85fbc","rangeUUID":"b0a81156-7606-585b-ae08-4fdd1ddbb887","isIdentityCriteria":false,"name":"hasExternalData"}
{"uuid":"5477a7d6-8847-5337-a8b8-fd23b82485a9","tboxUUID":"fe1bf2d9-1068-5619-8368-cc25dc6abf21","domainUUID":"9e1f66e4-5938-5dec-9a15-a81665f0c21a","rangeUUID":"2fe55207-e695-5aab-87ec-7f85cd56e864","isIdentityCriteria":false,"name":"isVerifiedByDemonstration"}
{"uuid":"5a4efd4f-9054-532d-97ce-ba28d26748b3","tboxUUID":"fe1bf2d9-1068-5619-8368-cc25dc6abf21","domainUUID":"c4e070c0-bbb6-56b9-9baf-31115c301532","rangeUUID":"becc93f5-9c5c-55ce-a55a-91722dec3e06","isIdentityCriteria":false,"name":"hasCompletionStatus"}
{"uuid":"5c2758c6-e6b2-5fc3-b812-8f90708e152b","tboxUUID":"fe1bf2d9-1068-5619-8368-cc25dc6abf21","domainUUID":"1eed4741-3b05-51cb-8beb-fda0ccac87c8","rangeUUID":"e12b5749-0775-57a7-9688-b40799d55e81","isIdentityCriteria":false,"name":"hasVenueType"}
{"uuid":"5c60862b-f2eb-5537-ae37-02b91b21716e","tboxUUID":"fe1bf2d9-1068-5619-8368-cc25dc6abf21","domainUUID":"002d4f5d-9465-52cb-904a-b1f8aac7a6ce","rangeUUID":"2fe55207-e695-5aab-87ec-7f85cd56e864","isIdentityCriteria":false,"name":"matchesExpectedEvidence"}
{"uuid":"65c5d996-3d3c-5bcb-bbcb-edfec7dfccce","tboxUUID":"fe1bf2d9-1068-5619-8368-cc25dc6abf21","domainUUID":"a60e4398-71da-5927-bb89-a4f8543068c4","rangeUUID":"e12b5749-0775-57a7-9688-b40799d55e81","isIdentityCriteria":false,"name":"hasValidationApproach"}
{"uuid":"694a708a-c50b-5303-958c-a8ef338f7ca4","tboxUUID":"fe1bf2d9-1068-5619-8368-cc25dc6abf21","domainUUID":"1eed4741-3b05-51cb-8beb-fda0ccac87c8","rangeUUID":"a509d77c-6cc0-5552-a767-f8beffa20aca","isIdentityCriteria":false,"name":"hasStartDate"}
{"uuid":"84e960ee-a273-59a3-b8ca-7bdcd73391c6","tboxUUID":"fe1bf2d9-1068-5619-8368-cc25dc6abf21","domainUUID":"9e1f66e4-5938-5dec-9a15-a81665f0c21a","rangeUUID":"2fe55207-e695-5aab-87ec-7f85cd56e864","isIdentityCriteria":false,"name":"isVerifiedByInspection"}
{"uuid":"854c5de8-824c-5cd7-901e-c4cbc24805c8","tboxUUID":"fe1bf2d9-1068-5619-8368-cc25dc6abf21","domainUUID":"a60e4398-71da-5927-bb89-a4f8543068c4","rangeUUID":"353e5766-11a1-5774-81e7-7045b2261162","isIdentityCriteria":false,"name":"hasValidationPriority"}
{"uuid":"941d04b4-abab-5e7c-9239-2c1eb132e304","tboxUUID":"fe1bf2d9-1068-5619-8368-cc25dc6abf21","domainUUID":"3902e4ff-f5d2-58ad-a32e-ec3a20e09baf","rangeUUID":"353e5766-11a1-5774-81e7-7045b2261162","isIdentityCriteria":false,"name":"hasActivityPriority"}
{"uuid":"99bcf55f-7b5b-5a2f-9c6f-8a3244e4777c","tboxUUID":"fe1bf2d9-1068-5619-8368-cc25dc6abf21","domainUUID":"9e1f66e4-5938-5dec-9a15-a81665f0c21a","rangeUUID":"2fe55207-e695-5aab-87ec-7f85cd56e864","isIdentityCriteria":false,"name":"isVerifiedByHierarchy"}
{"uuid":"9d997683-cb12-5270-9391-47804501827d","tboxUUID":"fe1bf2d9-1068-5619-8368-cc25dc6abf21","domainUUID":"d236b837-5fdf-505d-a396-626d0162e002","rangeUUID":"6bd0dd4f-3813-5577-a11d-447eaa1a84c6","isIdentityCriteria":false,"name":"hasChildRequirementsVerificationStatus"}
{"uuid":"9f1dd404-31ac-5f86-8972-2eaeaa1e1752","tboxUUID":"fe1bf2d9-1068-5619-8368-cc25dc6abf21","domainUUID":"9e1f66e4-5938-5dec-9a15-a81665f0c21a","rangeUUID":"2fe55207-e695-5aab-87ec-7f85cd56e864","isIdentityCriteria":false,"name":"isVerifiedByAnalysis"}
{"uuid":"a56744f4-702c-539a-9087-752fa785820e","tboxUUID":"fe1bf2d9-1068-5619-8368-cc25dc6abf21","domainUUID":"a60e4398-71da-5927-bb89-a4f8543068c4","rangeUUID":"2fe55207-e695-5aab-87ec-7f85cd56e864","isIdentityCriteria":false,"name":"isValidatedByDemonstration"}
{"uuid":"a69563b8-18a7-5a91-9964-7b1e2106a1b4","tboxUUID":"fe1bf2d9-1068-5619-8368-cc25dc6abf21","domainUUID":"929bd7c0-10d9-5c9c-b4cb-73588b59130d","rangeUUID":"eac52d33-3c86-5f5f-806c-f5dfb648d175","isIdentityCriteria":false,"name":"hasReviewStatus"}
{"uuid":"aaa5eb54-1130-5fdb-9591-342b1d274daf","tboxUUID":"fe1bf2d9-1068-5619-8368-cc25dc6abf21","domainUUID":"9e1f66e4-5938-5dec-9a15-a81665f0c21a","rangeUUID":"2fe55207-e695-5aab-87ec-7f85cd56e864","isIdentityCriteria":false,"name":"isVerifiedByInheritance"}
{"uuid":"ba8f32d2-b35a-5667-8203-69a2e727afc4","tboxUUID":"fe1bf2d9-1068-5619-8368-cc25dc6abf21","domainUUID":"4412e83c-4a2c-51bf-b2c9-28c0e3c9e402","rangeUUID":"e3e62566-04c8-57e9-aecc-cc503d27a7cb","isIdentityCriteria":false,"name":"hasValidationStatus"}
{"uuid":"c4f8d608-6c9a-5868-a049-0794a36cabd7","tboxUUID":"fe1bf2d9-1068-5619-8368-cc25dc6abf21","domainUUID":"244371ac-63c8-54a7-b807-49dc241eb046","rangeUUID":"d86b35e7-d324-50f4-a77b-eafa2bf70697","isIdentityCriteria":false,"name":"hasExecutionSubRecordStatus"}
{"uuid":"cabcf5fc-5375-5186-bdde-64c89b76fb26","tboxUUID":"fe1bf2d9-1068-5619-8368-cc25dc6abf21","domainUUID":"9e1f66e4-5938-5dec-9a15-a81665f0c21a","rangeUUID":"e12b5749-0775-57a7-9688-b40799d55e81","isIdentityCriteria":false,"name":"hasVerificationApproach"}
{"uuid":"d0fd8dd0-d8a7-5158-a775-5dc039246130","tboxUUID":"fe1bf2d9-1068-5619-8368-cc25dc6abf21","domainUUID":"002d4f5d-9465-52cb-904a-b1f8aac7a6ce","rangeUUID":"2fe55207-e695-5aab-87ec-7f85cd56e864","isIdentityCriteria":false,"name":"satisfiesVerificationItem"}
{"uuid":"dba80528-f797-55ca-b24e-9426bec8ee73","tboxUUID":"fe1bf2d9-1068-5619-8368-cc25dc6abf21","domainUUID":"a60e4398-71da-5927-bb89-a4f8543068c4","rangeUUID":"2fe55207-e695-5aab-87ec-7f85cd56e864","isIdentityCriteria":false,"name":"isValidatedByTest"}
{"uuid":"dec65d71-656e-546b-8cb2-ea13e636f41b","tboxUUID":"fe1bf2d9-1068-5619-8368-cc25dc6abf21","domainUUID":"929bd7c0-10d9-5c9c-b4cb-73588b59130d","rangeUUID":"e12b5749-0775-57a7-9688-b40799d55e81","isIdentityCriteria":false,"name":"hasClosureDescription"}
{"uuid":"ff807854-64da-5738-ab18-6bc4837bca32","tboxUUID":"fe1bf2d9-1068-5619-8368-cc25dc6abf21","domainUUID":"a60e4398-71da-5927-bb89-a4f8543068c4","rangeUUID":"2fe55207-e695-5aab-87ec-7f85cd56e864","isIdentityCriteria":false,"name":"isValidatedByAnalysis"}
