{"uuid":"15b7c2b6-7b87-5b0d-af9d-aeb5eddbafd8","tboxUUID":"fe1bf2d9-1068-5619-8368-cc25dc6abf21","sourceUUID":"5c99b892-a8ac-594d-a4d6-60bdc306c527","targetUUID":"3902e4ff-f5d2-58ad-a32e-ec3a20e09baf","isAsymmetric":true,"isEssential":false,"isFunctional":false,"isInverseEssential":false,"isInverseFunctional":true,"isIrreflexive":true,"isReflexive":false,"isSymmetric":false,"isTransitive":false,"name":"Summarizes","unreifiedPropertyName":"summarizes","unreifiedInversePropertyName":[]}
{"uuid":"1d23b36b-8830-55e1-b7db-0dcde47fc1ea","tboxUUID":"fe1bf2d9-1068-5619-8368-cc25dc6abf21","sourceUUID":"1eed4741-3b05-51cb-8beb-fda0ccac87c8","targetUUID":"3902e4ff-f5d2-58ad-a32e-ec3a20e09baf","isAsymmetric":true,"isEssential":false,"isFunctional":true,"isInverseEssential":false,"isInverseFunctional":false,"isIrreflexive":true,"isReflexive":false,"isSymmetric":false,"isTransitive":false,"name":"IsRecordOf","unreifiedPropertyName":"isRecordOf","unreifiedInversePropertyName":[]}
{"uuid":"325ca4f6-3ada-557f-8914-6460ce2f4b30","tboxUUID":"fe1bf2d9-1068-5619-8368-cc25dc6abf21","sourceUUID":"c0345792-5898-5be0-8fd8-6f6c0fd834dc","targetUUID":"3902e4ff-f5d2-58ad-a32e-ec3a20e09baf","isAsymmetric":true,"isEssential":false,"isFunctional":false,"isInverseEssential":false,"isInverseFunctional":true,"isIrreflexive":true,"isReflexive":false,"isSymmetric":false,"isTransitive":false,"name":"Groups","unreifiedPropertyName":"groups","unreifiedInversePropertyName":[]}
{"uuid":"366b4d7c-275e-592b-8e4b-57e759a09013","tboxUUID":"fe1bf2d9-1068-5619-8368-cc25dc6abf21","sourceUUID":"3902e4ff-f5d2-58ad-a32e-ec3a20e09baf","targetUUID":"53346475-1e9d-5248-8930-64a2316de5c9","isAsymmetric":true,"isEssential":false,"isFunctional":false,"isInverseEssential":false,"isInverseFunctional":false,"isIrreflexive":true,"isReflexive":false,"isSymmetric":false,"isTransitive":false,"name":"Expects","unreifiedPropertyName":"expects","unreifiedInversePropertyName":[]}
{"uuid":"37729e7b-74a2-5f3c-ba2e-cc612426ee9d","tboxUUID":"fe1bf2d9-1068-5619-8368-cc25dc6abf21","sourceUUID":"9236a073-82b8-5162-85ab-c9f713d33460","targetUUID":"ea8c468d-53f8-5df5-a1a0-19144639f7af","isAsymmetric":true,"isEssential":false,"isFunctional":false,"isInverseEssential":false,"isInverseFunctional":false,"isIrreflexive":true,"isReflexive":false,"isSymmetric":false,"isTransitive":false,"name":"Audits","unreifiedPropertyName":"audits","unreifiedInversePropertyName":[]}
{"uuid":"44078456-f4fe-5495-bd1c-4f1337c476bb","tboxUUID":"fe1bf2d9-1068-5619-8368-cc25dc6abf21","sourceUUID":"3902e4ff-f5d2-58ad-a32e-ec3a20e09baf","targetUUID":"e04962d8-4212-58e3-ba35-24bb59a5c896","isAsymmetric":true,"isEssential":false,"isFunctional":false,"isInverseEssential":false,"isInverseFunctional":false,"isIrreflexive":true,"isReflexive":false,"isSymmetric":false,"isTransitive":false,"name":"OccursIn","unreifiedPropertyName":"occursIn","unreifiedInversePropertyName":[]}
{"uuid":"5f4bd68d-9e2f-5439-b3b9-d5bc40a99e1a","tboxUUID":"fe1bf2d9-1068-5619-8368-cc25dc6abf21","sourceUUID":"136f8edf-819e-501a-9a9e-7f3cee98aa4a","targetUUID":"9e1f66e4-5938-5dec-9a15-a81665f0c21a","isAsymmetric":true,"isEssential":false,"isFunctional":false,"isInverseEssential":false,"isInverseFunctional":true,"isIrreflexive":true,"isReflexive":false,"isSymmetric":false,"isTransitive":false,"name":"Corroborates","unreifiedPropertyName":"corroborates","unreifiedInversePropertyName":[]}
{"uuid":"6c85ac71-da12-5f4a-8573-ac2d841e49a3","tboxUUID":"fe1bf2d9-1068-5619-8368-cc25dc6abf21","sourceUUID":"dcfedcf1-e681-5d95-b33f-1e4ec1985236","targetUUID":"b6d5df8d-7c2f-5149-a8f9-afc2df317d32","isAsymmetric":true,"isEssential":false,"isFunctional":false,"isInverseEssential":false,"isInverseFunctional":true,"isIrreflexive":true,"isReflexive":false,"isSymmetric":false,"isTransitive":false,"name":"Owns","unreifiedPropertyName":"owns","unreifiedInversePropertyName":[]}
{"uuid":"72c4bab0-faa6-52b4-96eb-c16e92e663a6","tboxUUID":"fe1bf2d9-1068-5619-8368-cc25dc6abf21","sourceUUID":"3902e4ff-f5d2-58ad-a32e-ec3a20e09baf","targetUUID":"88cb31ba-468d-51f8-993a-dbda668b530d","isAsymmetric":true,"isEssential":false,"isFunctional":false,"isInverseEssential":false,"isInverseFunctional":false,"isIrreflexive":true,"isReflexive":false,"isSymmetric":false,"isTransitive":false,"name":"FinshesBefore","unreifiedPropertyName":"finishesBefore","unreifiedInversePropertyName":[]}
{"uuid":"86f00301-6d77-57e1-88e9-fecef43a4dd6","tboxUUID":"fe1bf2d9-1068-5619-8368-cc25dc6abf21","sourceUUID":"7ac1e3ac-a913-527d-9ca8-f182b872a997","targetUUID":"a60e4398-71da-5927-bb89-a4f8543068c4","isAsymmetric":true,"isEssential":false,"isFunctional":false,"isInverseEssential":false,"isInverseFunctional":true,"isIrreflexive":true,"isReflexive":false,"isSymmetric":false,"isTransitive":false,"name":"Validates","unreifiedPropertyName":"validates","unreifiedInversePropertyName":[]}
{"uuid":"93d45731-af26-5cf8-8146-7c8c4caef7dd","tboxUUID":"fe1bf2d9-1068-5619-8368-cc25dc6abf21","sourceUUID":"9e1f66e4-5938-5dec-9a15-a81665f0c21a","targetUUID":"e017f008-6865-5f72-b0f7-64129390ba6e","isAsymmetric":true,"isEssential":false,"isFunctional":true,"isInverseEssential":false,"isInverseFunctional":true,"isIrreflexive":true,"isReflexive":false,"isSymmetric":false,"isTransitive":false,"name":"Verifies","unreifiedPropertyName":"verifies","unreifiedInversePropertyName":[]}
{"uuid":"9b4511ee-755f-5947-b755-6bcea54f023d","tboxUUID":"fe1bf2d9-1068-5619-8368-cc25dc6abf21","sourceUUID":"aedfbca6-656e-5043-8bdc-015e09535251","targetUUID":"2b92f8c5-a865-5b6c-b79a-d0758b8c78df","isAsymmetric":true,"isEssential":false,"isFunctional":false,"isInverseEssential":false,"isInverseFunctional":true,"isIrreflexive":true,"isReflexive":false,"isSymmetric":false,"isTransitive":false,"name":"Approves","unreifiedPropertyName":"approves","unreifiedInversePropertyName":[]}
{"uuid":"a63fd2ae-fad2-5341-8027-d96b476eefae","tboxUUID":"fe1bf2d9-1068-5619-8368-cc25dc6abf21","sourceUUID":"151b830b-ad1e-59de-bef5-cf18cf53bbca","targetUUID":"70435722-417a-546f-b5e9-c0da7c0c24dd","isAsymmetric":true,"isEssential":false,"isFunctional":false,"isInverseEssential":false,"isInverseFunctional":true,"isIrreflexive":true,"isReflexive":false,"isSymmetric":false,"isTransitive":false,"name":"Includes","unreifiedPropertyName":"includes","unreifiedInversePropertyName":[]}
{"uuid":"ae846702-3332-5f4f-8c84-c63e401a26df","tboxUUID":"fe1bf2d9-1068-5619-8368-cc25dc6abf21","sourceUUID":"17b359c1-c5fa-52b6-bb49-67075585da97","targetUUID":"002d4f5d-9465-52cb-904a-b1f8aac7a6ce","isAsymmetric":true,"isEssential":false,"isFunctional":false,"isInverseEssential":false,"isInverseFunctional":false,"isIrreflexive":true,"isReflexive":false,"isSymmetric":false,"isTransitive":false,"name":"Reviews","unreifiedPropertyName":"reviews","unreifiedInversePropertyName":[]}
{"uuid":"b0dfc9db-a215-5b75-888e-bed88b8e8b89","tboxUUID":"fe1bf2d9-1068-5619-8368-cc25dc6abf21","sourceUUID":"3902e4ff-f5d2-58ad-a32e-ec3a20e09baf","targetUUID":"88cb31ba-468d-51f8-993a-dbda668b530d","isAsymmetric":true,"isEssential":false,"isFunctional":false,"isInverseEssential":false,"isInverseFunctional":false,"isIrreflexive":true,"isReflexive":false,"isSymmetric":false,"isTransitive":false,"name":"StartsAfter","unreifiedPropertyName":"startsAfter","unreifiedInversePropertyName":[]}
{"uuid":"b5efe364-dd90-5f64-934e-32f9aed8fd20","tboxUUID":"fe1bf2d9-1068-5619-8368-cc25dc6abf21","sourceUUID":"22657da3-d9f8-5db0-b00f-3145208d914b","targetUUID":"3902e4ff-f5d2-58ad-a32e-ec3a20e09baf","isAsymmetric":true,"isEssential":false,"isFunctional":false,"isInverseEssential":false,"isInverseFunctional":true,"isIrreflexive":true,"isReflexive":false,"isSymmetric":false,"isTransitive":false,"name":"Contains","unreifiedPropertyName":"contains","unreifiedInversePropertyName":[]}
{"uuid":"bf077ea4-f428-5374-8b8e-b06c7d4d5cb7","tboxUUID":"fe1bf2d9-1068-5619-8368-cc25dc6abf21","sourceUUID":"244371ac-63c8-54a7-b807-49dc241eb046","targetUUID":"000b4e33-cf2a-5b42-b2c0-fb1c24533ac2","isAsymmetric":true,"isEssential":false,"isFunctional":true,"isInverseEssential":false,"isInverseFunctional":false,"isIrreflexive":true,"isReflexive":false,"isSymmetric":false,"isTransitive":false,"name":"Assesses","unreifiedPropertyName":"assesses","unreifiedInversePropertyName":[]}
{"uuid":"c7b86eb2-9187-5423-bbad-1d8227fdcddd","tboxUUID":"fe1bf2d9-1068-5619-8368-cc25dc6abf21","sourceUUID":"8c57c049-3f6a-51fe-b07a-52ef81b583d1","targetUUID":"3902e4ff-f5d2-58ad-a32e-ec3a20e09baf","isAsymmetric":true,"isEssential":false,"isFunctional":true,"isInverseEssential":false,"isInverseFunctional":true,"isIrreflexive":true,"isReflexive":false,"isSymmetric":false,"isTransitive":false,"name":"Describes","unreifiedPropertyName":"describes","unreifiedInversePropertyName":[]}
{"uuid":"ecf46e6a-e6a1-5fd5-8dac-e112e7f42eaf","tboxUUID":"fe1bf2d9-1068-5619-8368-cc25dc6abf21","sourceUUID":"244371ac-63c8-54a7-b807-49dc241eb046","targetUUID":"1eed4741-3b05-51cb-8beb-fda0ccac87c8","isAsymmetric":true,"isEssential":false,"isFunctional":true,"isInverseEssential":false,"isInverseFunctional":false,"isIrreflexive":true,"isReflexive":false,"isSymmetric":false,"isTransitive":false,"name":"IsExecutionSubRecordOf","unreifiedPropertyName":"isExecutionSubRecordOf","unreifiedInversePropertyName":[]}
{"uuid":"ff05bcc9-8904-5bbb-b3ed-10fe8f6f34c2","tboxUUID":"fe1bf2d9-1068-5619-8368-cc25dc6abf21","sourceUUID":"002d4f5d-9465-52cb-904a-b1f8aac7a6ce","targetUUID":"000b4e33-cf2a-5b42-b2c0-fb1c24533ac2","isAsymmetric":true,"isEssential":false,"isFunctional":true,"isInverseEssential":false,"isInverseFunctional":true,"isIrreflexive":true,"isReflexive":false,"isSymmetric":false,"isTransitive":false,"name":"Satisfies","unreifiedPropertyName":"satisfies","unreifiedInversePropertyName":[]}
