{"uuid":"655a2698-e1a1-5a10-9608-92afefaa1bd4","tboxUUID":"f0f07404-55bb-5a39-a668-6a91eb4f52a2","extendedTerminologyIRI":"http://imce.jpl.nasa.gov/www.omg.org/spec/UML/20110701/UML-metamodel"}
{"uuid":"b37f45c6-3d2b-5564-838b-ed9e5abafc38","tboxUUID":"f0f07404-55bb-5a39-a668-6a91eb4f52a2","extendedTerminologyIRI":"http://imce.jpl.nasa.gov/www.omg.org/spec/UML/20110701/UML-embedding"}
{"uuid":"cfc9a485-5b10-5abe-8d28-06bdddf40934","tboxUUID":"f0f07404-55bb-5a39-a668-6a91eb4f52a2","extendedTerminologyIRI":"http://imce.jpl.nasa.gov/www.omg.org/spec/UML/20110701/StandardProfileL2-metamodel"}
