{"uuid":"08d5f5ac-b003-501f-b5a1-77354d66f14a","tboxUUID":"e36630a4-52eb-5623-b20b-663304203784","extendedTerminologyIRI":"http://imce.jpl.nasa.gov/foundation/analysis/analysis-embedding"}
{"uuid":"675abdd1-b038-5fab-bcae-153274023b37","tboxUUID":"e36630a4-52eb-5623-b20b-663304203784","extendedTerminologyIRI":"http://imce.jpl.nasa.gov/www.omg.org/spec/SysML/20140311/SysML"}
{"uuid":"b63b2b1d-4e7c-5e38-b875-cebcbe42995e","tboxUUID":"e36630a4-52eb-5623-b20b-663304203784","extendedTerminologyIRI":"http://imce.jpl.nasa.gov/discipline/mechanical/mechanical"}
