{"uuid":"06943a0b-f67c-5c2f-8fe3-d91035871527","tboxUUID":"51f6d8a7-b78e-506c-b396-d6cbac61521b","name":"InteractionBehaviorRegion"}
{"uuid":"0a061fd9-3143-530c-86ce-7ed00ae446bb","tboxUUID":"51f6d8a7-b78e-506c-b396-d6cbac61521b","name":"ElementBehavior"}
{"uuid":"0fd0f6fc-446e-5c9c-8a8e-1a244d16aba5","tboxUUID":"51f6d8a7-b78e-506c-b396-d6cbac61521b","name":"AbstractValueTypedAttribute"}
{"uuid":"2a8c72da-246e-5666-9cc5-5e9e7113a939","tboxUUID":"51f6d8a7-b78e-506c-b396-d6cbac61521b","name":"ElementBehaviorRegion"}
{"uuid":"2e6c2d6c-e3f6-591b-90b5-22c74835ad8d","tboxUUID":"51f6d8a7-b78e-506c-b396-d6cbac61521b","name":"AttributeConstraintParticipant"}
{"uuid":"315ee9ab-1c13-5edc-8869-dc7ae92e8eee","tboxUUID":"51f6d8a7-b78e-506c-b396-d6cbac61521b","name":"ParameterConstraintParticipant"}
{"uuid":"31aa2366-f747-5a05-9d97-31a71e92c192","tboxUUID":"51f6d8a7-b78e-506c-b396-d6cbac61521b","name":"Parameter"}
{"uuid":"35923ce7-fa6f-5114-a8f6-eeef9d3aa737","tboxUUID":"51f6d8a7-b78e-506c-b396-d6cbac61521b","name":"InteractionBehaviorConstraint"}
{"uuid":"420ef9c5-366b-5d4a-bd63-14e48a8f5a02","tboxUUID":"51f6d8a7-b78e-506c-b396-d6cbac61521b","name":"ElementBehaviorAutomaton"}
{"uuid":"4405fbed-56ac-55d5-9fdd-69fd20136b91","tboxUUID":"51f6d8a7-b78e-506c-b396-d6cbac61521b","name":"AutomatonState"}
{"uuid":"49229911-652f-5171-b79f-598ea5ef829b","tboxUUID":"51f6d8a7-b78e-506c-b396-d6cbac61521b","name":"InteractionBehaviorClass"}
{"uuid":"509d6c28-1bee-591b-adaf-bf1b0792e5db","tboxUUID":"51f6d8a7-b78e-506c-b396-d6cbac61521b","name":"ElementBehaviorClass"}
{"uuid":"53c72d2c-4a93-57f8-a724-a15c043702a2","tboxUUID":"51f6d8a7-b78e-506c-b396-d6cbac61521b","name":"ElementBehaviorState"}
{"uuid":"5d3294aa-839d-51aa-a78e-8c42919543db","tboxUUID":"51f6d8a7-b78e-506c-b396-d6cbac61521b","name":"StateVariableConstraintParticipant"}
{"uuid":"60ab45b9-950e-57de-9bf5-4a76a9a4950c","tboxUUID":"51f6d8a7-b78e-506c-b396-d6cbac61521b","name":"Attribute"}
{"uuid":"71266da0-8581-597c-899f-a43255ef2085","tboxUUID":"51f6d8a7-b78e-506c-b396-d6cbac61521b","name":"InteractionRole"}
{"uuid":"727a99f9-5f93-5801-a79d-aee7fa29b9f5","tboxUUID":"51f6d8a7-b78e-506c-b396-d6cbac61521b","name":"ElementBehaviorCharacterization"}
{"uuid":"7e088771-b376-5a06-975a-cb7aba17ba9e","tboxUUID":"51f6d8a7-b78e-506c-b396-d6cbac61521b","name":"InteractionBehaviorTransition"}
{"uuid":"7fb9e011-2420-5220-a7ef-b706a53c5bb7","tboxUUID":"51f6d8a7-b78e-506c-b396-d6cbac61521b","name":"AutomatonRegion"}
{"uuid":"818b7b42-384b-5c7d-88ab-a91a9c4239cf","tboxUUID":"51f6d8a7-b78e-506c-b396-d6cbac61521b","name":"AttributeAutomaton"}
{"uuid":"8286c50b-a086-53d8-af42-1bf94fcc089a","tboxUUID":"51f6d8a7-b78e-506c-b396-d6cbac61521b","name":"AttributeConstraint"}
{"uuid":"838ff524-763f-5fd8-bf4e-1cefe257a70a","tboxUUID":"51f6d8a7-b78e-506c-b396-d6cbac61521b","name":"InteractionBehaviorAutomatonElement"}
{"uuid":"884c31e2-4976-555c-a28f-34d0dc3f6910","tboxUUID":"51f6d8a7-b78e-506c-b396-d6cbac61521b","name":"ElementBehaviorConstraint"}
{"uuid":"91d87021-d71d-5627-b920-747b2c59aed0","tboxUUID":"51f6d8a7-b78e-506c-b396-d6cbac61521b","name":"AutomatonTransition"}
{"uuid":"92d18567-4c6a-5136-bfde-a5ef6c34a850","tboxUUID":"51f6d8a7-b78e-506c-b396-d6cbac61521b","name":"ElementBehaviorAutomatonElement"}
{"uuid":"b1752f25-f7da-5417-b47e-d6b822b8dd6d","tboxUUID":"51f6d8a7-b78e-506c-b396-d6cbac61521b","name":"InteractionBehavior"}
{"uuid":"b3cbb89c-e3f3-5a3a-a2f5-d23a42217da2","tboxUUID":"51f6d8a7-b78e-506c-b396-d6cbac61521b","name":"InteractionTerminal"}
{"uuid":"b7b78b16-2354-5096-b3b6-2350825d58a1","tboxUUID":"51f6d8a7-b78e-506c-b396-d6cbac61521b","name":"StateVariable"}
{"uuid":"b8779765-7015-5971-af34-a3e60123ab92","tboxUUID":"51f6d8a7-b78e-506c-b396-d6cbac61521b","name":"InteractionBehaviorAutomaton"}
{"uuid":"c973a07a-c399-57a9-9efc-58a8aa0079fc","tboxUUID":"51f6d8a7-b78e-506c-b396-d6cbac61521b","name":"InteractionBehaviorState"}
{"uuid":"d6c49ef1-3fb6-5dcb-9104-8d92fc75f1da","tboxUUID":"51f6d8a7-b78e-506c-b396-d6cbac61521b","name":"Interaction"}
{"uuid":"d8629f5a-100d-5123-8601-5be7504e7e4c","tboxUUID":"51f6d8a7-b78e-506c-b396-d6cbac61521b","name":"Property"}
{"uuid":"e414fd98-b0fe-59c7-9756-084eaa6eb427","tboxUUID":"51f6d8a7-b78e-506c-b396-d6cbac61521b","name":"StateVariableSurrogate"}
{"uuid":"e7fa9b42-bc1e-52e8-a16c-59adf3d28939","tboxUUID":"51f6d8a7-b78e-506c-b396-d6cbac61521b","name":"ParameterSurrogate"}
{"uuid":"eb313e2a-5c2c-5d9f-92fb-1b7f98a392f5","tboxUUID":"51f6d8a7-b78e-506c-b396-d6cbac61521b","name":"PropertySurrogate"}
{"uuid":"ee1d516f-8d6b-5910-a131-7c3d52820510","tboxUUID":"51f6d8a7-b78e-506c-b396-d6cbac61521b","name":"ElementBehaviorTransition"}
{"uuid":"f30c2494-c12b-5df7-85a7-c8443d4e5250","tboxUUID":"51f6d8a7-b78e-506c-b396-d6cbac61521b","name":"PropertyGroup"}
