{"uuid":"852244eb-8e2d-50fd-938e-2febd43b8936","tboxUUID":"51f6d8a7-b78e-506c-b396-d6cbac61521b","domainUUID":"818b7b42-384b-5c7d-88ab-a91a9c4239cf","rangeUUID":"ae0d9b26-0773-5931-91cc-ec5567d9cc3e","isIdentityCriteria":false,"name":"hasConfiguration"}
{"uuid":"abe6059f-5679-595a-94c1-a2100bac9ca8","tboxUUID":"51f6d8a7-b78e-506c-b396-d6cbac61521b","domainUUID":"0fd0f6fc-446e-5c9c-8a8e-1a244d16aba5","rangeUUID":"a9adfc58-2a4d-542f-ab6c-29bd934374ef","isIdentityCriteria":false,"name":"hasValueType"}
