{"uuid":"21a547c4-d6fc-5c90-b32a-445c00011cbc","tboxUUID":"51f6d8a7-b78e-506c-b396-d6cbac61521b","sourceUUID":"818b7b42-384b-5c7d-88ab-a91a9c4239cf","targetUUID":"7fb9e011-2420-5220-a7ef-b706a53c5bb7","isAsymmetric":false,"isEssential":false,"isFunctional":true,"isInverseEssential":false,"isInverseFunctional":true,"isIrreflexive":false,"isReflexive":false,"isSymmetric":false,"isTransitive":false,"name":"HasRegion","unreifiedPropertyName":"hasRegion","unreifiedInversePropertyName":[]}
{"uuid":"25a91501-f0bb-50a2-9292-fde2f9139915","tboxUUID":"51f6d8a7-b78e-506c-b396-d6cbac61521b","sourceUUID":"7fb9e011-2420-5220-a7ef-b706a53c5bb7","targetUUID":"4405fbed-56ac-55d5-9fdd-69fd20136b91","isAsymmetric":false,"isEssential":false,"isFunctional":true,"isInverseEssential":false,"isInverseFunctional":true,"isIrreflexive":false,"isReflexive":false,"isSymmetric":false,"isTransitive":false,"name":"HasState","unreifiedPropertyName":"hasState","unreifiedInversePropertyName":[]}
{"uuid":"31219008-e3bd-5ef0-9e21-8974b72e2bd2","tboxUUID":"51f6d8a7-b78e-506c-b396-d6cbac61521b","sourceUUID":"7fb9e011-2420-5220-a7ef-b706a53c5bb7","targetUUID":"91d87021-d71d-5627-b920-747b2c59aed0","isAsymmetric":false,"isEssential":false,"isFunctional":true,"isInverseEssential":false,"isInverseFunctional":true,"isIrreflexive":false,"isReflexive":false,"isSymmetric":false,"isTransitive":false,"name":"HasTransition","unreifiedPropertyName":"hasTransition","unreifiedInversePropertyName":[]}
{"uuid":"3458aa26-72e2-54d2-a79f-4ec82b95af82","tboxUUID":"51f6d8a7-b78e-506c-b396-d6cbac61521b","sourceUUID":"727a99f9-5f93-5801-a79d-aee7fa29b9f5","targetUUID":"f30c2494-c12b-5df7-85a7-c8443d4e5250","isAsymmetric":false,"isEssential":false,"isFunctional":false,"isInverseEssential":false,"isInverseFunctional":false,"isIrreflexive":false,"isReflexive":false,"isSymmetric":false,"isTransitive":false,"name":"References","unreifiedPropertyName":"references","unreifiedInversePropertyName":[]}
{"uuid":"63825688-4426-5b23-8354-331683e4da45","tboxUUID":"51f6d8a7-b78e-506c-b396-d6cbac61521b","sourceUUID":"9b796c54-1f80-573e-9aeb-c3babc3a8a87","targetUUID":"509d6c28-1bee-591b-adaf-bf1b0792e5db","isAsymmetric":false,"isEssential":false,"isFunctional":false,"isInverseEssential":false,"isInverseFunctional":true,"isIrreflexive":false,"isReflexive":false,"isSymmetric":false,"isTransitive":false,"name":"HasElementBehaviorClass","unreifiedPropertyName":"hasElementBehaviorClass","unreifiedInversePropertyName":[]}
{"uuid":"7ea610e8-620e-5974-8096-0358acc39835","tboxUUID":"51f6d8a7-b78e-506c-b396-d6cbac61521b","sourceUUID":"d6c49ef1-3fb6-5dcb-9104-8d92fc75f1da","targetUUID":"49229911-652f-5171-b79f-598ea5ef829b","isAsymmetric":false,"isEssential":false,"isFunctional":false,"isInverseEssential":false,"isInverseFunctional":false,"isIrreflexive":false,"isReflexive":false,"isSymmetric":false,"isTransitive":false,"name":"HasInteractionBehaviorClass","unreifiedPropertyName":"hasInteractionBehaviorClass","unreifiedInversePropertyName":[]}
{"uuid":"94c0b86b-8722-592e-8d86-7e859bb0977f","tboxUUID":"51f6d8a7-b78e-506c-b396-d6cbac61521b","sourceUUID":"f30c2494-c12b-5df7-85a7-c8443d4e5250","targetUUID":"b3cbb89c-e3f3-5a3a-a2f5-d23a42217da2","isAsymmetric":false,"isEssential":false,"isFunctional":false,"isInverseEssential":false,"isInverseFunctional":false,"isIrreflexive":false,"isReflexive":false,"isSymmetric":false,"isTransitive":false,"name":"Presents","unreifiedPropertyName":"presents","unreifiedInversePropertyName":[]}
{"uuid":"a6028c74-81a1-5605-8123-7c8303717492","tboxUUID":"51f6d8a7-b78e-506c-b396-d6cbac61521b","sourceUUID":"2e6c2d6c-e3f6-591b-90b5-22c74835ad8d","targetUUID":"60ab45b9-950e-57de-9bf5-4a76a9a4950c","isAsymmetric":false,"isEssential":false,"isFunctional":true,"isInverseEssential":false,"isInverseFunctional":false,"isIrreflexive":false,"isReflexive":false,"isSymmetric":false,"isTransitive":false,"name":"PlaysRoleOf","unreifiedPropertyName":"playsRoleOf","unreifiedInversePropertyName":[]}
{"uuid":"c48847a1-8721-55b3-9d0b-b121844acbc0","tboxUUID":"51f6d8a7-b78e-506c-b396-d6cbac61521b","sourceUUID":"eb313e2a-5c2c-5d9f-92fb-1b7f98a392f5","targetUUID":"d8629f5a-100d-5123-8601-5be7504e7e4c","isAsymmetric":false,"isEssential":false,"isFunctional":true,"isInverseEssential":false,"isInverseFunctional":false,"isIrreflexive":false,"isReflexive":false,"isSymmetric":false,"isTransitive":false,"name":"Exposes","unreifiedPropertyName":"exposes","unreifiedInversePropertyName":[]}
