{"uuid":"43eb5afa-8f5c-5e72-b7b1-8521aac1a219","tboxUUID":"51f6d8a7-b78e-506c-b396-d6cbac61521b","restrictedRangeUUID":"a9adfc58-2a4d-542f-ab6c-29bd934374ef","name":"AttributeValueType"}
{"uuid":"a9adfc58-2a4d-542f-ab6c-29bd934374ef","tboxUUID":"51f6d8a7-b78e-506c-b396-d6cbac61521b","restrictedRangeUUID":"e12b5749-0775-57a7-9688-b40799d55e81","name":"AbstractValueType"}
{"uuid":"ae0d9b26-0773-5931-91cc-ec5567d9cc3e","tboxUUID":"51f6d8a7-b78e-506c-b396-d6cbac61521b","restrictedRangeUUID":"a9adfc58-2a4d-542f-ab6c-29bd934374ef","name":"AttributeAutomatonConfigurationValueType"}
