{"uuid":"089fc412-78fc-5e4c-b2b6-9b5ea3bb92c5","tboxUUID":"51f6d8a7-b78e-506c-b396-d6cbac61521b","sourceUUID":"71266da0-8581-597c-899f-a43255ef2085","targetUUID":"ab19d7eb-3883-58ad-853e-89b4c9478354","isAsymmetric":false,"isEssential":false,"isFunctional":false,"isInverseEssential":false,"isInverseFunctional":false,"isIrreflexive":false,"isReflexive":false,"isSymmetric":false,"isTransitive":false,"name":"hasAttributeGroup"}
{"uuid":"3fed306f-9348-5437-ad36-87ad49f19553","tboxUUID":"51f6d8a7-b78e-506c-b396-d6cbac61521b","sourceUUID":"d6c49ef1-3fb6-5dcb-9104-8d92fc75f1da","targetUUID":"ab19d7eb-3883-58ad-853e-89b4c9478354","isAsymmetric":false,"isEssential":false,"isFunctional":false,"isInverseEssential":false,"isInverseFunctional":false,"isIrreflexive":false,"isReflexive":false,"isSymmetric":false,"isTransitive":false,"name":"joins"}
{"uuid":"d36650c5-3982-50eb-907b-9336ebbfb376","tboxUUID":"51f6d8a7-b78e-506c-b396-d6cbac61521b","sourceUUID":"d6c49ef1-3fb6-5dcb-9104-8d92fc75f1da","targetUUID":"b1752f25-f7da-5417-b47e-d6b822b8dd6d","isAsymmetric":false,"isEssential":false,"isFunctional":false,"isInverseEssential":false,"isInverseFunctional":false,"isIrreflexive":false,"isReflexive":false,"isSymmetric":false,"isTransitive":false,"name":"hasInteractionBehavior"}
{"uuid":"d8792ada-a239-54a8-9f8d-1672ede13783","tboxUUID":"51f6d8a7-b78e-506c-b396-d6cbac61521b","sourceUUID":"9b796c54-1f80-573e-9aeb-c3babc3a8a87","targetUUID":"0a061fd9-3143-530c-86ce-7ed00ae446bb","isAsymmetric":false,"isEssential":false,"isFunctional":false,"isInverseEssential":false,"isInverseFunctional":false,"isIrreflexive":false,"isReflexive":false,"isSymmetric":false,"isTransitive":false,"name":"hasElementBehavior"}
{"uuid":"e86d0677-4940-556e-a6c4-33842b2ea258","tboxUUID":"51f6d8a7-b78e-506c-b396-d6cbac61521b","sourceUUID":"d6c49ef1-3fb6-5dcb-9104-8d92fc75f1da","targetUUID":"71266da0-8581-597c-899f-a43255ef2085","isAsymmetric":false,"isEssential":false,"isFunctional":false,"isInverseEssential":false,"isInverseFunctional":false,"isIrreflexive":false,"isReflexive":false,"isSymmetric":false,"isTransitive":false,"name":"hasInteractionRole"}
