{"uuid":"005506c2-d443-5ccc-9549-960f289e3382","tboxUUID":"debb5cfc-ecfa-5fb1-b0e3-3c5e83f98f31","name":"LiteralInteger.QuantityValueSpecification"}
{"uuid":"12563fa2-3513-517f-90e1-a445c5de9df4","tboxUUID":"debb5cfc-ecfa-5fb1-b0e3-3c5e83f98f31","name":"LiteralUnlimitedNatural.MeasurementUncertainty"}
{"uuid":"145e112c-b92a-5a73-a292-e0cbdb9c2465","tboxUUID":"debb5cfc-ecfa-5fb1-b0e3-3c5e83f98f31","name":"LiteralNull.MeasurementUncertainty"}
{"uuid":"150693de-5a5d-5be7-a9fe-85c77e78a690","tboxUUID":"debb5cfc-ecfa-5fb1-b0e3-3c5e83f98f31","name":"LiteralInteger.MeasurementUncertainty"}
{"uuid":"2216bd46-3657-5968-b4d1-2bfb713a90dd","tboxUUID":"debb5cfc-ecfa-5fb1-b0e3-3c5e83f98f31","name":"LiteralReal.MeasurementUncertainty"}
{"uuid":"2d4fb2a7-de79-507c-80cf-0d0db22818df","tboxUUID":"debb5cfc-ecfa-5fb1-b0e3-3c5e83f98f31","name":"Port.Quantity.InfluenceQuantity"}
{"uuid":"35923a93-392d-537e-80cb-666948df5c25","tboxUUID":"debb5cfc-ecfa-5fb1-b0e3-3c5e83f98f31","name":"LiteralBoolean.QuantityValueSpecification"}
{"uuid":"37e9d49d-1a0a-5dc1-a747-8361cc72f0f0","tboxUUID":"debb5cfc-ecfa-5fb1-b0e3-3c5e83f98f31","name":"StringExpression.MeasurementUncertainty"}
{"uuid":"395758a3-9fda-5d83-b850-f52668c6044b","tboxUUID":"debb5cfc-ecfa-5fb1-b0e3-3c5e83f98f31","name":"LiteralString.MeasurementUncertainty"}
{"uuid":"3cee22fe-0001-5999-8bae-9d4da8c3c633","tboxUUID":"debb5cfc-ecfa-5fb1-b0e3-3c5e83f98f31","name":"Port.Quantity"}
{"uuid":"42517202-faf3-5fb4-8d72-e8d151066678","tboxUUID":"debb5cfc-ecfa-5fb1-b0e3-3c5e83f98f31","name":"DurationInterval.MeasurementUncertainty"}
{"uuid":"59848aa1-e8f2-5143-afd9-989135fa563a","tboxUUID":"debb5cfc-ecfa-5fb1-b0e3-3c5e83f98f31","name":"Property.Quantity"}
{"uuid":"6e0b26e0-877d-53b7-8eeb-25d992f312a0","tboxUUID":"debb5cfc-ecfa-5fb1-b0e3-3c5e83f98f31","name":"Property.Quantity.Measurand"}
{"uuid":"70e19eee-e6b4-542d-9a30-abf7a341a9b3","tboxUUID":"debb5cfc-ecfa-5fb1-b0e3-3c5e83f98f31","name":"StringExpression.QuantityValueSpecification"}
{"uuid":"73ef3b73-362c-57e8-bbc4-990770132bab","tboxUUID":"debb5cfc-ecfa-5fb1-b0e3-3c5e83f98f31","name":"PrimitiveType.ValueType.MasurementScale"}
{"uuid":"75772a0f-872a-5d7e-a032-f1a097c0d170","tboxUUID":"debb5cfc-ecfa-5fb1-b0e3-3c5e83f98f31","name":"ElementValue.MeasurementUncertainty"}
{"uuid":"78f7df26-2b12-5e4e-b2cf-bbc1a94aee72","tboxUUID":"debb5cfc-ecfa-5fb1-b0e3-3c5e83f98f31","name":"Duration.MeasurementUncertainty"}
{"uuid":"7f40884e-46c1-589a-a414-4ae732acb356","tboxUUID":"debb5cfc-ecfa-5fb1-b0e3-3c5e83f98f31","name":"Port.Quantity.InputQuantity"}
{"uuid":"81eebc6c-0a3c-53c2-86ba-38c2709c540f","tboxUUID":"debb5cfc-ecfa-5fb1-b0e3-3c5e83f98f31","name":"LiteralString.QuantityValueSpecification"}
{"uuid":"82fc2617-c415-599e-99bd-7532d4d04559","tboxUUID":"debb5cfc-ecfa-5fb1-b0e3-3c5e83f98f31","name":"LiteralNull.QuantityValueSpecification"}
{"uuid":"86d1b80f-6fbe-5fc7-ae9c-8f1979166251","tboxUUID":"debb5cfc-ecfa-5fb1-b0e3-3c5e83f98f31","name":"TimeInterval.MeasurementUncertainty"}
{"uuid":"8e07e8ef-74b9-5152-9c3c-4367ab4c3d35","tboxUUID":"debb5cfc-ecfa-5fb1-b0e3-3c5e83f98f31","name":"Interval.MeasurementUncertainty"}
{"uuid":"8e436136-b7c0-5ac1-ae0a-2f6995f3d529","tboxUUID":"debb5cfc-ecfa-5fb1-b0e3-3c5e83f98f31","name":"Expression.QuantityValueSpecification"}
{"uuid":"95823e15-ec04-5666-96c1-db1f579966c9","tboxUUID":"debb5cfc-ecfa-5fb1-b0e3-3c5e83f98f31","name":"ElementValue.QuantityValueSpecification"}
{"uuid":"98e79957-498a-5d6b-b382-612dd3a8a68a","tboxUUID":"debb5cfc-ecfa-5fb1-b0e3-3c5e83f98f31","name":"EnumerationLiteral.MeasurementResult"}
{"uuid":"9f0c8fd7-fe19-59c5-b410-e2388fde008b","tboxUUID":"debb5cfc-ecfa-5fb1-b0e3-3c5e83f98f31","name":"Expression.MeasurementUncertainty"}
{"uuid":"a0e867ed-007b-50f8-b7f2-f303410fb977","tboxUUID":"debb5cfc-ecfa-5fb1-b0e3-3c5e83f98f31","name":"Duration.QuantityValueSpecification"}
{"uuid":"a8431847-a919-5aee-92e7-8d6408f2c3aa","tboxUUID":"debb5cfc-ecfa-5fb1-b0e3-3c5e83f98f31","name":"Port.Quantity.Measurand"}
{"uuid":"ad38915b-16d6-5c01-9324-32ac08e54753","tboxUUID":"debb5cfc-ecfa-5fb1-b0e3-3c5e83f98f31","name":"Property.Quantity.InputQuantity"}
{"uuid":"adebbaf0-5447-52cf-b994-966934e77b8d","tboxUUID":"debb5cfc-ecfa-5fb1-b0e3-3c5e83f98f31","name":"Property.Quantity.InfluenceQuantity"}
{"uuid":"affa344d-c32d-5c8f-a1d8-d268fff65702","tboxUUID":"debb5cfc-ecfa-5fb1-b0e3-3c5e83f98f31","name":"DurationInterval.QuantityValueSpecification"}
{"uuid":"affde08c-3ed3-5b49-b688-2ee3c70cc6ad","tboxUUID":"debb5cfc-ecfa-5fb1-b0e3-3c5e83f98f31","name":"OpaqueExpression.QuantityValueSpecification"}
{"uuid":"b3be1819-9ef0-525e-972c-3ffe141ded86","tboxUUID":"debb5cfc-ecfa-5fb1-b0e3-3c5e83f98f31","name":"TimeExpression.MeasurementUncertainty"}
{"uuid":"b788f562-cb0f-5b55-b41b-a402f85e171a","tboxUUID":"debb5cfc-ecfa-5fb1-b0e3-3c5e83f98f31","name":"Interval.QuantityValueSpecification"}
{"uuid":"c4d5a528-989e-5350-b80e-1c2026f01b72","tboxUUID":"debb5cfc-ecfa-5fb1-b0e3-3c5e83f98f31","name":"TimeInterval.QuantityValueSpecification"}
{"uuid":"c552793f-b3c4-5681-a7f3-2f9bd407735e","tboxUUID":"debb5cfc-ecfa-5fb1-b0e3-3c5e83f98f31","name":"LiteralBoolean.MeasurementUncertainty"}
{"uuid":"cac8bd25-ba5c-5665-85b8-c6a4053ee07e","tboxUUID":"debb5cfc-ecfa-5fb1-b0e3-3c5e83f98f31","name":"InstanceSpecification.MeasurementResult"}
{"uuid":"d5b755ad-72bf-55da-bb19-414fc749ce70","tboxUUID":"debb5cfc-ecfa-5fb1-b0e3-3c5e83f98f31","name":"OpaqueExpression.MeasurementUncertainty"}
{"uuid":"d8e77f80-9905-5c12-a203-c3b4956aeb95","tboxUUID":"debb5cfc-ecfa-5fb1-b0e3-3c5e83f98f31","name":"InstanceValue.QuantityValueSpecification"}
{"uuid":"de3856f0-7812-53e8-9722-83eeb849bcc8","tboxUUID":"debb5cfc-ecfa-5fb1-b0e3-3c5e83f98f31","name":"LiteralUnlimitedNatural.QuantityValueSpecification"}
{"uuid":"dec24de3-bc0f-5cf8-86d6-1968127c15c3","tboxUUID":"debb5cfc-ecfa-5fb1-b0e3-3c5e83f98f31","name":"TimeExpression.QuantityValueSpecification"}
{"uuid":"e570f1ba-f4ca-5672-ab8f-21ea7a11f19e","tboxUUID":"debb5cfc-ecfa-5fb1-b0e3-3c5e83f98f31","name":"InstanceValue.MeasurementUncertainty"}
{"uuid":"e8fa3c3b-2d49-5973-9d70-09996ac4687b","tboxUUID":"debb5cfc-ecfa-5fb1-b0e3-3c5e83f98f31","name":"Enumeration.ValueType.MasurementScale"}
{"uuid":"ef437cf2-26db-512c-bfa7-16a8d8a6cbd2","tboxUUID":"debb5cfc-ecfa-5fb1-b0e3-3c5e83f98f31","name":"DataType.ValueType.MasurementScale"}
{"uuid":"fc0558cd-36d9-511b-a964-eafcc2232263","tboxUUID":"debb5cfc-ecfa-5fb1-b0e3-3c5e83f98f31","name":"LiteralReal.QuantityValueSpecification"}
