{"uuid":"06cd8462-ae07-5510-9da0-97471a616aa0","tboxUUID":"16d8de4f-550b-5f60-bcf0-80f8df4e8c1c","name":"FlowSpecification"}
{"uuid":"098e775c-8275-5389-8461-2774fa15e0a1","tboxUUID":"16d8de4f-550b-5f60-bcf0-80f8df4e8c1c","name":"ValueType"}
{"uuid":"140e788a-39cd-52f6-8a62-ee1a47c7d24d","tboxUUID":"16d8de4f-550b-5f60-bcf0-80f8df4e8c1c","name":"Trace.Copy"}
{"uuid":"18bf55c8-711a-548c-859f-9b94cab01d6c","tboxUUID":"16d8de4f-550b-5f60-bcf0-80f8df4e8c1c","name":"View"}
{"uuid":"1904d762-3013-5b18-a961-990d9caafe3f","tboxUUID":"16d8de4f-550b-5f60-bcf0-80f8df4e8c1c","name":"Block.ConstraintBlock"}
{"uuid":"21e8793a-6d67-5071-9852-7f4517a262ba","tboxUUID":"16d8de4f-550b-5f60-bcf0-80f8df4e8c1c","name":"Trace.Verify"}
{"uuid":"2269cc77-3c20-5d77-9aba-8cffe2433304","tboxUUID":"16d8de4f-550b-5f60-bcf0-80f8df4e8c1c","name":"Port.FlowPort"}
{"uuid":"25d91ecd-6a00-59e3-80d7-6a87475fb4eb","tboxUUID":"16d8de4f-550b-5f60-bcf0-80f8df4e8c1c","name":"Requirement"}
{"uuid":"25db9fc2-f594-5b8a-9d02-db288656baa5","tboxUUID":"16d8de4f-550b-5f60-bcf0-80f8df4e8c1c","name":"Verify"}
{"uuid":"27238636-3bb6-5d42-af5e-26281849e72d","tboxUUID":"16d8de4f-550b-5f60-bcf0-80f8df4e8c1c","name":"Satisfy"}
{"uuid":"310843d9-bf1e-5976-9354-256aad586537","tboxUUID":"16d8de4f-550b-5f60-bcf0-80f8df4e8c1c","name":"Optional"}
{"uuid":"322b8e48-d1a4-5679-8134-c5cbaa52d32d","tboxUUID":"16d8de4f-550b-5f60-bcf0-80f8df4e8c1c","name":"ParameterSet.Probability"}
{"uuid":"332b627d-042c-5623-b37d-78a0b6a4b15d","tboxUUID":"16d8de4f-550b-5f60-bcf0-80f8df4e8c1c","name":"InvocationOnNestedPortAction"}
{"uuid":"35307ea7-a304-5ca6-a1ac-208b2c2d79a3","tboxUUID":"16d8de4f-550b-5f60-bcf0-80f8df4e8c1c","name":"NoBuffer"}
{"uuid":"35725c79-563e-57a6-b264-f65c2c0777fa","tboxUUID":"16d8de4f-550b-5f60-bcf0-80f8df4e8c1c","name":"Discrete"}
{"uuid":"35f8ce33-a84a-5e01-a304-800cefb0d748","tboxUUID":"16d8de4f-550b-5f60-bcf0-80f8df4e8c1c","name":"Dependency.Conform"}
{"uuid":"37a47e0e-f502-55a9-8641-f918548ae540","tboxUUID":"16d8de4f-550b-5f60-bcf0-80f8df4e8c1c","name":"Probability"}
{"uuid":"38bf8085-2eaf-53ea-a482-fcd81db4dcf3","tboxUUID":"16d8de4f-550b-5f60-bcf0-80f8df4e8c1c","name":"FlowPort"}
{"uuid":"3d0d949d-4df7-5c15-a44d-eec065d3fa56","tboxUUID":"16d8de4f-550b-5f60-bcf0-80f8df4e8c1c","name":"Connector.BindingConnector"}
{"uuid":"3d60ddc4-96f2-5fce-bb17-f710f7a45d47","tboxUUID":"16d8de4f-550b-5f60-bcf0-80f8df4e8c1c","name":"Feature.DirectedFeature"}
{"uuid":"3f5af6b0-34d5-5add-8f1c-8a99fec1e4f3","tboxUUID":"16d8de4f-550b-5f60-bcf0-80f8df4e8c1c","name":"ActivityEdge.Probability"}
{"uuid":"42e40776-f59b-561e-b650-9c1361ddbd61","tboxUUID":"16d8de4f-550b-5f60-bcf0-80f8df4e8c1c","name":"ConnectorEnd.NestedConnectorEnd"}
{"uuid":"44e5eb65-496f-5caa-8ab1-52c88cf82d96","tboxUUID":"16d8de4f-550b-5f60-bcf0-80f8df4e8c1c","name":"Unit"}
{"uuid":"45368294-17ce-52e2-a92b-50be24bd2288","tboxUUID":"16d8de4f-550b-5f60-bcf0-80f8df4e8c1c","name":"Interface.FlowSpecification"}
{"uuid":"46f5fe35-e99c-5c44-9f30-6645c8e5e04c","tboxUUID":"16d8de4f-550b-5f60-bcf0-80f8df4e8c1c","name":"ItemFlow"}
{"uuid":"47278b54-997d-50bb-ae46-1192a491a9fc","tboxUUID":"16d8de4f-550b-5f60-bcf0-80f8df4e8c1c","name":"FullPort"}
{"uuid":"523afdc3-bd88-5ac8-a673-c6954786b954","tboxUUID":"16d8de4f-550b-5f60-bcf0-80f8df4e8c1c","name":"ConstraintProperty"}
{"uuid":"5249a22d-4216-5381-b62b-b85dd718b11a","tboxUUID":"16d8de4f-550b-5f60-bcf0-80f8df4e8c1c","name":"BindingConnector"}
{"uuid":"55b5f2df-b7e0-5cbd-a2f0-e5b413db9df3","tboxUUID":"16d8de4f-550b-5f60-bcf0-80f8df4e8c1c","name":"TestCase"}
{"uuid":"585642c6-1741-5252-9992-ab4df6cf78a3","tboxUUID":"16d8de4f-550b-5f60-bcf0-80f8df4e8c1c","name":"ParticipantProperty"}
{"uuid":"5a6bc907-7f9c-5fb1-b756-5ae13443981f","tboxUUID":"16d8de4f-550b-5f60-bcf0-80f8df4e8c1c","name":"Parameter.Optional"}
{"uuid":"5cbfefed-44bd-5cbd-9103-1aae4d1cfb09","tboxUUID":"16d8de4f-550b-5f60-bcf0-80f8df4e8c1c","name":"Trace.Satisfy"}
{"uuid":"62617878-bdcb-517f-aaef-adb9fca16af0","tboxUUID":"16d8de4f-550b-5f60-bcf0-80f8df4e8c1c","name":"NamedElement.Allocated"}
{"uuid":"64e5f18e-99c5-586b-8cb8-64958151a2f9","tboxUUID":"16d8de4f-550b-5f60-bcf0-80f8df4e8c1c","name":"Property.DistributedProperty"}
{"uuid":"657cc214-8582-5967-86ba-920e5b575e33","tboxUUID":"16d8de4f-550b-5f60-bcf0-80f8df4e8c1c","name":"Overwrite"}
{"uuid":"65d1062f-414f-5ac7-b066-a992f8353a1e","tboxUUID":"16d8de4f-550b-5f60-bcf0-80f8df4e8c1c","name":"InformationFlow.ItemFlow"}
{"uuid":"671a08e9-db6f-58a4-99bb-4a03bdc690ee","tboxUUID":"16d8de4f-550b-5f60-bcf0-80f8df4e8c1c","name":"Abstraction.Allocate"}
{"uuid":"68db03e3-574d-5b24-a3a6-4a74d7686ee2","tboxUUID":"16d8de4f-550b-5f60-bcf0-80f8df4e8c1c","name":"Property.FlowProperty"}
{"uuid":"69dcb1e2-6ce6-50a7-8a70-4eaf6fa84852","tboxUUID":"16d8de4f-550b-5f60-bcf0-80f8df4e8c1c","name":"Comment.Rationale"}
{"uuid":"6afb44ca-ef42-56d4-8016-1c27b7e8bdda","tboxUUID":"16d8de4f-550b-5f60-bcf0-80f8df4e8c1c","name":"Operation.TestCase"}
{"uuid":"730be0e5-9ab2-5b08-876e-421cd7f84631","tboxUUID":"16d8de4f-550b-5f60-bcf0-80f8df4e8c1c","name":"Rate"}
{"uuid":"786b01d8-364e-5456-9873-ee6341259b96","tboxUUID":"16d8de4f-550b-5f60-bcf0-80f8df4e8c1c","name":"DirectedFeature"}
{"uuid":"78db79b3-f234-5711-9f6a-5d8c6f031d10","tboxUUID":"16d8de4f-550b-5f60-bcf0-80f8df4e8c1c","name":"Behavior.TestCase"}
{"uuid":"79756dd1-e1d6-54d9-a9b7-3eecffdb2b51","tboxUUID":"16d8de4f-550b-5f60-bcf0-80f8df4e8c1c","name":"ActivityPartition.AllocateActivityPartition"}
{"uuid":"7a18523f-396f-588e-9091-1fb9bbcc17f9","tboxUUID":"16d8de4f-550b-5f60-bcf0-80f8df4e8c1c","name":"ActivityEdge.Rate"}
{"uuid":"7ab691d9-dea7-5133-9c23-d24e250ff2ec","tboxUUID":"16d8de4f-550b-5f60-bcf0-80f8df4e8c1c","name":"Package.View"}
{"uuid":"7c04eee3-3c73-5d66-abc8-146f8f1664f6","tboxUUID":"16d8de4f-550b-5f60-bcf0-80f8df4e8c1c","name":"Port.FullPort"}
{"uuid":"81e030a1-a3a8-5e89-b4f0-19a965b3e8b9","tboxUUID":"16d8de4f-550b-5f60-bcf0-80f8df4e8c1c","name":"Block.InterfaceBlock"}
{"uuid":"8826f5cc-961d-58ed-b977-74a53deb89ed","tboxUUID":"16d8de4f-550b-5f60-bcf0-80f8df4e8c1c","name":"DeriveReqt"}
{"uuid":"8a006a58-0ae7-592f-99b8-4c2bebc28a27","tboxUUID":"16d8de4f-550b-5f60-bcf0-80f8df4e8c1c","name":"Port.ProxyPort"}
{"uuid":"8c7ca012-b637-5ec2-b1ed-4157543f9d72","tboxUUID":"16d8de4f-550b-5f60-bcf0-80f8df4e8c1c","name":"NamedElement.RequirementRelated"}
{"uuid":"8e0f5549-e81f-5b65-8f42-e25bdd3f65f9","tboxUUID":"16d8de4f-550b-5f60-bcf0-80f8df4e8c1c","name":"ObjectNode.NoBuffer"}
{"uuid":"9488f7db-32b0-52b1-a283-d53e6550dc64","tboxUUID":"16d8de4f-550b-5f60-bcf0-80f8df4e8c1c","name":"Rate.Continuous"}
{"uuid":"975ade73-3c3d-5ed5-8ac9-78bd1d3a447b","tboxUUID":"16d8de4f-550b-5f60-bcf0-80f8df4e8c1c","name":"ControlOperator"}
{"uuid":"97fdfd1f-f524-5f84-be76-dd814b70320c","tboxUUID":"16d8de4f-550b-5f60-bcf0-80f8df4e8c1c","name":"Conform"}
{"uuid":"9a23c01f-7c81-5096-8e39-306215c24be4","tboxUUID":"16d8de4f-550b-5f60-bcf0-80f8df4e8c1c","name":"Comment.Problem"}
{"uuid":"9b0deb6c-2c65-51e5-9acc-b76cc3ff38f4","tboxUUID":"16d8de4f-550b-5f60-bcf0-80f8df4e8c1c","name":"Allocate"}
{"uuid":"9d3f0dbb-0268-56ce-85c6-c27eee9291f9","tboxUUID":"16d8de4f-550b-5f60-bcf0-80f8df4e8c1c","name":"DistributedProperty"}
{"uuid":"9dbc3d11-acfb-5236-8898-d88577ba14a6","tboxUUID":"16d8de4f-550b-5f60-bcf0-80f8df4e8c1c","name":"Class.Requirement"}
{"uuid":"a3bf0902-8c8b-5f75-8012-f5ac46e12a87","tboxUUID":"16d8de4f-550b-5f60-bcf0-80f8df4e8c1c","name":"ConnectorProperty"}
{"uuid":"a6b7a49d-a15a-5d73-873c-f3dc0459fd80","tboxUUID":"16d8de4f-550b-5f60-bcf0-80f8df4e8c1c","name":"AllocateActivityPartition"}
{"uuid":"ad8617b9-32e3-5fdd-b60e-e473d2c4f052","tboxUUID":"16d8de4f-550b-5f60-bcf0-80f8df4e8c1c","name":"Block"}
{"uuid":"ad8fdf67-6787-5f5b-b51e-47b2fccca27a","tboxUUID":"16d8de4f-550b-5f60-bcf0-80f8df4e8c1c","name":"ProxyPort"}
{"uuid":"b7686167-6b1b-528c-926f-9610d7613323","tboxUUID":"16d8de4f-550b-5f60-bcf0-80f8df4e8c1c","name":"ObjectNode.Overwrite"}
{"uuid":"b8bfcf88-3c51-5323-b125-46b276d8c283","tboxUUID":"16d8de4f-550b-5f60-bcf0-80f8df4e8c1c","name":"InvocationAction.InvocationOnNestedPortAction"}
{"uuid":"b95ad248-9575-58ee-a4d6-ec728c993fb6","tboxUUID":"16d8de4f-550b-5f60-bcf0-80f8df4e8c1c","name":"Continuous"}
{"uuid":"ba775f59-e36a-572e-9817-a43d6dcde817","tboxUUID":"16d8de4f-550b-5f60-bcf0-80f8df4e8c1c","name":"Allocated"}
{"uuid":"bd7c6e33-9794-5cf7-aa56-dc5db439d05b","tboxUUID":"16d8de4f-550b-5f60-bcf0-80f8df4e8c1c","name":"AcceptEventAction.AcceptChangeStructuralFeatureEventAction"}
{"uuid":"be5c549b-bdd9-5e03-9a9a-c8815a5e35b6","tboxUUID":"16d8de4f-550b-5f60-bcf0-80f8df4e8c1c","name":"ChangeStructuralFeatureEvent"}
{"uuid":"c129b71d-92c8-58ea-a75b-5458cb946a9f","tboxUUID":"16d8de4f-550b-5f60-bcf0-80f8df4e8c1c","name":"AcceptChangeStructuralFeatureEventAction"}
{"uuid":"ca62e8d1-b43c-5b15-94d0-846b5e40f451","tboxUUID":"16d8de4f-550b-5f60-bcf0-80f8df4e8c1c","name":"Rate.Discrete"}
{"uuid":"ca6b6010-615d-5bf5-93e6-09f204a037c6","tboxUUID":"16d8de4f-550b-5f60-bcf0-80f8df4e8c1c","name":"NestedConnectorEnd"}
{"uuid":"cc64d15d-accc-5eae-a80d-5ba87ba2c64c","tboxUUID":"16d8de4f-550b-5f60-bcf0-80f8df4e8c1c","name":"FlowProperty"}
{"uuid":"cdb6f1c5-8452-5405-b809-4c6fbdebfa26","tboxUUID":"16d8de4f-550b-5f60-bcf0-80f8df4e8c1c","name":"Property.ParticipantProperty"}
{"uuid":"d00183b9-eb59-50f5-bf38-6944e2405a4f","tboxUUID":"16d8de4f-550b-5f60-bcf0-80f8df4e8c1c","name":"Problem"}
{"uuid":"d02a3025-b10c-525c-b92e-e25b7cf831a1","tboxUUID":"16d8de4f-550b-5f60-bcf0-80f8df4e8c1c","name":"InterfaceBlock"}
{"uuid":"d170f45d-9024-50d7-9251-c3389a13ed63","tboxUUID":"16d8de4f-550b-5f60-bcf0-80f8df4e8c1c","name":"Trigger.TriggerOnNestedPort"}
{"uuid":"d37adaf8-9444-572c-9b04-867e13940db6","tboxUUID":"16d8de4f-550b-5f60-bcf0-80f8df4e8c1c","name":"Copy"}
{"uuid":"d410e895-2dd2-5a23-a487-6eee0b425a91","tboxUUID":"16d8de4f-550b-5f60-bcf0-80f8df4e8c1c","name":"ConstraintBlock"}
{"uuid":"d5854f7e-278a-505c-9576-aad929a50831","tboxUUID":"16d8de4f-550b-5f60-bcf0-80f8df4e8c1c","name":"RequirementRelated"}
{"uuid":"d62c8cc3-0fa4-540a-b28e-43cc07a879d4","tboxUUID":"16d8de4f-550b-5f60-bcf0-80f8df4e8c1c","name":"Property.ConnectorProperty"}
{"uuid":"d83e12be-929f-5968-ad44-de0b0ef95cea","tboxUUID":"16d8de4f-550b-5f60-bcf0-80f8df4e8c1c","name":"DataType.ValueType"}
{"uuid":"d9bb0d41-37d3-5ca6-b01e-fc16e2e10065","tboxUUID":"16d8de4f-550b-5f60-bcf0-80f8df4e8c1c","name":"QuantityKind"}
{"uuid":"dcf03846-c05a-504b-be0c-228f3183bf70","tboxUUID":"16d8de4f-550b-5f60-bcf0-80f8df4e8c1c","name":"Class.Block"}
{"uuid":"df4510c7-263f-5a8e-b6b0-0eef9e284dae","tboxUUID":"16d8de4f-550b-5f60-bcf0-80f8df4e8c1c","name":"Behavior.ControlOperator"}
{"uuid":"dfae5fa4-359f-55a6-88af-57261becb16d","tboxUUID":"16d8de4f-550b-5f60-bcf0-80f8df4e8c1c","name":"ChangeEvent.ChangeStructuralFeatureEvent"}
{"uuid":"e510324f-e924-58b9-aa8c-6ac4d2f4309d","tboxUUID":"16d8de4f-550b-5f60-bcf0-80f8df4e8c1c","name":"Rationale"}
{"uuid":"e6d3ce60-e624-5194-bb23-dbcec46ae48a","tboxUUID":"16d8de4f-550b-5f60-bcf0-80f8df4e8c1c","name":"Class.Viewpoint"}
{"uuid":"e8de0cbe-c6a9-50ba-b4a2-a6f00409b0da","tboxUUID":"16d8de4f-550b-5f60-bcf0-80f8df4e8c1c","name":"Parameter.Rate"}
{"uuid":"ec8a1080-da2c-59ca-835a-30aab057fab5","tboxUUID":"16d8de4f-550b-5f60-bcf0-80f8df4e8c1c","name":"Trace.DeriveReqt"}
{"uuid":"ecea6c01-07e5-5f92-a07e-9cc3e0ea8d0f","tboxUUID":"16d8de4f-550b-5f60-bcf0-80f8df4e8c1c","name":"Operation.ControlOperator"}
{"uuid":"eee27615-2c75-5056-968f-f5c916213e9b","tboxUUID":"16d8de4f-550b-5f60-bcf0-80f8df4e8c1c","name":"Classifier.PropertySpecificType"}
{"uuid":"f690d5e5-1985-56fb-8a60-3c72131bfc51","tboxUUID":"16d8de4f-550b-5f60-bcf0-80f8df4e8c1c","name":"Viewpoint"}
{"uuid":"f6fd2db9-e2b3-5bc6-b237-75fe6425bb2f","tboxUUID":"16d8de4f-550b-5f60-bcf0-80f8df4e8c1c","name":"PropertySpecificType"}
{"uuid":"f8674e9a-c53d-567d-93d8-7464837e75c9","tboxUUID":"16d8de4f-550b-5f60-bcf0-80f8df4e8c1c","name":"Property.ConstraintProperty"}
{"uuid":"f8a74336-99bd-5384-b54a-8c600f7ed855","tboxUUID":"16d8de4f-550b-5f60-bcf0-80f8df4e8c1c","name":"TriggerOnNestedPort"}
