{"uuid":"0f2c1e27-45f1-52e7-89dd-137e9a4475ad","tboxUUID":"16d8de4f-550b-5f60-bcf0-80f8df4e8c1c","domainUUID":"38bf8085-2eaf-53ea-a482-fcd81db4dcf3","rangeUUID":"a5c6df47-f39d-578b-a4b5-f248dd3607d6","isIdentityCriteria":false,"name":"FlowPort.direction"}
{"uuid":"1032507d-57b3-5664-80fc-64a6068fbec4","tboxUUID":"16d8de4f-550b-5f60-bcf0-80f8df4e8c1c","domainUUID":"d9bb0d41-37d3-5ca6-b01e-fc16e2e10065","rangeUUID":"e12b5749-0775-57a7-9688-b40799d55e81","isIdentityCriteria":false,"name":"QuantityKind.definitionURI"}
{"uuid":"219db5fe-4cae-5205-a33e-508d107e163e","tboxUUID":"16d8de4f-550b-5f60-bcf0-80f8df4e8c1c","domainUUID":"786b01d8-364e-5456-9873-ee6341259b96","rangeUUID":"faceaaa6-3c22-5f43-8890-21dc57aaa1db","isIdentityCriteria":false,"name":"DirectedFeature.featureDirection"}
{"uuid":"3069314c-4501-5cff-9944-9935a563a028","tboxUUID":"16d8de4f-550b-5f60-bcf0-80f8df4e8c1c","domainUUID":"44e5eb65-496f-5caa-8ab1-52c88cf82d96","rangeUUID":"e12b5749-0775-57a7-9688-b40799d55e81","isIdentityCriteria":false,"name":"Unit.description"}
{"uuid":"4001abf2-fdfd-5cd8-b063-e317a418da49","tboxUUID":"16d8de4f-550b-5f60-bcf0-80f8df4e8c1c","domainUUID":"f690d5e5-1985-56fb-8a60-3c72131bfc51","rangeUUID":"e12b5749-0775-57a7-9688-b40799d55e81","isIdentityCriteria":false,"name":"Viewpoint.languages"}
{"uuid":"495ff851-ec85-53fa-b086-692bf6ecaefd","tboxUUID":"16d8de4f-550b-5f60-bcf0-80f8df4e8c1c","domainUUID":"d9bb0d41-37d3-5ca6-b01e-fc16e2e10065","rangeUUID":"e12b5749-0775-57a7-9688-b40799d55e81","isIdentityCriteria":false,"name":"QuantityKind.description"}
{"uuid":"4f97b30e-34b5-5813-88c9-c12b800a1b06","tboxUUID":"16d8de4f-550b-5f60-bcf0-80f8df4e8c1c","domainUUID":"f690d5e5-1985-56fb-8a60-3c72131bfc51","rangeUUID":"e12b5749-0775-57a7-9688-b40799d55e81","isIdentityCriteria":false,"name":"Viewpoint.methods"}
{"uuid":"53b48732-5a77-5fa0-9a56-b86a6f568f94","tboxUUID":"16d8de4f-550b-5f60-bcf0-80f8df4e8c1c","domainUUID":"f690d5e5-1985-56fb-8a60-3c72131bfc51","rangeUUID":"e12b5749-0775-57a7-9688-b40799d55e81","isIdentityCriteria":false,"name":"Viewpoint.stakeholders"}
{"uuid":"64e66655-1b15-54d6-bf01-dbf9bf20deea","tboxUUID":"16d8de4f-550b-5f60-bcf0-80f8df4e8c1c","domainUUID":"ad8617b9-32e3-5fdd-b60e-e473d2c4f052","rangeUUID":"2fe55207-e695-5aab-87ec-7f85cd56e864","isIdentityCriteria":false,"name":"Block.isEncapsulated"}
{"uuid":"7fa71da0-de7a-552b-b7cb-daba9b94ff6d","tboxUUID":"16d8de4f-550b-5f60-bcf0-80f8df4e8c1c","domainUUID":"44e5eb65-496f-5caa-8ab1-52c88cf82d96","rangeUUID":"e12b5749-0775-57a7-9688-b40799d55e81","isIdentityCriteria":false,"name":"Unit.symbol"}
{"uuid":"87f6a5bc-f826-5954-9940-24807f301a33","tboxUUID":"16d8de4f-550b-5f60-bcf0-80f8df4e8c1c","domainUUID":"44e5eb65-496f-5caa-8ab1-52c88cf82d96","rangeUUID":"e12b5749-0775-57a7-9688-b40799d55e81","isIdentityCriteria":false,"name":"Unit.definitionURI"}
{"uuid":"95d06755-ebf1-52af-85f5-01a0597e6016","tboxUUID":"16d8de4f-550b-5f60-bcf0-80f8df4e8c1c","domainUUID":"d9bb0d41-37d3-5ca6-b01e-fc16e2e10065","rangeUUID":"e12b5749-0775-57a7-9688-b40799d55e81","isIdentityCriteria":false,"name":"QuantityKind.symbol"}
{"uuid":"be9f55fa-32ce-52bd-907d-abafda85bfd6","tboxUUID":"16d8de4f-550b-5f60-bcf0-80f8df4e8c1c","domainUUID":"38bf8085-2eaf-53ea-a482-fcd81db4dcf3","rangeUUID":"2fe55207-e695-5aab-87ec-7f85cd56e864","isIdentityCriteria":false,"name":"FlowPort.isAtomic"}
{"uuid":"bf1984a6-be1e-5284-b277-2d2279b9bdaf","tboxUUID":"16d8de4f-550b-5f60-bcf0-80f8df4e8c1c","domainUUID":"f690d5e5-1985-56fb-8a60-3c72131bfc51","rangeUUID":"e12b5749-0775-57a7-9688-b40799d55e81","isIdentityCriteria":false,"name":"Viewpoint.purpose"}
{"uuid":"dc45155a-7fc8-52b7-8111-8fa90411987a","tboxUUID":"16d8de4f-550b-5f60-bcf0-80f8df4e8c1c","domainUUID":"25d91ecd-6a00-59e3-80d7-6a87475fb4eb","rangeUUID":"e12b5749-0775-57a7-9688-b40799d55e81","isIdentityCriteria":false,"name":"Requirement.text"}
{"uuid":"e8ef53ce-971c-5b0b-a5bb-e52a9233b934","tboxUUID":"16d8de4f-550b-5f60-bcf0-80f8df4e8c1c","domainUUID":"f690d5e5-1985-56fb-8a60-3c72131bfc51","rangeUUID":"e12b5749-0775-57a7-9688-b40799d55e81","isIdentityCriteria":false,"name":"Viewpoint.concerns"}
{"uuid":"f90ac484-7d3d-569c-8cf9-30627e3d901c","tboxUUID":"16d8de4f-550b-5f60-bcf0-80f8df4e8c1c","domainUUID":"cc64d15d-accc-5eae-a80d-5ba87ba2c64c","rangeUUID":"a5c6df47-f39d-578b-a4b5-f248dd3607d6","isIdentityCriteria":false,"name":"FlowProperty.direction"}
{"uuid":"fb494b9e-401a-522e-8f17-1fe45600229d","tboxUUID":"16d8de4f-550b-5f60-bcf0-80f8df4e8c1c","domainUUID":"25d91ecd-6a00-59e3-80d7-6a87475fb4eb","rangeUUID":"e12b5749-0775-57a7-9688-b40799d55e81","isIdentityCriteria":false,"name":"Requirement.id"}
