{"uuid":"20171584-a087-55ad-83c0-190c52a69264","tboxUUID":"16d8de4f-550b-5f60-bcf0-80f8df4e8c1c","sourceUUID":"098e775c-8275-5389-8461-2774fa15e0a1","targetUUID":"44e5eb65-496f-5caa-8ab1-52c88cf82d96","isAsymmetric":false,"isEssential":false,"isFunctional":true,"isInverseEssential":false,"isInverseFunctional":false,"isIrreflexive":false,"isReflexive":false,"isSymmetric":false,"isTransitive":false,"name":"A_valueType_unit","unreifiedPropertyName":"a_valueType_unit","unreifiedInversePropertyName":[]}
{"uuid":"6acbb684-e3d7-5e41-be08-4311808f1a7a","tboxUUID":"16d8de4f-550b-5f60-bcf0-80f8df4e8c1c","sourceUUID":"f8a74336-99bd-5384-b54a-8c600f7ed855","targetUUID":"3e3d1410-03cf-5c0e-8a7a-a39e12750fed","isAsymmetric":false,"isEssential":false,"isFunctional":false,"isInverseEssential":false,"isInverseFunctional":false,"isIrreflexive":false,"isReflexive":false,"isSymmetric":false,"isTransitive":false,"name":"A_triggerOnNestedPort_onNestedPort","unreifiedPropertyName":"a_triggerOnNestedPort_onNestedPort","unreifiedInversePropertyName":[]}
{"uuid":"a4928466-d3ec-58ec-8b1b-3ba4889fae01","tboxUUID":"16d8de4f-550b-5f60-bcf0-80f8df4e8c1c","sourceUUID":"be5c549b-bdd9-5e03-9a9a-c8815a5e35b6","targetUUID":"cf474551-3bb9-5d28-8e04-ca6ebf81e942","isAsymmetric":false,"isEssential":false,"isFunctional":true,"isInverseEssential":false,"isInverseFunctional":false,"isIrreflexive":false,"isReflexive":false,"isSymmetric":false,"isTransitive":false,"name":"A_changeStructuralFeatureEvent_structuralFeature","unreifiedPropertyName":"a_changeStructuralFeatureEvent_structuralFeature","unreifiedInversePropertyName":[]}
{"uuid":"b770bb0e-b2c7-5ccf-96a9-c1eaff784ee3","tboxUUID":"16d8de4f-550b-5f60-bcf0-80f8df4e8c1c","sourceUUID":"332b627d-042c-5623-b37d-78a0b6a4b15d","targetUUID":"3e3d1410-03cf-5c0e-8a7a-a39e12750fed","isAsymmetric":false,"isEssential":false,"isFunctional":false,"isInverseEssential":false,"isInverseFunctional":false,"isIrreflexive":false,"isReflexive":false,"isSymmetric":false,"isTransitive":false,"name":"A_invocationOnNestedPortAction_onNestedPort","unreifiedPropertyName":"a_invocationOnNestedPortAction_onNestedPort","unreifiedInversePropertyName":[]}
{"uuid":"e017701e-56ad-5894-a981-2bfe69dc04cc","tboxUUID":"16d8de4f-550b-5f60-bcf0-80f8df4e8c1c","sourceUUID":"098e775c-8275-5389-8461-2774fa15e0a1","targetUUID":"d9bb0d41-37d3-5ca6-b01e-fc16e2e10065","isAsymmetric":false,"isEssential":false,"isFunctional":true,"isInverseEssential":false,"isInverseFunctional":false,"isIrreflexive":false,"isReflexive":false,"isSymmetric":false,"isTransitive":false,"name":"A_valueType_quantityKind","unreifiedPropertyName":"a_valueType_quantityKind","unreifiedInversePropertyName":[]}
{"uuid":"ffa90fcf-de66-59de-9067-b4c9c9e9dd6e","tboxUUID":"16d8de4f-550b-5f60-bcf0-80f8df4e8c1c","sourceUUID":"44e5eb65-496f-5caa-8ab1-52c88cf82d96","targetUUID":"d9bb0d41-37d3-5ca6-b01e-fc16e2e10065","isAsymmetric":false,"isEssential":false,"isFunctional":false,"isInverseEssential":false,"isInverseFunctional":false,"isIrreflexive":false,"isReflexive":false,"isSymmetric":false,"isTransitive":false,"name":"A_quantityKind_unit","unreifiedPropertyName":"a_quantityKind_unit","unreifiedInversePropertyName":[]}
