{"uuid":"871beb91-546f-5e2e-937f-8a6b81be5d10","tboxUUID":"16d8de4f-550b-5f60-bcf0-80f8df4e8c1c","restrictedRangeUUID":"e12b5749-0775-57a7-9688-b40799d55e81","name":"ControlValue"}
{"uuid":"a5c6df47-f39d-578b-a4b5-f248dd3607d6","tboxUUID":"16d8de4f-550b-5f60-bcf0-80f8df4e8c1c","restrictedRangeUUID":"e12b5749-0775-57a7-9688-b40799d55e81","name":"FlowDirection"}
{"uuid":"d3a8c262-0eac-528e-b77e-c5191b003da3","tboxUUID":"16d8de4f-550b-5f60-bcf0-80f8df4e8c1c","restrictedRangeUUID":"e12b5749-0775-57a7-9688-b40799d55e81","name":"VerdictKind"}
{"uuid":"faceaaa6-3c22-5f43-8890-21dc57aaa1db","tboxUUID":"16d8de4f-550b-5f60-bcf0-80f8df4e8c1c","restrictedRangeUUID":"e12b5749-0775-57a7-9688-b40799d55e81","name":"FeatureDirection"}
