{"uuid":"63af4057-5708-5813-a291-aa52cf336663","tboxUUID":"16d8de4f-550b-5f60-bcf0-80f8df4e8c1c","name":"Number"}
{"uuid":"6843967a-bde3-5ed2-9d77-5ecacff303f1","tboxUUID":"16d8de4f-550b-5f60-bcf0-80f8df4e8c1c","name":"Integer"}
{"uuid":"86971d0c-d39c-5ddc-88b6-aec0c467588c","tboxUUID":"16d8de4f-550b-5f60-bcf0-80f8df4e8c1c","name":"String"}
{"uuid":"8c6db52e-b366-58de-9f58-6a103b535f09","tboxUUID":"16d8de4f-550b-5f60-bcf0-80f8df4e8c1c","name":"Complex"}
{"uuid":"d52a498e-3704-570d-a89f-969fd89bf079","tboxUUID":"16d8de4f-550b-5f60-bcf0-80f8df4e8c1c","name":"Real"}
{"uuid":"d62825ba-7610-5d09-a516-c6a559e11990","tboxUUID":"16d8de4f-550b-5f60-bcf0-80f8df4e8c1c","name":"Boolean"}
