{"uuid":"0021b4ff-307c-599d-83bb-e4a36d141833","tboxUUID":"255bd970-d60c-5329-8c11-548024c9e24e","domainUUID":"0a783572-f574-5673-84d5-74bc673ed3e6","rangeUUID":"fe149bbf-a345-5b92-8df1-74bb0b8cfec8","isIdentityCriteria":false,"name":"Connector.kind"}
{"uuid":"014330db-9c55-5f04-906a-ea5d05b4aaf8","tboxUUID":"255bd970-d60c-5329-8c11-548024c9e24e","domainUUID":"008f0729-d653-5c8e-bdb9-3c3f95d298f1","rangeUUID":"2fe55207-e695-5aab-87ec-7f85cd56e864","isIdentityCriteria":false,"name":"MultiplicityElement.isOrdered"}
{"uuid":"0231f3af-8eae-57e8-86d0-eab2ddd35eab","tboxUUID":"255bd970-d60c-5329-8c11-548024c9e24e","domainUUID":"a25cb804-3131-5e29-aa25-b231ad6ab779","rangeUUID":"2fe55207-e695-5aab-87ec-7f85cd56e864","isIdentityCriteria":false,"name":"Class.isAbstract"}
{"uuid":"05206e2c-5748-5235-9d2c-c92a1a9495e9","tboxUUID":"255bd970-d60c-5329-8c11-548024c9e24e","domainUUID":"972a20da-1a65-5224-95cf-57096d1cf909","rangeUUID":"2fe55207-e695-5aab-87ec-7f85cd56e864","isIdentityCriteria":false,"name":"RemoveStructuralFeatureValueAction.isRemoveDuplicates"}
{"uuid":"06acfeef-6d89-593b-8965-97cb7419cfd9","tboxUUID":"255bd970-d60c-5329-8c11-548024c9e24e","domainUUID":"aa9975cc-bdba-5f4f-9aad-fdd892414332","rangeUUID":"2fe55207-e695-5aab-87ec-7f85cd56e864","isIdentityCriteria":false,"name":"TimeEvent.isRelative"}
{"uuid":"07c4bd9f-7b11-5d6b-80c0-31c7eabd594f","tboxUUID":"255bd970-d60c-5329-8c11-548024c9e24e","domainUUID":"58c70e0d-36e4-5b2b-8d35-5bcd19e1de15","rangeUUID":"6f510a85-6569-5d7f-a33b-e4ad95ef6246","isIdentityCriteria":false,"name":"Parameter.effect"}
{"uuid":"0990d24d-49e6-57aa-aa66-fc3432763eae","tboxUUID":"255bd970-d60c-5329-8c11-548024c9e24e","domainUUID":"5351eeee-a9b7-5b6a-9f40-3caa82ac775b","rangeUUID":"2fe55207-e695-5aab-87ec-7f85cd56e864","isIdentityCriteria":false,"name":"Component.isIndirectlyInstantiated"}
{"uuid":"0a3ae80c-4b8e-5998-9f07-e982a755efb9","tboxUUID":"255bd970-d60c-5329-8c11-548024c9e24e","domainUUID":"790c23db-1f11-5abe-998f-25b95ffb432c","rangeUUID":"e12b5749-0775-57a7-9688-b40799d55e81","isIdentityCriteria":false,"name":"LiteralString.value"}
{"uuid":"0acebd1c-5f1e-50ca-9b6a-b366afb9d170","tboxUUID":"255bd970-d60c-5329-8c11-548024c9e24e","domainUUID":"d701d391-13e9-58b5-840b-9afecb04a3c6","rangeUUID":"2fe55207-e695-5aab-87ec-7f85cd56e864","isIdentityCriteria":false,"name":"ObjectNode.isControlType"}
{"uuid":"0d2c056c-aac5-5ace-bf44-d765d31b089b","tboxUUID":"255bd970-d60c-5329-8c11-548024c9e24e","domainUUID":"8cb2f4f4-eb54-51ad-8fd6-e2492e50dcf4","rangeUUID":"e12b5749-0775-57a7-9688-b40799d55e81","isIdentityCriteria":false,"name":"Artifact.fileName"}
{"uuid":"0d71a137-2e2a-5145-9558-bbde6491e468","tboxUUID":"255bd970-d60c-5329-8c11-548024c9e24e","domainUUID":"1c45155b-86c2-50b4-bb57-6d96eae9e39b","rangeUUID":"2fe55207-e695-5aab-87ec-7f85cd56e864","isIdentityCriteria":false,"name":"ProfileApplication.isStrict"}
{"uuid":"0f61cc58-955c-54c5-9a6e-8963f5a3861e","tboxUUID":"255bd970-d60c-5329-8c11-548024c9e24e","domainUUID":"3014561f-6f37-5e6e-81e0-573048f1b60c","rangeUUID":"2fe55207-e695-5aab-87ec-7f85cd56e864","isIdentityCriteria":false,"name":"Property.isComposite"}
{"uuid":"108451dc-915b-5eb0-9d37-cbdc9019bb5d","tboxUUID":"255bd970-d60c-5329-8c11-548024c9e24e","domainUUID":"008f0729-d653-5c8e-bdb9-3c3f95d298f1","rangeUUID":"0a4112df-a7c3-5c56-8621-10884ed27689","isIdentityCriteria":false,"name":"MultiplicityElement.upper"}
{"uuid":"10aa9d52-e988-5ae0-b423-9e04ad830abd","tboxUUID":"255bd970-d60c-5329-8c11-548024c9e24e","domainUUID":"3c795d77-a3a3-53c5-87bb-ed236d92c77c","rangeUUID":"2fe55207-e695-5aab-87ec-7f85cd56e864","isIdentityCriteria":false,"name":"StructuredActivityNode.mustIsolate"}
{"uuid":"12ae9a6e-3aeb-5a3c-9ae6-2760714ecc14","tboxUUID":"255bd970-d60c-5329-8c11-548024c9e24e","domainUUID":"3b2da6ac-7598-5699-9521-ca9c478db354","rangeUUID":"2fe55207-e695-5aab-87ec-7f85cd56e864","isIdentityCriteria":false,"name":"AddStructuralFeatureValueAction.isReplaceAll"}
{"uuid":"13b110d7-07ca-5650-ad5a-ae381cbd7a41","tboxUUID":"255bd970-d60c-5329-8c11-548024c9e24e","domainUUID":"b0f16dcb-58cb-5e0a-ad53-a9ce71d32f95","rangeUUID":"2fe55207-e695-5aab-87ec-7f85cd56e864","isIdentityCriteria":false,"name":"Continuation.setting"}
{"uuid":"14a236c8-8364-5b1b-914e-edf6cdbfa29f","tboxUUID":"255bd970-d60c-5329-8c11-548024c9e24e","domainUUID":"3d72f3e5-042e-50d6-a25b-6f452712d4aa","rangeUUID":"e12b5749-0775-57a7-9688-b40799d55e81","isIdentityCriteria":false,"name":"OpaqueAction.body"}
{"uuid":"16c102d9-539c-5a77-b678-5d48cac7e6e1","tboxUUID":"255bd970-d60c-5329-8c11-548024c9e24e","domainUUID":"18451dba-d809-5efa-b7d2-7218beb07f6a","rangeUUID":"2fe55207-e695-5aab-87ec-7f85cd56e864","isIdentityCriteria":false,"name":"Classifier.isFinalSpecialization"}
{"uuid":"175b5487-d42f-535c-9123-898fb7c8c88f","tboxUUID":"255bd970-d60c-5329-8c11-548024c9e24e","domainUUID":"e3915037-0880-5fa3-b6a1-dfd5b8d07d7f","rangeUUID":"7e6679ef-7ac5-5e61-a2d6-3950a7df92ee","isIdentityCriteria":false,"name":"ExtensionEnd.lower"}
{"uuid":"18b8fac9-ec8c-520c-b0bc-fc7d9a225217","tboxUUID":"255bd970-d60c-5329-8c11-548024c9e24e","domainUUID":"132726af-bdc6-53d6-8926-67076c6226b2","rangeUUID":"2fe55207-e695-5aab-87ec-7f85cd56e864","isIdentityCriteria":false,"name":"ReclassifyObjectAction.isReplaceAll"}
{"uuid":"193f5b49-2ba3-590c-99ee-18db6a63f860","tboxUUID":"255bd970-d60c-5329-8c11-548024c9e24e","domainUUID":"dcf45a3e-fa60-5ea7-9d48-150776ea0164","rangeUUID":"2fe55207-e695-5aab-87ec-7f85cd56e864","isIdentityCriteria":false,"name":"BehavioralFeature.isAbstract"}
{"uuid":"19be418e-7171-5f1b-851a-1cc06495335d","tboxUUID":"255bd970-d60c-5329-8c11-548024c9e24e","domainUUID":"1eac741b-74c8-519e-853a-8266f7f21f74","rangeUUID":"2fe55207-e695-5aab-87ec-7f85cd56e864","isIdentityCriteria":false,"name":"ConditionalNode.isAssured"}
{"uuid":"1acbe69a-d03d-5b9a-8caa-e5f46fca56a6","tboxUUID":"255bd970-d60c-5329-8c11-548024c9e24e","domainUUID":"87ee932b-2859-584f-ac53-d4f613921a63","rangeUUID":"2fe55207-e695-5aab-87ec-7f85cd56e864","isIdentityCriteria":false,"name":"GeneralizationSet.isCovering"}
{"uuid":"1c61c9b9-3d4e-5a86-a855-7143fc791a21","tboxUUID":"255bd970-d60c-5329-8c11-548024c9e24e","domainUUID":"1eac741b-74c8-519e-853a-8266f7f21f74","rangeUUID":"2fe55207-e695-5aab-87ec-7f85cd56e864","isIdentityCriteria":false,"name":"ConditionalNode.isDeterminate"}
{"uuid":"1c814128-ed0e-5a6c-9078-6342adf3b7ab","tboxUUID":"255bd970-d60c-5329-8c11-548024c9e24e","domainUUID":"a866c405-3b60-5e04-8aff-85fd255fc462","rangeUUID":"2fe55207-e695-5aab-87ec-7f85cd56e864","isIdentityCriteria":false,"name":"Operation.isUnique"}
{"uuid":"303ccf13-bc17-5e85-99db-96d0f9c20563","tboxUUID":"255bd970-d60c-5329-8c11-548024c9e24e","domainUUID":"3239f13d-fbd5-59c8-88d8-f01d25b0589a","rangeUUID":"e12b5749-0775-57a7-9688-b40799d55e81","isIdentityCriteria":false,"name":"OpaqueExpression.language"}
{"uuid":"32430541-6fdd-55d3-b69d-a5ded0f890bd","tboxUUID":"255bd970-d60c-5329-8c11-548024c9e24e","domainUUID":"9526053e-7f81-594a-8bf2-bcc33a0dc750","rangeUUID":"9f87c0b6-cbca-5ee5-86fa-91e3fa9d6664","isIdentityCriteria":false,"name":"Message.messageKind"}
{"uuid":"35157d9d-b2fa-54ba-88c6-4c5fb93d965e","tboxUUID":"255bd970-d60c-5329-8c11-548024c9e24e","domainUUID":"a866c405-3b60-5e04-8aff-85fd255fc462","rangeUUID":"0a4112df-a7c3-5c56-8621-10884ed27689","isIdentityCriteria":false,"name":"Operation.upper"}
{"uuid":"36720fc6-2518-579d-bd3f-adeefbafdf50","tboxUUID":"255bd970-d60c-5329-8c11-548024c9e24e","domainUUID":"2ea20d51-1aa0-5fa0-9627-2e4442116580","rangeUUID":"2fe55207-e695-5aab-87ec-7f85cd56e864","isIdentityCriteria":false,"name":"ActivityPartition.isExternal"}
{"uuid":"38deaf1e-21b5-5604-b201-06d06d180213","tboxUUID":"255bd970-d60c-5329-8c11-548024c9e24e","domainUUID":"aa6a14dd-feb6-5dc8-8078-5516acfbc606","rangeUUID":"e12b5749-0775-57a7-9688-b40799d55e81","isIdentityCriteria":false,"name":"Image.location"}
{"uuid":"3f8b6bf1-2625-5a77-a4ff-3890d4d8c343","tboxUUID":"255bd970-d60c-5329-8c11-548024c9e24e","domainUUID":"da3ad03f-dcbb-5c05-b561-d4ac2c6d6def","rangeUUID":"a2c56ec6-9f15-5714-8616-c53ef3105e24","isIdentityCriteria":false,"name":"PackageImport.visibility"}
{"uuid":"423ce0c7-d15f-5fe9-8d9f-2964667662d5","tboxUUID":"255bd970-d60c-5329-8c11-548024c9e24e","domainUUID":"ef6a6514-f387-597e-85ea-e1f2124a7597","rangeUUID":"2fe55207-e695-5aab-87ec-7f85cd56e864","isIdentityCriteria":false,"name":"ObjectFlow.isMulticast"}
{"uuid":"423faf1d-f5e6-58ec-99a9-fe4a35bcdb0d","tboxUUID":"255bd970-d60c-5329-8c11-548024c9e24e","domainUUID":"96b864bb-b810-52f3-ac33-249b4a63585c","rangeUUID":"e12b5749-0775-57a7-9688-b40799d55e81","isIdentityCriteria":false,"name":"OpaqueBehavior.language"}
{"uuid":"42fabfc1-a032-5583-87b8-d4642e36b112","tboxUUID":"255bd970-d60c-5329-8c11-548024c9e24e","domainUUID":"a866c405-3b60-5e04-8aff-85fd255fc462","rangeUUID":"2fe55207-e695-5aab-87ec-7f85cd56e864","isIdentityCriteria":false,"name":"Operation.isOrdered"}
{"uuid":"45a25791-e9ba-57f5-af8c-aefcc226cd42","tboxUUID":"255bd970-d60c-5329-8c11-548024c9e24e","domainUUID":"5e6666f2-abbc-51fc-a93c-7dd15a6d7d56","rangeUUID":"2fe55207-e695-5aab-87ec-7f85cd56e864","isIdentityCriteria":false,"name":"Action.isLocallyReentrant"}
{"uuid":"45efc11a-2072-5240-a27a-5acec1045aed","tboxUUID":"255bd970-d60c-5329-8c11-548024c9e24e","domainUUID":"a866c405-3b60-5e04-8aff-85fd255fc462","rangeUUID":"7e6679ef-7ac5-5e61-a2d6-3950a7df92ee","isIdentityCriteria":false,"name":"Operation.lower"}
{"uuid":"463df39c-cfff-53e0-a6ec-c2dae0edbcd1","tboxUUID":"255bd970-d60c-5329-8c11-548024c9e24e","domainUUID":"20d7ce5c-8b6c-549b-b8e7-ba504056c144","rangeUUID":"0a4112df-a7c3-5c56-8621-10884ed27689","isIdentityCriteria":false,"name":"LiteralUnlimitedNatural.value"}
{"uuid":"469c804b-2dc2-5bd0-9816-0bb0d0226779","tboxUUID":"255bd970-d60c-5329-8c11-548024c9e24e","domainUUID":"3239f13d-fbd5-59c8-88d8-f01d25b0589a","rangeUUID":"e12b5749-0775-57a7-9688-b40799d55e81","isIdentityCriteria":false,"name":"OpaqueExpression.body"}
{"uuid":"49dcb6c8-5ec6-5b48-96c8-d6e9e7e3efad","tboxUUID":"255bd970-d60c-5329-8c11-548024c9e24e","domainUUID":"58c70e0d-36e4-5b2b-8d35-5bcd19e1de15","rangeUUID":"e12b5749-0775-57a7-9688-b40799d55e81","isIdentityCriteria":false,"name":"Parameter.default"}
{"uuid":"4cf9d280-5431-5e33-8425-ff0ff6d2563b","tboxUUID":"255bd970-d60c-5329-8c11-548024c9e24e","domainUUID":"87ee932b-2859-584f-ac53-d4f613921a63","rangeUUID":"2fe55207-e695-5aab-87ec-7f85cd56e864","isIdentityCriteria":false,"name":"GeneralizationSet.isDisjoint"}
{"uuid":"50882546-bf44-5e48-9747-b6a808678892","tboxUUID":"255bd970-d60c-5329-8c11-548024c9e24e","domainUUID":"33fe4f5b-02c4-5573-bb15-d6f1dbb3d917","rangeUUID":"2fe55207-e695-5aab-87ec-7f85cd56e864","isIdentityCriteria":false,"name":"AddVariableValueAction.isReplaceAll"}
{"uuid":"50b6a501-058d-52fb-89b9-4b8a1e979ed5","tboxUUID":"255bd970-d60c-5329-8c11-548024c9e24e","domainUUID":"c9e50634-3005-5228-8f15-f6d0d23391ae","rangeUUID":"2fe55207-e695-5aab-87ec-7f85cd56e864","isIdentityCriteria":false,"name":"ReduceAction.isOrdered"}
{"uuid":"51017333-96af-5d68-a791-dca1ac51d63e","tboxUUID":"255bd970-d60c-5329-8c11-548024c9e24e","domainUUID":"aa6a14dd-feb6-5dc8-8078-5516acfbc606","rangeUUID":"e12b5749-0775-57a7-9688-b40799d55e81","isIdentityCriteria":false,"name":"Image.content"}
{"uuid":"51862d95-7a3b-5707-90b8-e642f3254007","tboxUUID":"255bd970-d60c-5329-8c11-548024c9e24e","domainUUID":"5e56ff73-0256-596f-b902-9f829b1a2a7f","rangeUUID":"2fe55207-e695-5aab-87ec-7f85cd56e864","isIdentityCriteria":false,"name":"JoinNode.isCombineDuplicate"}
{"uuid":"5346886b-3e53-5c62-874f-1441b8435a43","tboxUUID":"255bd970-d60c-5329-8c11-548024c9e24e","domainUUID":"362f00f1-332a-506c-9712-b029fc43f534","rangeUUID":"2fe55207-e695-5aab-87ec-7f85cd56e864","isIdentityCriteria":false,"name":"DestroyObjectAction.isDestroyLinks"}
{"uuid":"5572a380-cf9f-5499-bf6d-bf89cdc5adba","tboxUUID":"255bd970-d60c-5329-8c11-548024c9e24e","domainUUID":"8153ec18-115e-51b8-99b1-059b558d8c62","rangeUUID":"ae23a05b-9951-54ed-a3a8-830fe2a33983","isIdentityCriteria":false,"name":"ExpansionRegion.mode"}
{"uuid":"59b5e648-ebb0-584b-b7a3-f159326fb3ea","tboxUUID":"255bd970-d60c-5329-8c11-548024c9e24e","domainUUID":"3e3d1410-03cf-5c0e-8a7a-a39e12750fed","rangeUUID":"2fe55207-e695-5aab-87ec-7f85cd56e864","isIdentityCriteria":false,"name":"Port.isService"}
{"uuid":"5e1d5006-e1e1-51fc-966c-560c596e5d98","tboxUUID":"255bd970-d60c-5329-8c11-548024c9e24e","domainUUID":"33858ed0-2cc1-5c29-9c01-94321f033a58","rangeUUID":"2fe55207-e695-5aab-87ec-7f85cd56e864","isIdentityCriteria":false,"name":"State.isSubmachineState"}
{"uuid":"60f3db06-653a-5596-a743-e047ecae8c7c","tboxUUID":"255bd970-d60c-5329-8c11-548024c9e24e","domainUUID":"9ca49b3a-0632-5704-a160-66879bc54450","rangeUUID":"2fe55207-e695-5aab-87ec-7f85cd56e864","isIdentityCriteria":false,"name":"CallAction.isSynchronous"}
{"uuid":"626d08ed-3913-5049-b921-30ea5fd46771","tboxUUID":"255bd970-d60c-5329-8c11-548024c9e24e","domainUUID":"3e3d1410-03cf-5c0e-8a7a-a39e12750fed","rangeUUID":"2fe55207-e695-5aab-87ec-7f85cd56e864","isIdentityCriteria":false,"name":"Port.isConjugated"}
{"uuid":"63adb56a-45f6-5989-97b2-70a6742552fd","tboxUUID":"255bd970-d60c-5329-8c11-548024c9e24e","domainUUID":"58c70e0d-36e4-5b2b-8d35-5bcd19e1de15","rangeUUID":"2fe55207-e695-5aab-87ec-7f85cd56e864","isIdentityCriteria":false,"name":"Parameter.isException"}
{"uuid":"645e5734-27fd-52f4-ba7d-4352799c842f","tboxUUID":"255bd970-d60c-5329-8c11-548024c9e24e","domainUUID":"33858ed0-2cc1-5c29-9c01-94321f033a58","rangeUUID":"2fe55207-e695-5aab-87ec-7f85cd56e864","isIdentityCriteria":false,"name":"State.isComposite"}
{"uuid":"6625f929-890b-5798-a01c-758239877a43","tboxUUID":"255bd970-d60c-5329-8c11-548024c9e24e","domainUUID":"96b864bb-b810-52f3-ac33-249b4a63585c","rangeUUID":"e12b5749-0775-57a7-9688-b40799d55e81","isIdentityCriteria":false,"name":"OpaqueBehavior.body"}
{"uuid":"6d8eb243-054e-5978-82a7-efd28c770f68","tboxUUID":"255bd970-d60c-5329-8c11-548024c9e24e","domainUUID":"9d06a589-b4de-53ee-a7b9-8787b803ff59","rangeUUID":"2fe55207-e695-5aab-87ec-7f85cd56e864","isIdentityCriteria":false,"name":"TimeObservation.firstEvent"}
{"uuid":"6f14a303-f32a-53d7-af35-47bdd148ce8b","tboxUUID":"255bd970-d60c-5329-8c11-548024c9e24e","domainUUID":"cd59c8bb-9b5b-57a6-ba8f-1fedcbc04da4","rangeUUID":"2fe55207-e695-5aab-87ec-7f85cd56e864","isIdentityCriteria":false,"name":"LinkEndDestructionData.isDestroyDuplicates"}
{"uuid":"72e38454-f1ce-5e23-a7ff-77acf4df52b3","tboxUUID":"255bd970-d60c-5329-8c11-548024c9e24e","domainUUID":"d701d391-13e9-58b5-840b-9afecb04a3c6","rangeUUID":"94d646f5-f686-5ce5-b0c1-4974b110cba5","isIdentityCriteria":false,"name":"ObjectNode.ordering"}
{"uuid":"742259ea-e223-53b3-a33a-bad8ad70d943","tboxUUID":"255bd970-d60c-5329-8c11-548024c9e24e","domainUUID":"4ea6da24-031a-5235-b340-8e9d28ac2e52","rangeUUID":"a2c56ec6-9f15-5714-8616-c53ef3105e24","isIdentityCriteria":false,"name":"PackageableElement.visibility"}
{"uuid":"7e0f26bc-c2a5-5743-bc4c-b4bad4d47c72","tboxUUID":"255bd970-d60c-5329-8c11-548024c9e24e","domainUUID":"2305e21a-1ec1-5037-a9b0-2fb52f156b30","rangeUUID":"2fe55207-e695-5aab-87ec-7f85cd56e864","isIdentityCriteria":false,"name":"Pin.isControl"}
{"uuid":"7f5de24d-9088-507e-9e11-d80bdb077ab5","tboxUUID":"255bd970-d60c-5329-8c11-548024c9e24e","domainUUID":"ef6a6514-f387-597e-85ea-e1f2124a7597","rangeUUID":"2fe55207-e695-5aab-87ec-7f85cd56e864","isIdentityCriteria":false,"name":"ObjectFlow.isMultireceive"}
{"uuid":"8808744e-5b36-5670-b747-f8228bd1d40d","tboxUUID":"255bd970-d60c-5329-8c11-548024c9e24e","domainUUID":"a866c405-3b60-5e04-8aff-85fd255fc462","rangeUUID":"2fe55207-e695-5aab-87ec-7f85cd56e864","isIdentityCriteria":false,"name":"Operation.isQuery"}
{"uuid":"8efb833e-d30a-5ed5-8658-1c48cf0b4bae","tboxUUID":"255bd970-d60c-5329-8c11-548024c9e24e","domainUUID":"fd33c707-8a36-5326-b01d-18d75913281d","rangeUUID":"e12b5749-0775-57a7-9688-b40799d55e81","isIdentityCriteria":false,"name":"Comment.body"}
{"uuid":"9073b84b-5fbe-5c97-9dd5-c892cc6869a5","tboxUUID":"255bd970-d60c-5329-8c11-548024c9e24e","domainUUID":"3014561f-6f37-5e6e-81e0-573048f1b60c","rangeUUID":"2fe55207-e695-5aab-87ec-7f85cd56e864","isIdentityCriteria":false,"name":"Property.isID"}
{"uuid":"90a9180a-581e-5cf5-9d80-b2f9c7ead18b","tboxUUID":"255bd970-d60c-5329-8c11-548024c9e24e","domainUUID":"24d49308-a49d-51de-a87c-f165ae6c1537","rangeUUID":"7e6679ef-7ac5-5e61-a2d6-3950a7df92ee","isIdentityCriteria":false,"name":"LiteralInteger.value"}
{"uuid":"916967be-c431-514b-acc8-082078627e71","tboxUUID":"255bd970-d60c-5329-8c11-548024c9e24e","domainUUID":"c9cca2cb-f9c2-5157-b913-66ecd9e7fbe8","rangeUUID":"2fe55207-e695-5aab-87ec-7f85cd56e864","isIdentityCriteria":false,"name":"ReadIsClassifiedObjectAction.isDirect"}
{"uuid":"932dcb30-b105-5297-90f4-6ae1a2f8e3a5","tboxUUID":"255bd970-d60c-5329-8c11-548024c9e24e","domainUUID":"745037a5-f1bb-53d9-a545-8edc60f512e4","rangeUUID":"e12b5749-0775-57a7-9688-b40799d55e81","isIdentityCriteria":false,"name":"Expression.symbol"}
{"uuid":"93544623-0cf3-5d74-8b49-65845da7f00b","tboxUUID":"255bd970-d60c-5329-8c11-548024c9e24e","domainUUID":"33858ed0-2cc1-5c29-9c01-94321f033a58","rangeUUID":"2fe55207-e695-5aab-87ec-7f85cd56e864","isIdentityCriteria":false,"name":"State.isOrthogonal"}
{"uuid":"955cdc68-eda1-52ea-8590-24f2fc112233","tboxUUID":"255bd970-d60c-5329-8c11-548024c9e24e","domainUUID":"2ea20d51-1aa0-5fa0-9627-2e4442116580","rangeUUID":"2fe55207-e695-5aab-87ec-7f85cd56e864","isIdentityCriteria":false,"name":"ActivityPartition.isDimension"}
{"uuid":"957690dc-8a38-514a-9e0c-f5964e461a8b","tboxUUID":"255bd970-d60c-5329-8c11-548024c9e24e","domainUUID":"fb3892ea-fb36-5629-838a-9335b98156ec","rangeUUID":"2fe55207-e695-5aab-87ec-7f85cd56e864","isIdentityCriteria":false,"name":"Activity.isReadOnly"}
{"uuid":"9a4567f9-3d38-53fc-a704-f79f84a1a922","tboxUUID":"255bd970-d60c-5329-8c11-548024c9e24e","domainUUID":"6659101a-7c94-5ee0-baa1-a496de6f7aad","rangeUUID":"2fe55207-e695-5aab-87ec-7f85cd56e864","isIdentityCriteria":false,"name":"AcceptEventAction.isUnmarshall"}
{"uuid":"9aa126b1-d2ee-5662-9da4-9b3805a8a472","tboxUUID":"255bd970-d60c-5329-8c11-548024c9e24e","domainUUID":"008f0729-d653-5c8e-bdb9-3c3f95d298f1","rangeUUID":"7e6679ef-7ac5-5e61-a2d6-3950a7df92ee","isIdentityCriteria":false,"name":"MultiplicityElement.lower"}
{"uuid":"9ac87d5b-c957-5132-8641-5c8a02cb7988","tboxUUID":"255bd970-d60c-5329-8c11-548024c9e24e","domainUUID":"3014561f-6f37-5e6e-81e0-573048f1b60c","rangeUUID":"e12b5749-0775-57a7-9688-b40799d55e81","isIdentityCriteria":false,"name":"Property.default"}
{"uuid":"9bc453ce-63e1-591c-bd77-9a7a7acdab61","tboxUUID":"255bd970-d60c-5329-8c11-548024c9e24e","domainUUID":"3d72f3e5-042e-50d6-a25b-6f452712d4aa","rangeUUID":"e12b5749-0775-57a7-9688-b40799d55e81","isIdentityCriteria":false,"name":"OpaqueAction.language"}
{"uuid":"9c0d0c74-2dce-59fe-a2b2-cd272096c85f","tboxUUID":"255bd970-d60c-5329-8c11-548024c9e24e","domainUUID":"d17a8973-b5fb-526a-8cdd-0f8d28f9d6d8","rangeUUID":"e12b5749-0775-57a7-9688-b40799d55e81","isIdentityCriteria":false,"name":"DeploymentSpecification.executionLocation"}
{"uuid":"9df4d9df-1cca-55ac-98a9-ca00e552154a","tboxUUID":"255bd970-d60c-5329-8c11-548024c9e24e","domainUUID":"7f47419c-f6c8-5ea6-aa56-2e536aeab8c6","rangeUUID":"2fe55207-e695-5aab-87ec-7f85cd56e864","isIdentityCriteria":false,"name":"Association.isDerived"}
{"uuid":"9f5d9c75-331d-5619-9cc8-a17ca20e9736","tboxUUID":"255bd970-d60c-5329-8c11-548024c9e24e","domainUUID":"45f7707f-1dff-5c93-97ca-d43a5b5b2d07","rangeUUID":"e12b5749-0775-57a7-9688-b40799d55e81","isIdentityCriteria":false,"name":"ElementImport.alias"}
{"uuid":"9fb1844f-d2f8-5ab4-aab3-21bbf429d78e","tboxUUID":"255bd970-d60c-5329-8c11-548024c9e24e","domainUUID":"29b53df4-86a7-5c41-92ec-e1246db548c6","rangeUUID":"2fe55207-e695-5aab-87ec-7f85cd56e864","isIdentityCriteria":false,"name":"LoopNode.isTestedFirst"}
{"uuid":"a016539b-3e3d-55f7-ba58-92376ebc5df8","tboxUUID":"255bd970-d60c-5329-8c11-548024c9e24e","domainUUID":"3014561f-6f37-5e6e-81e0-573048f1b60c","rangeUUID":"2fe55207-e695-5aab-87ec-7f85cd56e864","isIdentityCriteria":false,"name":"Property.isDerived"}
{"uuid":"a07eb459-7da9-51b3-950c-5aae8fc3a032","tboxUUID":"255bd970-d60c-5329-8c11-548024c9e24e","domainUUID":"a20861ff-a6b8-56a3-a60b-00a0be02a948","rangeUUID":"2fe55207-e695-5aab-87ec-7f85cd56e864","isIdentityCriteria":false,"name":"LinkEndCreationData.isReplaceAll"}
{"uuid":"a0957818-1a54-5040-8b8a-98788a097d09","tboxUUID":"255bd970-d60c-5329-8c11-548024c9e24e","domainUUID":"29034bd2-f8b1-5356-8a0c-cedd6993372a","rangeUUID":"a1e38968-ddd0-5996-bb99-2aeccd4a1e75","isIdentityCriteria":false,"name":"Transition.kind"}
{"uuid":"a104df09-063a-5249-9f63-bf2015c2c5ef","tboxUUID":"255bd970-d60c-5329-8c11-548024c9e24e","domainUUID":"cf474551-3bb9-5d28-8e04-ca6ebf81e942","rangeUUID":"2fe55207-e695-5aab-87ec-7f85cd56e864","isIdentityCriteria":false,"name":"StructuralFeature.isReadOnly"}
{"uuid":"a34f21bc-489b-57d9-8ffd-9dba7add75dd","tboxUUID":"255bd970-d60c-5329-8c11-548024c9e24e","domainUUID":"58c70e0d-36e4-5b2b-8d35-5bcd19e1de15","rangeUUID":"4a433566-6ee5-5215-b69a-360acad3c815","isIdentityCriteria":false,"name":"Parameter.direction"}
{"uuid":"a3b60b42-6df6-5835-9cc3-75ef66cde476","tboxUUID":"255bd970-d60c-5329-8c11-548024c9e24e","domainUUID":"51671662-35fc-500c-a53b-c8f31e702764","rangeUUID":"e12b5749-0775-57a7-9688-b40799d55e81","isIdentityCriteria":false,"name":"NamedElement.qualifiedName"}
{"uuid":"a5582afa-a43c-5cd1-ab4a-4aaa3f94722b","tboxUUID":"255bd970-d60c-5329-8c11-548024c9e24e","domainUUID":"18451dba-d809-5efa-b7d2-7218beb07f6a","rangeUUID":"2fe55207-e695-5aab-87ec-7f85cd56e864","isIdentityCriteria":false,"name":"Classifier.isAbstract"}
{"uuid":"a67922a4-8620-5c76-8cf6-fcb80ade56bc","tboxUUID":"255bd970-d60c-5329-8c11-548024c9e24e","domainUUID":"dab68586-9d7d-5925-a1ac-5791048f74ee","rangeUUID":"2fe55207-e695-5aab-87ec-7f85cd56e864","isIdentityCriteria":false,"name":"TimeConstraint.firstEvent"}
{"uuid":"a7a9eb4c-39b4-5f1d-8582-b6a9b072d81b","tboxUUID":"255bd970-d60c-5329-8c11-548024c9e24e","domainUUID":"33858ed0-2cc1-5c29-9c01-94321f033a58","rangeUUID":"2fe55207-e695-5aab-87ec-7f85cd56e864","isIdentityCriteria":false,"name":"State.isSimple"}
{"uuid":"a8063c89-9e9a-52bc-9096-7831a6c82dea","tboxUUID":"255bd970-d60c-5329-8c11-548024c9e24e","domainUUID":"7d3e2008-2145-5e7f-bc23-f2a7ee2e53cd","rangeUUID":"0d208712-fd73-5c4f-8125-1b92753df3e2","isIdentityCriteria":false,"name":"Pseudostate.kind"}
{"uuid":"a9053913-f8b3-5ff2-8732-4cd46f6194f3","tboxUUID":"255bd970-d60c-5329-8c11-548024c9e24e","domainUUID":"ca31262a-9d30-5afd-816f-0722af297b3f","rangeUUID":"2fe55207-e695-5aab-87ec-7f85cd56e864","isIdentityCriteria":false,"name":"DurationObservation.firstEvent"}
{"uuid":"ae29634d-2092-52cb-bba7-6d6382ce532b","tboxUUID":"255bd970-d60c-5329-8c11-548024c9e24e","domainUUID":"751e07c5-51c5-5589-83c8-ed9fd92a4fc6","rangeUUID":"2fe55207-e695-5aab-87ec-7f85cd56e864","isIdentityCriteria":false,"name":"RedefinableElement.isLeaf"}
{"uuid":"af8bfb81-49a6-55d8-8fda-0779f5694866","tboxUUID":"255bd970-d60c-5329-8c11-548024c9e24e","domainUUID":"51671662-35fc-500c-a53b-c8f31e702764","rangeUUID":"a2c56ec6-9f15-5714-8616-c53ef3105e24","isIdentityCriteria":false,"name":"NamedElement.visibility"}
{"uuid":"b1e1bd0c-8e31-5349-be2e-92183e1d1b11","tboxUUID":"255bd970-d60c-5329-8c11-548024c9e24e","domainUUID":"6b288e30-f9ac-5af5-aead-c83d60eb93a9","rangeUUID":"2fe55207-e695-5aab-87ec-7f85cd56e864","isIdentityCriteria":false,"name":"ClassifierTemplateParameter.allowSubstitutable"}
{"uuid":"b774883b-68e9-54da-b9ba-704688b426ca","tboxUUID":"255bd970-d60c-5329-8c11-548024c9e24e","domainUUID":"7445f541-64f4-5a56-b655-6d473da9f19f","rangeUUID":"e12b5749-0775-57a7-9688-b40799d55e81","isIdentityCriteria":false,"name":"Model.viewpoint"}
{"uuid":"bd1b5737-1fd8-5707-9457-8ffd504ba603","tboxUUID":"255bd970-d60c-5329-8c11-548024c9e24e","domainUUID":"58c70e0d-36e4-5b2b-8d35-5bcd19e1de15","rangeUUID":"2fe55207-e695-5aab-87ec-7f85cd56e864","isIdentityCriteria":false,"name":"Parameter.isStream"}
{"uuid":"bd541f82-ff38-58c8-bb37-7ef1b1f84680","tboxUUID":"255bd970-d60c-5329-8c11-548024c9e24e","domainUUID":"4933211e-3ac5-5660-a05c-32af64924b1d","rangeUUID":"2fe55207-e695-5aab-87ec-7f85cd56e864","isIdentityCriteria":false,"name":"Feature.isStatic"}
{"uuid":"c2e0e14f-01b4-5174-9dcf-fd5c0a739cdc","tboxUUID":"255bd970-d60c-5329-8c11-548024c9e24e","domainUUID":"829c241e-0716-5b65-aa41-aeab48eaf9a7","rangeUUID":"2fe55207-e695-5aab-87ec-7f85cd56e864","isIdentityCriteria":false,"name":"LiteralBoolean.value"}
{"uuid":"c31ef125-e2b4-5bef-b51c-d6fa636a6f7e","tboxUUID":"255bd970-d60c-5329-8c11-548024c9e24e","domainUUID":"a25cb804-3131-5e29-aa25-b231ad6ab779","rangeUUID":"2fe55207-e695-5aab-87ec-7f85cd56e864","isIdentityCriteria":false,"name":"Class.isActive"}
{"uuid":"c5840c98-6c58-52d3-b03d-424f85be3215","tboxUUID":"255bd970-d60c-5329-8c11-548024c9e24e","domainUUID":"6f2330bb-d436-58bc-98ab-6a1079eb9c9f","rangeUUID":"e12b5749-0775-57a7-9688-b40799d55e81","isIdentityCriteria":false,"name":"Package.URI"}
{"uuid":"ceeef2fc-42eb-5460-9a4a-22f3c4ba2f64","tboxUUID":"255bd970-d60c-5329-8c11-548024c9e24e","domainUUID":"6c936d3b-05ce-58a8-84d0-0ad4a1543dee","rangeUUID":"2fe55207-e695-5aab-87ec-7f85cd56e864","isIdentityCriteria":false,"name":"Behavior.isReentrant"}
{"uuid":"d24f7d18-48d5-5327-8fb6-6bc73c582f98","tboxUUID":"255bd970-d60c-5329-8c11-548024c9e24e","domainUUID":"dcf45a3e-fa60-5ea7-9d48-150776ea0164","rangeUUID":"d7dfb641-aa69-50a5-8bed-7a1b11b1a514","isIdentityCriteria":false,"name":"BehavioralFeature.concurrency"}
{"uuid":"d49afe1d-d84b-5eec-9a8f-c6b5bd65ff27","tboxUUID":"255bd970-d60c-5329-8c11-548024c9e24e","domainUUID":"fb3892ea-fb36-5629-838a-9335b98156ec","rangeUUID":"2fe55207-e695-5aab-87ec-7f85cd56e864","isIdentityCriteria":false,"name":"Activity.isSingleExecution"}
{"uuid":"d4da620c-050f-540e-8b21-05aa1a9535ba","tboxUUID":"255bd970-d60c-5329-8c11-548024c9e24e","domainUUID":"59957813-b5cd-5c8d-9438-ba8cd451d535","rangeUUID":"2fe55207-e695-5aab-87ec-7f85cd56e864","isIdentityCriteria":false,"name":"Extension.isRequired"}
{"uuid":"d7753e9d-30a0-5d4c-8fe2-d6cefccb01a0","tboxUUID":"255bd970-d60c-5329-8c11-548024c9e24e","domainUUID":"3ec986a0-f70b-5c82-bdd3-64c1d0e25b2c","rangeUUID":"2fe55207-e695-5aab-87ec-7f85cd56e864","isIdentityCriteria":false,"name":"DurationConstraint.firstEvent"}
{"uuid":"d8882024-8d86-56a9-9bc2-5e352cf97980","tboxUUID":"255bd970-d60c-5329-8c11-548024c9e24e","domainUUID":"3014561f-6f37-5e6e-81e0-573048f1b60c","rangeUUID":"2fe55207-e695-5aab-87ec-7f85cd56e864","isIdentityCriteria":false,"name":"Property.isReadOnly"}
{"uuid":"db4bee57-5994-57c4-92c9-5305da9e1a80","tboxUUID":"255bd970-d60c-5329-8c11-548024c9e24e","domainUUID":"9526053e-7f81-594a-8bf2-bcc33a0dc750","rangeUUID":"9a55afbd-735f-5d39-b481-614fe3348160","isIdentityCriteria":false,"name":"Message.messageSort"}
{"uuid":"db53345b-19e2-5ab1-a0f2-617d844d435a","tboxUUID":"255bd970-d60c-5329-8c11-548024c9e24e","domainUUID":"812c1b8b-e237-5124-8c94-06ea12ac0c66","rangeUUID":"2fe55207-e695-5aab-87ec-7f85cd56e864","isIdentityCriteria":false,"name":"Generalization.isSubstitutable"}
{"uuid":"df33bf10-cb64-5717-9389-9f88ed3eb4e3","tboxUUID":"255bd970-d60c-5329-8c11-548024c9e24e","domainUUID":"d17a8973-b5fb-526a-8cdd-0f8d28f9d6d8","rangeUUID":"e12b5749-0775-57a7-9688-b40799d55e81","isIdentityCriteria":false,"name":"DeploymentSpecification.deploymentLocation"}
{"uuid":"e23caeaf-89aa-5504-b86c-5cee924cbdc3","tboxUUID":"255bd970-d60c-5329-8c11-548024c9e24e","domainUUID":"3014561f-6f37-5e6e-81e0-573048f1b60c","rangeUUID":"2fe55207-e695-5aab-87ec-7f85cd56e864","isIdentityCriteria":false,"name":"Property.isDerivedUnion"}
{"uuid":"e4cb702e-afd8-51d3-a5cd-7e3f74302389","tboxUUID":"255bd970-d60c-5329-8c11-548024c9e24e","domainUUID":"aa6a14dd-feb6-5dc8-8078-5516acfbc606","rangeUUID":"e12b5749-0775-57a7-9688-b40799d55e81","isIdentityCriteria":false,"name":"Image.format"}
{"uuid":"ef2d8e40-37bd-5488-b1bb-51d58ddb5217","tboxUUID":"255bd970-d60c-5329-8c11-548024c9e24e","domainUUID":"362f00f1-332a-506c-9712-b029fc43f534","rangeUUID":"2fe55207-e695-5aab-87ec-7f85cd56e864","isIdentityCriteria":false,"name":"DestroyObjectAction.isDestroyOwnedObjects"}
{"uuid":"ef5c993e-2899-55f4-850d-d92a9dd37729","tboxUUID":"255bd970-d60c-5329-8c11-548024c9e24e","domainUUID":"3e3d1410-03cf-5c0e-8a7a-a39e12750fed","rangeUUID":"2fe55207-e695-5aab-87ec-7f85cd56e864","isIdentityCriteria":false,"name":"Port.isBehavior"}
{"uuid":"f2528781-b7a0-5809-95d0-0e38d614342d","tboxUUID":"255bd970-d60c-5329-8c11-548024c9e24e","domainUUID":"f525c14c-1c5d-53b5-8001-0fcf680d7f44","rangeUUID":"2fe55207-e695-5aab-87ec-7f85cd56e864","isIdentityCriteria":false,"name":"RemoveVariableValueAction.isRemoveDuplicates"}
{"uuid":"f2e5f8ce-4be4-50c3-9781-9fe547a09aa3","tboxUUID":"255bd970-d60c-5329-8c11-548024c9e24e","domainUUID":"3014561f-6f37-5e6e-81e0-573048f1b60c","rangeUUID":"5106aedc-5730-5d9f-aa29-491a17604cbb","isIdentityCriteria":false,"name":"Property.aggregation"}
{"uuid":"f3032721-7ca7-5327-941d-5a7e59d26c61","tboxUUID":"255bd970-d60c-5329-8c11-548024c9e24e","domainUUID":"008f0729-d653-5c8e-bdb9-3c3f95d298f1","rangeUUID":"2fe55207-e695-5aab-87ec-7f85cd56e864","isIdentityCriteria":false,"name":"MultiplicityElement.isUnique"}
{"uuid":"f459d9cd-5645-5e21-b845-21cd8094f6ad","tboxUUID":"255bd970-d60c-5329-8c11-548024c9e24e","domainUUID":"1e94a780-c655-5f4e-b5af-30e736ae3678","rangeUUID":"7bcf4182-1e24-5d7f-9479-63db0c2cc5c0","isIdentityCriteria":false,"name":"CombinedFragment.interactionOperator"}
{"uuid":"f6a47a8f-d502-5532-a09e-d24c9c239c0f","tboxUUID":"255bd970-d60c-5329-8c11-548024c9e24e","domainUUID":"51671662-35fc-500c-a53b-c8f31e702764","rangeUUID":"e12b5749-0775-57a7-9688-b40799d55e81","isIdentityCriteria":false,"name":"NamedElement.name"}
{"uuid":"f83ba27f-6c0c-5502-ab25-3a779b4ad5aa","tboxUUID":"255bd970-d60c-5329-8c11-548024c9e24e","domainUUID":"45f7707f-1dff-5c93-97ca-d43a5b5b2d07","rangeUUID":"a2c56ec6-9f15-5714-8616-c53ef3105e24","isIdentityCriteria":false,"name":"ElementImport.visibility"}
{"uuid":"fd214a63-7eb1-527b-b4b4-c51680cb44ec","tboxUUID":"255bd970-d60c-5329-8c11-548024c9e24e","domainUUID":"d2d08990-7f2e-5ffe-b12f-4e1b24b83891","rangeUUID":"508c49d7-8dc9-51ab-8b37-7b1ead4ed197","isIdentityCriteria":false,"name":"LiteralReal.value"}
