{"uuid":"019681cd-b96a-5cdc-ad7f-81e9ab30c585","tboxUUID":"41ccdbb2-1416-5891-93b9-b87aa8da1f5d","name":"Usage.Responsibility"}
{"uuid":"01e43dcd-384d-5754-b424-2c1ecfd28213","tboxUUID":"41ccdbb2-1416-5891-93b9-b87aa8da1f5d","name":"Classifier.Specification"}
{"uuid":"02262ed9-e38b-5b4f-afd5-8bb04899f5e7","tboxUUID":"41ccdbb2-1416-5891-93b9-b87aa8da1f5d","name":"Specification"}
{"uuid":"0811fe3e-8d99-5253-8b83-47119f883e27","tboxUUID":"41ccdbb2-1416-5891-93b9-b87aa8da1f5d","name":"Instantiate"}
{"uuid":"092cad01-f9f0-55cc-b79c-3d8220177df8","tboxUUID":"41ccdbb2-1416-5891-93b9-b87aa8da1f5d","name":"Destroy"}
{"uuid":"102bb920-2d95-5a6d-9430-5cf08e6eac80","tboxUUID":"41ccdbb2-1416-5891-93b9-b87aa8da1f5d","name":"Component.Entity"}
{"uuid":"1835bc59-f311-583c-8fc8-f4aa04cf5f9d","tboxUUID":"41ccdbb2-1416-5891-93b9-b87aa8da1f5d","name":"Framework"}
{"uuid":"21899d8e-3d60-5b99-bc50-10a07f92e93e","tboxUUID":"41ccdbb2-1416-5891-93b9-b87aa8da1f5d","name":"Subsystem"}
{"uuid":"25ab488a-071a-5d9e-b45f-1666796a0aa6","tboxUUID":"41ccdbb2-1416-5891-93b9-b87aa8da1f5d","name":"Source"}
{"uuid":"26ae957b-f519-5209-a399-77521e10f3b6","tboxUUID":"41ccdbb2-1416-5891-93b9-b87aa8da1f5d","name":"Realization"}
{"uuid":"270bcb50-a038-50eb-9e8f-6dc4c8af843a","tboxUUID":"41ccdbb2-1416-5891-93b9-b87aa8da1f5d","name":"Derive"}
{"uuid":"303f0267-c22b-5e45-b800-d3264a0120d2","tboxUUID":"41ccdbb2-1416-5891-93b9-b87aa8da1f5d","name":"Trace"}
{"uuid":"3703f534-79de-5d05-b4a2-cacd271c8e1c","tboxUUID":"41ccdbb2-1416-5891-93b9-b87aa8da1f5d","name":"Focus"}
{"uuid":"3da8296c-76fc-5226-9acb-90aedc6e1d52","tboxUUID":"41ccdbb2-1416-5891-93b9-b87aa8da1f5d","name":"ImplementationClass"}
{"uuid":"428dddc4-f917-5791-927f-98a07abe6ff2","tboxUUID":"41ccdbb2-1416-5891-93b9-b87aa8da1f5d","name":"Auxiliary"}
{"uuid":"4d84257a-dc2e-587d-b62d-a8c5c5555431","tboxUUID":"41ccdbb2-1416-5891-93b9-b87aa8da1f5d","name":"Implement"}
{"uuid":"5b31112d-2d44-581d-a6ca-e20dd3211ca2","tboxUUID":"41ccdbb2-1416-5891-93b9-b87aa8da1f5d","name":"Abstraction.Derive"}
{"uuid":"5cba33d6-47cc-5828-860b-169cb1443dbc","tboxUUID":"41ccdbb2-1416-5891-93b9-b87aa8da1f5d","name":"BehavioralFeature.Destroy"}
{"uuid":"604f3e7f-1306-5517-99c5-563233d956b7","tboxUUID":"41ccdbb2-1416-5891-93b9-b87aa8da1f5d","name":"Utility"}
{"uuid":"61f000ef-cecf-5c2e-89a6-1afb9df8ab96","tboxUUID":"41ccdbb2-1416-5891-93b9-b87aa8da1f5d","name":"Call"}
{"uuid":"643e8487-d80e-5e33-b188-b26c4f4499d8","tboxUUID":"41ccdbb2-1416-5891-93b9-b87aa8da1f5d","name":"Class.Type"}
{"uuid":"6efd32df-d1df-5afc-98dd-91609b974161","tboxUUID":"41ccdbb2-1416-5891-93b9-b87aa8da1f5d","name":"Abstraction.Trace"}
{"uuid":"70a2481d-55d4-572d-b21c-42523c5ba43f","tboxUUID":"41ccdbb2-1416-5891-93b9-b87aa8da1f5d","name":"Service"}
{"uuid":"7152733b-0a6a-560b-ba1c-4b8a87197d52","tboxUUID":"41ccdbb2-1416-5891-93b9-b87aa8da1f5d","name":"Executable"}
{"uuid":"7400bc59-b40f-5ca9-a872-9c20186d512f","tboxUUID":"41ccdbb2-1416-5891-93b9-b87aa8da1f5d","name":"Class.ImplementationClass"}
{"uuid":"7bc50368-0471-534e-8a81-8968b2730c37","tboxUUID":"41ccdbb2-1416-5891-93b9-b87aa8da1f5d","name":"File.Script"}
{"uuid":"81fb8998-27c6-58eb-a74e-41c05b48da0a","tboxUUID":"41ccdbb2-1416-5891-93b9-b87aa8da1f5d","name":"Script"}
{"uuid":"82a609ff-6c25-53fb-ac92-3ac6d9fa49e2","tboxUUID":"41ccdbb2-1416-5891-93b9-b87aa8da1f5d","name":"Classifier.Realization"}
{"uuid":"8b4b154c-65b6-5293-8c2e-0f288c867bf7","tboxUUID":"41ccdbb2-1416-5891-93b9-b87aa8da1f5d","name":"Usage.Call"}
{"uuid":"925d5441-4ce7-5bf2-aaa8-b8105e024cfd","tboxUUID":"41ccdbb2-1416-5891-93b9-b87aa8da1f5d","name":"Class.Metaclass"}
{"uuid":"937e6a41-22f1-5b6d-911c-01e024926fa2","tboxUUID":"41ccdbb2-1416-5891-93b9-b87aa8da1f5d","name":"Responsibility"}
{"uuid":"96f1d8ad-48a3-5cba-9ff7-e90635bfeeca","tboxUUID":"41ccdbb2-1416-5891-93b9-b87aa8da1f5d","name":"Abstraction.Refine"}
{"uuid":"997f0db4-0579-516a-a719-808ca9263afb","tboxUUID":"41ccdbb2-1416-5891-93b9-b87aa8da1f5d","name":"Process"}
{"uuid":"a1675a5f-8cfe-57ca-a5ae-cdd58cb7d46a","tboxUUID":"41ccdbb2-1416-5891-93b9-b87aa8da1f5d","name":"Metaclass"}
{"uuid":"a1c94b6c-d4d8-5918-b512-fa7688f982ac","tboxUUID":"41ccdbb2-1416-5891-93b9-b87aa8da1f5d","name":"Library"}
{"uuid":"a3f929c7-7b69-568d-8b08-2907b287fcca","tboxUUID":"41ccdbb2-1416-5891-93b9-b87aa8da1f5d","name":"File.Document"}
{"uuid":"a6c66d9e-b89a-5781-aeba-61df14005231","tboxUUID":"41ccdbb2-1416-5891-93b9-b87aa8da1f5d","name":"Usage.Send"}
{"uuid":"a7b16a39-b555-565e-a500-2d72b15d8b6f","tboxUUID":"41ccdbb2-1416-5891-93b9-b87aa8da1f5d","name":"Create"}
{"uuid":"a7f2d149-57e9-5765-8e4c-f17124e566c7","tboxUUID":"41ccdbb2-1416-5891-93b9-b87aa8da1f5d","name":"Class.Focus"}
{"uuid":"b4b00ede-e698-5d8c-ad50-0924f823ce35","tboxUUID":"41ccdbb2-1416-5891-93b9-b87aa8da1f5d","name":"Component.Service"}
{"uuid":"b855ff7e-12c1-5df2-aceb-9ebbf9b12cb1","tboxUUID":"41ccdbb2-1416-5891-93b9-b87aa8da1f5d","name":"Class.Auxiliary"}
{"uuid":"b9619dae-baff-5dbd-b4d5-8cdfe8179bf0","tboxUUID":"41ccdbb2-1416-5891-93b9-b87aa8da1f5d","name":"Package.Framework"}
{"uuid":"bb758d6a-7450-51fa-b868-2b0753e90cc2","tboxUUID":"41ccdbb2-1416-5891-93b9-b87aa8da1f5d","name":"File.Library"}
{"uuid":"bc69884f-1cd9-5e8f-8209-31887b68d811","tboxUUID":"41ccdbb2-1416-5891-93b9-b87aa8da1f5d","name":"BehavioralFeature.Create"}
{"uuid":"bd4f026d-0cc5-552f-aeab-f3ed05144df8","tboxUUID":"41ccdbb2-1416-5891-93b9-b87aa8da1f5d","name":"Document"}
{"uuid":"c3fb3094-25a0-5318-a2bc-c60bb680eb95","tboxUUID":"41ccdbb2-1416-5891-93b9-b87aa8da1f5d","name":"Component.Implement"}
{"uuid":"cb67b575-aaeb-56b0-8d70-183b985ab830","tboxUUID":"41ccdbb2-1416-5891-93b9-b87aa8da1f5d","name":"Package.ModelLibrary"}
{"uuid":"ceb83d49-8d0a-57ad-b1d5-a44ee7b11658","tboxUUID":"41ccdbb2-1416-5891-93b9-b87aa8da1f5d","name":"Artifact.File"}
{"uuid":"cfb3ea0e-54d2-54c3-9564-79bd51540bb4","tboxUUID":"41ccdbb2-1416-5891-93b9-b87aa8da1f5d","name":"ModelLibrary"}
{"uuid":"d1c4aac2-8d22-57d5-bb49-c1643a2bd877","tboxUUID":"41ccdbb2-1416-5891-93b9-b87aa8da1f5d","name":"Usage.Create"}
{"uuid":"de400be1-6af8-5365-b44e-e13ed86d2b0e","tboxUUID":"41ccdbb2-1416-5891-93b9-b87aa8da1f5d","name":"Entity"}
{"uuid":"e1ed87ec-2f97-5608-9c3f-e6a70603b8cd","tboxUUID":"41ccdbb2-1416-5891-93b9-b87aa8da1f5d","name":"Send"}
{"uuid":"eaf7b73a-70f6-5289-91cf-c3c14a0a9ea9","tboxUUID":"41ccdbb2-1416-5891-93b9-b87aa8da1f5d","name":"File.Source"}
{"uuid":"ecf6b66d-81c6-57de-ac56-a39da9a77108","tboxUUID":"41ccdbb2-1416-5891-93b9-b87aa8da1f5d","name":"Refine"}
{"uuid":"eee3ec29-c7f2-5161-af60-d89ec7c9bf69","tboxUUID":"41ccdbb2-1416-5891-93b9-b87aa8da1f5d","name":"Class.Utility"}
{"uuid":"f00bb8cb-8e06-5a79-ab7a-dc5dc90d533c","tboxUUID":"41ccdbb2-1416-5891-93b9-b87aa8da1f5d","name":"File.Executable"}
{"uuid":"f0fc1666-076c-5c43-b6ca-907f22341abb","tboxUUID":"41ccdbb2-1416-5891-93b9-b87aa8da1f5d","name":"Usage.Instantiate"}
{"uuid":"f15945fc-26db-5889-94a4-611bfdf06053","tboxUUID":"41ccdbb2-1416-5891-93b9-b87aa8da1f5d","name":"Component.Process"}
{"uuid":"f552c37a-3a60-55d1-8801-9ed28bcf52ba","tboxUUID":"41ccdbb2-1416-5891-93b9-b87aa8da1f5d","name":"Component.Subsystem"}
{"uuid":"f75aa8ab-a7de-5e50-8459-debb2305efcf","tboxUUID":"41ccdbb2-1416-5891-93b9-b87aa8da1f5d","name":"Type"}
{"uuid":"fcc67315-a75b-57a2-bab1-f9e626c42f90","tboxUUID":"41ccdbb2-1416-5891-93b9-b87aa8da1f5d","name":"File"}
