{"uuid":"4de6b5d0-1985-5660-9b7e-b130910e42c1","tboxUUID":"0afcdb79-0c95-5d4a-9016-329cf7e1ff04","name":"InfluenceQuantity"}
{"uuid":"54d35554-e88f-5e80-ba86-e752ea86b926","tboxUUID":"0afcdb79-0c95-5d4a-9016-329cf7e1ff04","name":"Quantity.InputQuantity"}
{"uuid":"5ec038fe-fa99-5255-a065-ce154f147825","tboxUUID":"0afcdb79-0c95-5d4a-9016-329cf7e1ff04","name":"InputQuantity"}
{"uuid":"6508c513-daef-57aa-82d5-c2c858e7c72e","tboxUUID":"0afcdb79-0c95-5d4a-9016-329cf7e1ff04","name":"Property.Quantity"}
{"uuid":"67995fb9-2562-5908-81d5-e59d2e5e77e4","tboxUUID":"0afcdb79-0c95-5d4a-9016-329cf7e1ff04","name":"QuantityValueSpecification"}
{"uuid":"690737ed-4c90-51ce-a091-2386d803207b","tboxUUID":"0afcdb79-0c95-5d4a-9016-329cf7e1ff04","name":"MasurementScale"}
{"uuid":"75bb225e-968c-5de0-8ce4-3063e73e0fd1","tboxUUID":"0afcdb79-0c95-5d4a-9016-329cf7e1ff04","name":"ConstraintBlock.MeasurementModel"}
{"uuid":"78c731a4-f54e-5d82-bbf4-62014ccc983a","tboxUUID":"0afcdb79-0c95-5d4a-9016-329cf7e1ff04","name":"Quantity.InfluenceQuantity"}
{"uuid":"7ed61768-4a23-552b-90b5-c0e63790c4fa","tboxUUID":"0afcdb79-0c95-5d4a-9016-329cf7e1ff04","name":"MeasurementResult"}
{"uuid":"90bef4b3-4f3d-569f-8ba6-1325d092893c","tboxUUID":"0afcdb79-0c95-5d4a-9016-329cf7e1ff04","name":"Quantity.Measurand"}
{"uuid":"9d877e6d-2d48-51f3-aefc-06dc4efcc490","tboxUUID":"0afcdb79-0c95-5d4a-9016-329cf7e1ff04","name":"InstanceSpecification.MeasurementResult"}
{"uuid":"b33a8b60-c00c-59a9-8391-0e22bfc6cd5d","tboxUUID":"0afcdb79-0c95-5d4a-9016-329cf7e1ff04","name":"MeasurementModel"}
{"uuid":"d2f5502e-c5e0-5af1-bd89-3cd462a0cbfd","tboxUUID":"0afcdb79-0c95-5d4a-9016-329cf7e1ff04","name":"MeasurementUncertainty"}
{"uuid":"d3f80b0c-865b-5ebb-9f98-0b8a941c334a","tboxUUID":"0afcdb79-0c95-5d4a-9016-329cf7e1ff04","name":"ValueSpecification.MeasurementUncertainty"}
{"uuid":"d502ead1-5283-5385-8ff8-87a303e9bf99","tboxUUID":"0afcdb79-0c95-5d4a-9016-329cf7e1ff04","name":"Quantity"}
{"uuid":"def0a804-89cc-5776-9188-efa9dc3ca335","tboxUUID":"0afcdb79-0c95-5d4a-9016-329cf7e1ff04","name":"Measurand"}
{"uuid":"eca2d160-e528-510f-ad87-076e02794a69","tboxUUID":"0afcdb79-0c95-5d4a-9016-329cf7e1ff04","name":"ValueType.MasurementScale"}
{"uuid":"fcc9a97c-6cf8-5553-8491-57536d509ee5","tboxUUID":"0afcdb79-0c95-5d4a-9016-329cf7e1ff04","name":"ValueSpecification.QuantityValueSpecification"}
