{"uuid":"08d0a15f-4f1e-50c0-8022-8b94b5c9ee90","tboxUUID":"0afcdb79-0c95-5d4a-9016-329cf7e1ff04","sourceUUID":"67995fb9-2562-5908-81d5-e59d2e5e77e4","targetUUID":"d2f5502e-c5e0-5af1-bd89-3cd462a0cbfd","isAsymmetric":false,"isEssential":false,"isFunctional":true,"isInverseEssential":false,"isInverseFunctional":false,"isIrreflexive":false,"isReflexive":false,"isSymmetric":false,"isTransitive":false,"name":"A_measurementUncertainty_quantityValueSpecification","unreifiedPropertyName":"a_measurementUncertainty_quantityValueSpecification","unreifiedInversePropertyName":[]}
{"uuid":"13e1fb20-cf4c-52b8-bedd-68cf19bfe3d2","tboxUUID":"0afcdb79-0c95-5d4a-9016-329cf7e1ff04","sourceUUID":"690737ed-4c90-51ce-a091-2386d803207b","targetUUID":"bd0f2309-d6d5-5e47-941a-2111f0e85f5f","isAsymmetric":false,"isEssential":false,"isFunctional":false,"isInverseEssential":false,"isInverseFunctional":false,"isIrreflexive":false,"isReflexive":false,"isSymmetric":false,"isTransitive":false,"name":"A_quantityValues_measurementScale","unreifiedPropertyName":"a_quantityValues_measurementScale","unreifiedInversePropertyName":[]}
