{"uuid":"12eb86d0-1aa8-596b-b969-3f8c52d1bb5b","tboxUUID":"a2a79741-19d9-5739-a68a-f3bacf665b6c","sourceUUID":"d7ee0b24-2eb3-5a92-ab50-a85831f46591","targetUUID":"c5847c50-0473-5d3f-a8e8-0456eab010f2","isAsymmetric":true,"isEssential":false,"isFunctional":false,"isInverseEssential":false,"isInverseFunctional":false,"isIrreflexive":true,"isReflexive":false,"isSymmetric":false,"isTransitive":false,"name":"Receives","unreifiedPropertyName":"receives","unreifiedInversePropertyName":["isReceivedBy"]}
{"uuid":"205b5c3a-25e1-5285-bcbb-860d787003bc","tboxUUID":"a2a79741-19d9-5739-a68a-f3bacf665b6c","sourceUUID":"382d8191-1c7e-5abd-b062-5816a1962d05","targetUUID":"d7e9fcf4-71d1-5b4a-a6b0-e8d28e8c8dce","isAsymmetric":false,"isEssential":false,"isFunctional":false,"isInverseEssential":false,"isInverseFunctional":false,"isIrreflexive":false,"isReflexive":false,"isSymmetric":false,"isTransitive":false,"name":"BelongsTo","unreifiedPropertyName":"belongsTo","unreifiedInversePropertyName":[]}
{"uuid":"24630e64-4666-516b-94ee-1248ceecae57","tboxUUID":"a2a79741-19d9-5739-a68a-f3bacf665b6c","sourceUUID":"eb901cd0-32bc-569e-a72f-24404f3427e7","targetUUID":"4b7b72ac-a992-5793-af03-3141b8f52afc","isAsymmetric":true,"isEssential":false,"isFunctional":true,"isInverseEssential":false,"isInverseFunctional":false,"isIrreflexive":true,"isReflexive":false,"isSymmetric":false,"isTransitive":false,"name":"Involves2","unreifiedPropertyName":"involves2","unreifiedInversePropertyName":["isInvolvedIn2"]}
{"uuid":"3b5d2e2f-c1db-51ae-814d-17efd3e98d32","tboxUUID":"a2a79741-19d9-5739-a68a-f3bacf665b6c","sourceUUID":"eb901cd0-32bc-569e-a72f-24404f3427e7","targetUUID":"4b7b72ac-a992-5793-af03-3141b8f52afc","isAsymmetric":true,"isEssential":false,"isFunctional":true,"isInverseEssential":false,"isInverseFunctional":false,"isIrreflexive":true,"isReflexive":false,"isSymmetric":false,"isTransitive":false,"name":"Involves1","unreifiedPropertyName":"involves1","unreifiedInversePropertyName":["isInvolvedIn1"]}
{"uuid":"4b2f2956-69e3-5519-9460-1bdd06aff63b","tboxUUID":"a2a79741-19d9-5739-a68a-f3bacf665b6c","sourceUUID":"51239e0b-1b48-5483-9f71-ae57cb124e92","targetUUID":"f88c433a-69b6-5ef6-9643-40f37c258df0","isAsymmetric":true,"isEssential":false,"isFunctional":false,"isInverseEssential":false,"isInverseFunctional":false,"isIrreflexive":true,"isReflexive":false,"isSymmetric":false,"isTransitive":false,"name":"Binds","unreifiedPropertyName":"binds","unreifiedInversePropertyName":["isBoundBy"]}
{"uuid":"4c0cd3c4-d4bd-57fc-a0b2-b23679c6ca60","tboxUUID":"a2a79741-19d9-5739-a68a-f3bacf665b6c","sourceUUID":"d7e9fcf4-71d1-5b4a-a6b0-e8d28e8c8dce","targetUUID":"5681ac0c-af09-5d40-b535-77af37cf47b5","isAsymmetric":false,"isEssential":false,"isFunctional":false,"isInverseEssential":false,"isInverseFunctional":true,"isIrreflexive":false,"isReflexive":false,"isSymmetric":false,"isTransitive":false,"name":"HasResponsibilityFor","unreifiedPropertyName":"hasResponsibilityFor","unreifiedInversePropertyName":["isResponsibilityOf"]}
{"uuid":"53547053-6f73-5d6d-abe0-34324d8ce710","tboxUUID":"a2a79741-19d9-5739-a68a-f3bacf665b6c","sourceUUID":"5681ac0c-af09-5d40-b535-77af37cf47b5","targetUUID":"4b7b72ac-a992-5793-af03-3141b8f52afc","isAsymmetric":true,"isEssential":false,"isFunctional":false,"isInverseEssential":false,"isInverseFunctional":true,"isIrreflexive":true,"isReflexive":false,"isSymmetric":false,"isTransitive":false,"name":"Executes","unreifiedPropertyName":"executes","unreifiedInversePropertyName":["isExecutedBy"]}
{"uuid":"625e4603-2f69-5fde-9b7e-5716a0079641","tboxUUID":"a2a79741-19d9-5739-a68a-f3bacf665b6c","sourceUUID":"6af40ade-f731-5144-bbf5-ea6d215cc42c","targetUUID":"327f1c2a-733e-5b7f-a126-8df093949cb4","isAsymmetric":true,"isEssential":false,"isFunctional":false,"isInverseEssential":false,"isInverseFunctional":false,"isIrreflexive":true,"isReflexive":false,"isSymmetric":false,"isTransitive":false,"name":"HasAssignment","unreifiedPropertyName":"hasAssignment","unreifiedInversePropertyName":["isAssignedTo"]}
{"uuid":"6773a463-f0c4-506a-98ca-36a2c15d16f4","tboxUUID":"a2a79741-19d9-5739-a68a-f3bacf665b6c","sourceUUID":"50c60667-2ed5-58f2-acf7-ae821e4ee6c9","targetUUID":"66fd8fd6-910d-5e10-b7ea-f7ef9bf68efd","isAsymmetric":true,"isEssential":false,"isFunctional":false,"isInverseEssential":false,"isInverseFunctional":false,"isIrreflexive":true,"isReflexive":false,"isSymmetric":false,"isTransitive":false,"name":"Describes","unreifiedPropertyName":"describes","unreifiedInversePropertyName":["isDescribedBy"]}
{"uuid":"6ae42b46-4f8a-53eb-89a1-302deb8a50f1","tboxUUID":"a2a79741-19d9-5739-a68a-f3bacf665b6c","sourceUUID":"5681ac0c-af09-5d40-b535-77af37cf47b5","targetUUID":"5681ac0c-af09-5d40-b535-77af37cf47b5","isAsymmetric":true,"isEssential":false,"isFunctional":false,"isInverseEssential":false,"isInverseFunctional":true,"isIrreflexive":true,"isReflexive":false,"isSymmetric":false,"isTransitive":false,"name":"Authorizes","unreifiedPropertyName":"authorizes","unreifiedInversePropertyName":[]}
{"uuid":"6b425a60-f306-5472-a231-e7272d9d6074","tboxUUID":"a2a79741-19d9-5739-a68a-f3bacf665b6c","sourceUUID":"eb901cd0-32bc-569e-a72f-24404f3427e7","targetUUID":"c5847c50-0473-5d3f-a8e8-0456eab010f2","isAsymmetric":true,"isEssential":false,"isFunctional":false,"isInverseEssential":false,"isInverseFunctional":false,"isIrreflexive":true,"isReflexive":false,"isSymmetric":false,"isTransitive":false,"name":"HasParticipant","unreifiedPropertyName":"hasParticipant","unreifiedInversePropertyName":["participatesIn"]}
{"uuid":"716d664c-862c-502f-b201-42d7a1fa4420","tboxUUID":"a2a79741-19d9-5739-a68a-f3bacf665b6c","sourceUUID":"6af40ade-f731-5144-bbf5-ea6d215cc42c","targetUUID":"50c60667-2ed5-58f2-acf7-ae821e4ee6c9","isAsymmetric":true,"isEssential":false,"isFunctional":false,"isInverseEssential":false,"isInverseFunctional":false,"isIrreflexive":true,"isReflexive":false,"isSymmetric":false,"isTransitive":false,"name":"Approves","unreifiedPropertyName":"approves","unreifiedInversePropertyName":["isApprovedBy"]}
{"uuid":"7617f6d5-a83b-5b03-8507-09c467dc4d47","tboxUUID":"a2a79741-19d9-5739-a68a-f3bacf665b6c","sourceUUID":"5681ac0c-af09-5d40-b535-77af37cf47b5","targetUUID":"66fd8fd6-910d-5e10-b7ea-f7ef9bf68efd","isAsymmetric":true,"isEssential":false,"isFunctional":false,"isInverseEssential":false,"isInverseFunctional":false,"isIrreflexive":true,"isReflexive":false,"isSymmetric":false,"isTransitive":false,"name":"ReliesOn","unreifiedPropertyName":"reliesOn","unreifiedInversePropertyName":["isReliedOnBy"]}
{"uuid":"78d16abe-9631-5432-89c5-a5c0105b21b2","tboxUUID":"a2a79741-19d9-5739-a68a-f3bacf665b6c","sourceUUID":"382d8191-1c7e-5abd-b062-5816a1962d05","targetUUID":"6af40ade-f731-5144-bbf5-ea6d215cc42c","isAsymmetric":true,"isEssential":false,"isFunctional":false,"isInverseEssential":false,"isInverseFunctional":true,"isIrreflexive":true,"isReflexive":false,"isSymmetric":false,"isTransitive":false,"name":"HasRole","unreifiedPropertyName":"hasRole","unreifiedInversePropertyName":["isRoleOf"]}
{"uuid":"85b22271-503c-54f7-8ea5-6ac843da11cc","tboxUUID":"a2a79741-19d9-5739-a68a-f3bacf665b6c","sourceUUID":"4b7b72ac-a992-5793-af03-3141b8f52afc","targetUUID":"4b7b72ac-a992-5793-af03-3141b8f52afc","isAsymmetric":false,"isEssential":false,"isFunctional":false,"isInverseEssential":false,"isInverseFunctional":false,"isIrreflexive":true,"isReflexive":false,"isSymmetric":false,"isTransitive":false,"name":"Invokes","unreifiedPropertyName":"invokes","unreifiedInversePropertyName":["isInvokedBy"]}
{"uuid":"8d1923c1-0cec-50b3-bc2d-3023954ac1e5","tboxUUID":"a2a79741-19d9-5739-a68a-f3bacf665b6c","sourceUUID":"5681ac0c-af09-5d40-b535-77af37cf47b5","targetUUID":"5ac82044-1ec3-558f-804c-0c7a1411b055","isAsymmetric":true,"isEssential":false,"isFunctional":false,"isInverseEssential":false,"isInverseFunctional":true,"isIrreflexive":true,"isReflexive":false,"isSymmetric":false,"isTransitive":false,"name":"Supplies","unreifiedPropertyName":"supplies","unreifiedInversePropertyName":["isSuppliedBy"]}
{"uuid":"a09e71ff-b971-56b2-9554-49ee0cc21b31","tboxUUID":"a2a79741-19d9-5739-a68a-f3bacf665b6c","sourceUUID":"83a57c2f-d386-5bb0-900d-df9dc6495f6b","targetUUID":"21985f30-9eb5-53e4-93b4-da21871b4819","isAsymmetric":true,"isEssential":false,"isFunctional":false,"isInverseEssential":false,"isInverseFunctional":false,"isIrreflexive":true,"isReflexive":false,"isSymmetric":false,"isTransitive":false,"name":"Represents","unreifiedPropertyName":"represents","unreifiedInversePropertyName":["isRepresentedBy"]}
{"uuid":"a4e50e5e-e525-5f71-bb13-5cfadb95e454","tboxUUID":"a2a79741-19d9-5739-a68a-f3bacf665b6c","sourceUUID":"eb901cd0-32bc-569e-a72f-24404f3427e7","targetUUID":"4b7b72ac-a992-5793-af03-3141b8f52afc","isAsymmetric":true,"isEssential":false,"isFunctional":false,"isInverseEssential":false,"isInverseFunctional":false,"isIrreflexive":true,"isReflexive":false,"isSymmetric":false,"isTransitive":false,"name":"Involves","unreifiedPropertyName":"involves","unreifiedInversePropertyName":["isInvolvedIn"]}
{"uuid":"a6158bc0-10be-5219-93c9-134b77265fd9","tboxUUID":"a2a79741-19d9-5739-a68a-f3bacf665b6c","sourceUUID":"5681ac0c-af09-5d40-b535-77af37cf47b5","targetUUID":"50c60667-2ed5-58f2-acf7-ae821e4ee6c9","isAsymmetric":true,"isEssential":false,"isFunctional":false,"isInverseEssential":false,"isInverseFunctional":true,"isIrreflexive":true,"isReflexive":false,"isSymmetric":false,"isTransitive":false,"name":"Produces","unreifiedPropertyName":"produces","unreifiedInversePropertyName":["isProducedBy"]}
{"uuid":"a6de888d-f92c-53bd-ab0c-fb9c06df8191","tboxUUID":"a2a79741-19d9-5739-a68a-f3bacf665b6c","sourceUUID":"6af40ade-f731-5144-bbf5-ea6d215cc42c","targetUUID":"6af40ade-f731-5144-bbf5-ea6d215cc42c","isAsymmetric":true,"isEssential":false,"isFunctional":false,"isInverseEssential":false,"isInverseFunctional":true,"isIrreflexive":true,"isReflexive":false,"isSymmetric":false,"isTransitive":false,"name":"DelegatesTo","unreifiedPropertyName":"delegatesTo","unreifiedInversePropertyName":["isDelegateOf"]}
{"uuid":"a7148176-d6ec-54f9-954b-81b787cfabdb","tboxUUID":"a2a79741-19d9-5739-a68a-f3bacf665b6c","sourceUUID":"4b7b72ac-a992-5793-af03-3141b8f52afc","targetUUID":"d7ee0b24-2eb3-5a92-ab50-a85831f46591","isAsymmetric":true,"isEssential":false,"isFunctional":false,"isInverseEssential":false,"isInverseFunctional":true,"isIrreflexive":true,"isReflexive":false,"isSymmetric":false,"isTransitive":false,"name":"InterchangesThrough","unreifiedPropertyName":"interchangesThrough","unreifiedInversePropertyName":["isInterchangePointFor"]}
{"uuid":"bfb95d8d-4a8d-5e64-82c6-cc5ab946c3c2","tboxUUID":"a2a79741-19d9-5739-a68a-f3bacf665b6c","sourceUUID":"007d5a21-0e67-54fe-8239-a418019e604c","targetUUID":"007d5a21-0e67-54fe-8239-a418019e604c","isAsymmetric":true,"isEssential":false,"isFunctional":false,"isInverseEssential":false,"isInverseFunctional":false,"isIrreflexive":true,"isReflexive":false,"isSymmetric":false,"isTransitive":false,"name":"Realizes","unreifiedPropertyName":"realizes","unreifiedInversePropertyName":["isRealizedBy"]}
{"uuid":"c316e567-4829-52d8-a514-0774405b4398","tboxUUID":"a2a79741-19d9-5739-a68a-f3bacf665b6c","sourceUUID":"6af40ade-f731-5144-bbf5-ea6d215cc42c","targetUUID":"50c60667-2ed5-58f2-acf7-ae821e4ee6c9","isAsymmetric":true,"isEssential":false,"isFunctional":false,"isInverseEssential":false,"isInverseFunctional":false,"isIrreflexive":true,"isReflexive":false,"isSymmetric":false,"isTransitive":false,"name":"Prepares","unreifiedPropertyName":"prepares","unreifiedInversePropertyName":["isPreparedBy"]}
{"uuid":"c6a77765-8d38-5800-b032-f9d5f6d00cb3","tboxUUID":"a2a79741-19d9-5739-a68a-f3bacf665b6c","sourceUUID":"66fd8fd6-910d-5e10-b7ea-f7ef9bf68efd","targetUUID":"cf320991-439c-53c6-91e4-72faab7bcde7","isAsymmetric":true,"isEssential":false,"isFunctional":false,"isInverseEssential":false,"isInverseFunctional":true,"isIrreflexive":true,"isReflexive":false,"isSymmetric":false,"isTransitive":false,"name":"Manifests","unreifiedPropertyName":"manifests","unreifiedInversePropertyName":["isManfestedBy"]}
{"uuid":"fa7f922e-a6cd-5bad-9194-260133b12341","tboxUUID":"a2a79741-19d9-5739-a68a-f3bacf665b6c","sourceUUID":"6af40ade-f731-5144-bbf5-ea6d215cc42c","targetUUID":"50c60667-2ed5-58f2-acf7-ae821e4ee6c9","isAsymmetric":true,"isEssential":false,"isFunctional":false,"isInverseEssential":false,"isInverseFunctional":false,"isIrreflexive":true,"isReflexive":false,"isSymmetric":false,"isTransitive":false,"name":"Concurs","unreifiedPropertyName":"concurs","unreifiedInversePropertyName":["isConcurredBy"]}
{"uuid":"fae03862-4932-5098-8037-a917b846305c","tboxUUID":"a2a79741-19d9-5739-a68a-f3bacf665b6c","sourceUUID":"d7ee0b24-2eb3-5a92-ab50-a85831f46591","targetUUID":"c5847c50-0473-5d3f-a8e8-0456eab010f2","isAsymmetric":true,"isEssential":false,"isFunctional":false,"isInverseEssential":false,"isInverseFunctional":true,"isIrreflexive":true,"isReflexive":false,"isSymmetric":false,"isTransitive":false,"name":"Delivers","unreifiedPropertyName":"delivers","unreifiedInversePropertyName":["isDeliveredBy"]}
