{"uuid":"03bf5003-ddbd-5843-99fc-08a410111025","tboxUUID":"c108fbcf-4357-57cd-a8c0-8799e467e87f","restrictedRangeUUID":"7e6679ef-7ac5-5e61-a2d6-3950a7df92ee","minExclusive":[],"minInclusive":[],"maxExclusive":[],"maxInclusive":["0"],"name":"nonPositiveInteger"}
{"uuid":"0f39197e-53a0-5311-a723-1477fcf3469e","tboxUUID":"c108fbcf-4357-57cd-a8c0-8799e467e87f","restrictedRangeUUID":"2df2ad8d-02a7-54f1-83b0-97cf5d857571","minExclusive":[],"minInclusive":["1"],"maxExclusive":[],"maxInclusive":[],"name":"positiveInteger"}
{"uuid":"19e014b4-ce65-5523-a6ad-c21539f78eeb","tboxUUID":"c108fbcf-4357-57cd-a8c0-8799e467e87f","restrictedRangeUUID":"03bf5003-ddbd-5843-99fc-08a410111025","minExclusive":[],"minInclusive":[],"maxExclusive":[],"maxInclusive":["-1"],"name":"negativeInteger"}
{"uuid":"20d28a72-f474-585c-abbb-8c1f4d153b59","tboxUUID":"c108fbcf-4357-57cd-a8c0-8799e467e87f","restrictedRangeUUID":"7e6679ef-7ac5-5e61-a2d6-3950a7df92ee","minExclusive":[],"minInclusive":["-9223372036854775808"],"maxExclusive":[],"maxInclusive":["9223372036854775807"],"name":"long"}
{"uuid":"2df2ad8d-02a7-54f1-83b0-97cf5d857571","tboxUUID":"c108fbcf-4357-57cd-a8c0-8799e467e87f","restrictedRangeUUID":"7e6679ef-7ac5-5e61-a2d6-3950a7df92ee","minExclusive":[],"minInclusive":["0"],"maxExclusive":[],"maxInclusive":[],"name":"nonNegativeInteger"}
{"uuid":"47ee633d-dd96-51c6-8479-1471eae42dea","tboxUUID":"c108fbcf-4357-57cd-a8c0-8799e467e87f","restrictedRangeUUID":"946be7d2-6a4e-5947-baf0-6bd18487af65","minExclusive":[],"minInclusive":[],"maxExclusive":[],"maxInclusive":["4294967295"],"name":"unsignedInt"}
{"uuid":"79aa65b1-55e2-54e2-9735-01beb0a141d2","tboxUUID":"c108fbcf-4357-57cd-a8c0-8799e467e87f","restrictedRangeUUID":"e20fa60c-9c96-5cc9-bcd5-9dc1dff23837","minExclusive":[],"minInclusive":["-128"],"maxExclusive":[],"maxInclusive":["127"],"name":"byte"}
{"uuid":"946be7d2-6a4e-5947-baf0-6bd18487af65","tboxUUID":"c108fbcf-4357-57cd-a8c0-8799e467e87f","restrictedRangeUUID":"2df2ad8d-02a7-54f1-83b0-97cf5d857571","minExclusive":[],"minInclusive":[],"maxExclusive":[],"maxInclusive":["18446744073709551615"],"name":"unsignedLong"}
{"uuid":"aa7025b7-4771-54f8-8902-f77f06edcba0","tboxUUID":"c108fbcf-4357-57cd-a8c0-8799e467e87f","restrictedRangeUUID":"d5ddffca-1d42-537b-8266-2a2accae502c","minExclusive":[],"minInclusive":[],"maxExclusive":[],"maxInclusive":["255"],"name":"unsignedByte"}
{"uuid":"c0d5bd43-e429-520e-a0ba-c6b1099b09a4","tboxUUID":"c108fbcf-4357-57cd-a8c0-8799e467e87f","restrictedRangeUUID":"20d28a72-f474-585c-abbb-8c1f4d153b59","minExclusive":[],"minInclusive":["-2147483648"],"maxExclusive":[],"maxInclusive":["2147483647"],"name":"int"}
{"uuid":"d5ddffca-1d42-537b-8266-2a2accae502c","tboxUUID":"c108fbcf-4357-57cd-a8c0-8799e467e87f","restrictedRangeUUID":"47ee633d-dd96-51c6-8479-1471eae42dea","minExclusive":[],"minInclusive":[],"maxExclusive":[],"maxInclusive":["65535"],"name":"unsignedShort"}
{"uuid":"e20fa60c-9c96-5cc9-bcd5-9dc1dff23837","tboxUUID":"c108fbcf-4357-57cd-a8c0-8799e467e87f","restrictedRangeUUID":"c0d5bd43-e429-520e-a0ba-c6b1099b09a4","minExclusive":[],"minInclusive":["-32768"],"maxExclusive":[],"maxInclusive":["32767"],"name":"short"}
