{"uuid":"09f3089a-f6d8-5cec-a9d3-c7024007cd46","tboxUUID":"c108fbcf-4357-57cd-a8c0-8799e467e87f","restrictedRangeUUID":"ce03e6ea-7de0-50ba-968d-1499c9081f57","length":[],"minLength":[],"maxLength":[],"name":"gMonth","pattern":["--(0[1-9]|1[0-2])(Z|(\\+|-)((0[0-9]|1[0-3]):[0-5][0-9]|14:00))?"]}
{"uuid":"0de245f2-2203-52fe-95e8-d13e73278a08","tboxUUID":"c108fbcf-4357-57cd-a8c0-8799e467e87f","restrictedRangeUUID":"f04e9b5c-024b-5a3d-91b6-853afb18b395","length":[],"minLength":[],"maxLength":[],"name":"dayTimeDuration","pattern":["[^YM]*(T.*)?"]}
{"uuid":"1a43a50a-7f75-585e-bfa3-ddfb79c2382a","tboxUUID":"c108fbcf-4357-57cd-a8c0-8799e467e87f","restrictedRangeUUID":"ce03e6ea-7de0-50ba-968d-1499c9081f57","length":[],"minLength":[],"maxLength":[],"name":"gYearMonth","pattern":["-?([1-9][0-9]{3,}|0[0-9]{3})-(0[1-9]|1[0-2])(Z|(\\+|-)((0[0-9]|1[0-3]):[0-5][0-9]|14:00))?"]}
{"uuid":"28100a2a-a5c2-506f-9161-3f8f48c2041c","tboxUUID":"c108fbcf-4357-57cd-a8c0-8799e467e87f","restrictedRangeUUID":"ce03e6ea-7de0-50ba-968d-1499c9081f57","length":[],"minLength":[],"maxLength":[],"name":"gMonthDay","pattern":["--(0[1-9]|1[0-2])-(0[1-9]|[12][0-9]|3[01])(Z|(\\+|-)((0[0-9]|1[0-3]):[0-5][0-9]|14:00))?"]}
{"uuid":"28553dc8-e117-5657-b340-f4af205a7a69","tboxUUID":"c108fbcf-4357-57cd-a8c0-8799e467e87f","restrictedRangeUUID":"e12b5749-0775-57a7-9688-b40799d55e81","length":[],"minLength":[],"maxLength":[],"name":"normalizedString","pattern":["[^\\n\\r\\t]"]}
{"uuid":"54561e50-5fe8-51a7-b91d-4308934f355c","tboxUUID":"c108fbcf-4357-57cd-a8c0-8799e467e87f","restrictedRangeUUID":"ce03e6ea-7de0-50ba-968d-1499c9081f57","length":[],"minLength":[],"maxLength":[],"name":"double","pattern":["(\\+|\\-)?([0-9]+(\\.[0-9]*)?|\\.[0-9]+)([Ee](\\+|\\-)?[0-9]+)?|(\\+|\\-)?INF|NaN"]}
{"uuid":"5a91cf8a-9959-5fc4-938e-81316d7383db","tboxUUID":"c108fbcf-4357-57cd-a8c0-8799e467e87f","restrictedRangeUUID":"7e5ae545-6194-5347-b388-26d4e0f9a623","length":[],"minLength":[],"maxLength":[],"name":"name","pattern":["\\i\\c*"]}
{"uuid":"7932897c-1545-5f61-875a-65300bac879b","tboxUUID":"c108fbcf-4357-57cd-a8c0-8799e467e87f","restrictedRangeUUID":"f04e9b5c-024b-5a3d-91b6-853afb18b395","length":[],"minLength":[],"maxLength":[],"name":"yearMonthDuration","pattern":["[^DT]*"]}
{"uuid":"7e5ae545-6194-5347-b388-26d4e0f9a623","tboxUUID":"c108fbcf-4357-57cd-a8c0-8799e467e87f","restrictedRangeUUID":"28553dc8-e117-5657-b340-f4af205a7a69","length":[],"minLength":[],"maxLength":[],"name":"token","pattern":["\\S[\\S[ ]{0,2}]\\S"]}
{"uuid":"7e6679ef-7ac5-5e61-a2d6-3950a7df92ee","tboxUUID":"c108fbcf-4357-57cd-a8c0-8799e467e87f","restrictedRangeUUID":"7313ed3f-9bc1-53e8-9bf0-11d9605df343","length":[],"minLength":[],"maxLength":[],"name":"integer","pattern":["[\\-+]?[0-9]+"]}
{"uuid":"8311a4e7-5829-560a-9544-38f1579491ce","tboxUUID":"c108fbcf-4357-57cd-a8c0-8799e467e87f","restrictedRangeUUID":"5a91cf8a-9959-5fc4-938e-81316d7383db","length":[],"minLength":[],"maxLength":[],"name":"NCName","pattern":["[\\i\\c*&&[\\i-[:]][\\c-[:]]*]"]}
{"uuid":"9c044361-ed90-57c8-97e0-d4a1d98fc132","tboxUUID":"c108fbcf-4357-57cd-a8c0-8799e467e87f","restrictedRangeUUID":"7e5ae545-6194-5347-b388-26d4e0f9a623","length":[],"minLength":[],"maxLength":[],"name":"language","pattern":["[a-zA-Z]{1,8}(-[a-zA-Z0-9]{1,8})*"]}
{"uuid":"a3bba888-d9db-527e-bb7a-fe595dff4f3a","tboxUUID":"c108fbcf-4357-57cd-a8c0-8799e467e87f","restrictedRangeUUID":"ce03e6ea-7de0-50ba-968d-1499c9081f57","length":[],"minLength":[],"maxLength":[],"name":"time","pattern":["(([01][0-9]|2[0-3]):[0-5][0-9]:[0-5][0-9](\\.[0-9]+)?|(24:00:00(\\.0+)?))(Z|(\\+|-)((0[0-9]|1[0-3]):[0-5][0-9]|14:00))?"]}
{"uuid":"b1253e6a-896e-56b6-9e34-ab26fe9fd5c3","tboxUUID":"c108fbcf-4357-57cd-a8c0-8799e467e87f","restrictedRangeUUID":"ce03e6ea-7de0-50ba-968d-1499c9081f57","length":[],"minLength":[],"maxLength":[],"name":"hexBinary","pattern":["([0-9a-fA-F]{2})*"]}
{"uuid":"b1700588-ea6f-5851-9464-07ec15ed0b4e","tboxUUID":"c108fbcf-4357-57cd-a8c0-8799e467e87f","restrictedRangeUUID":"ce03e6ea-7de0-50ba-968d-1499c9081f57","length":[],"minLength":[],"maxLength":[],"name":"float","pattern":["(\\+|\\-)?([0-9]+(\\.[0-9]*)?|\\.[0-9]+)([Ee](\\+|\\-)?[0-9]+)?|(\\+|\\-)?INF|NaN"]}
{"uuid":"cfd9eeb3-0bb7-5ed9-b1a3-f9345df9184a","tboxUUID":"c108fbcf-4357-57cd-a8c0-8799e467e87f","restrictedRangeUUID":"7e5ae545-6194-5347-b388-26d4e0f9a623","length":[],"minLength":[],"maxLength":[],"name":"NMTOKEN","pattern":["\\c+"]}
{"uuid":"f04e9b5c-024b-5a3d-91b6-853afb18b395","tboxUUID":"c108fbcf-4357-57cd-a8c0-8799e467e87f","restrictedRangeUUID":"ce03e6ea-7de0-50ba-968d-1499c9081f57","length":[],"minLength":[],"maxLength":[],"name":"duration","pattern":["-?P((([0-9]+Y([0-9]+M)?([0-9]+D)?|([0-9]+M)([0-9]+D)?|([0-9]+D))(T(([0-9]+H)([0-9]+M)?([0-9]+(\\.[0-9]+)?S)?|([0-9]+M)([0-9]+(\\.[0-9]+)?S)?|([0-9]+(\\.[0-9]+)?S)))?)|(T(([0-9]+H)([0-9]+M)?([0-9]+(\\.[0-9]+)?S)?|([0-9]+M)([0-9]+(\\.[0-9]+)?S)?|([0-9]+(\\.[0-9]+)?S))))"]}
{"uuid":"f3057f89-2be0-593d-a0dd-a6b2f2a0ae00","tboxUUID":"c108fbcf-4357-57cd-a8c0-8799e467e87f","restrictedRangeUUID":"ce03e6ea-7de0-50ba-968d-1499c9081f57","length":[],"minLength":[],"maxLength":[],"name":"gYear","pattern":["-?([1-9][0-9]{3,}|0[0-9]{3})(Z|(\\+|-)((0[0-9]|1[0-3]):[0-5][0-9]|14:00))?"]}
{"uuid":"f5bcf085-7163-502c-9766-37f6e1932c3f","tboxUUID":"c108fbcf-4357-57cd-a8c0-8799e467e87f","restrictedRangeUUID":"ce03e6ea-7de0-50ba-968d-1499c9081f57","length":[],"minLength":[],"maxLength":[],"name":"gDay","pattern":["---(0[1-9]|[12][0-9]|3[01])(Z|(\\+|-)((0[0-9]|1[0-3]):[0-5][0-9]|14:00))?"]}
