{"uuid":"2f6944b4-073e-5b63-ad71-6bed85d72794","iri":"http://imce.jpl.nasa.gov/foundation/annotation/annotation#xmi2xsdDataTypeMapping","abbrevIRI":"annotation:xmi2xsdDataTypeMapping"}
{"uuid":"32058b82-1f76-54b0-8d02-13dab9e604ff","iri":"http://imce.jpl.nasa.gov/foundation/annotation/annotation#omgElementId","abbrevIRI":"annotation:omgElementId"}
{"uuid":"55c4affe-635e-55d1-8ad3-047594beae61","iri":"http://imce.jpl.nasa.gov/foundation/annotation/annotation#noMapping","abbrevIRI":"annotation:noMapping"}
{"uuid":"a749da99-41b5-542e-a5ee-0783771b0ec4","iri":"http://imce.jpl.nasa.gov/foundation/annotation/annotation#implementationElementId","abbrevIRI":"annotation:implementationElementId"}
{"uuid":"c5a2e486-7e12-5e1c-95b9-4a07e131dc13","iri":"http://imce.jpl.nasa.gov/foundation/annotation/annotation#isAbstract","abbrevIRI":"annotation:isAbstract"}
