{"uuid":"32058b82-1f76-54b0-8d02-13dab9e604ff","iri":"http://imce.jpl.nasa.gov/foundation/annotation/annotation#omgElementId","abbrevIRI":"annotation:omgElementId"}
{"uuid":"55c4affe-635e-55d1-8ad3-047594beae61","iri":"http://imce.jpl.nasa.gov/foundation/annotation/annotation#noMapping","abbrevIRI":"annotation:noMapping"}
{"uuid":"893f3340-64c5-5b0f-a70c-6a70fd02f56e","iri":"http://imce.jpl.nasa.gov/foundation/annotation/annotation#companionOwnershipRelation","abbrevIRI":"annotation:companionOwnershipRelation"}
{"uuid":"a16bbd44-9f37-5132-b5be-a1028020f01a","iri":"http://imce.jpl.nasa.gov/foundation/annotation/annotation#isMetamodel","abbrevIRI":"annotation:isMetamodel"}
{"uuid":"a749da99-41b5-542e-a5ee-0783771b0ec4","iri":"http://imce.jpl.nasa.gov/foundation/annotation/annotation#implementationElementId","abbrevIRI":"annotation:implementationElementId"}
{"uuid":"c5a2e486-7e12-5e1c-95b9-4a07e131dc13","iri":"http://imce.jpl.nasa.gov/foundation/annotation/annotation#isAbstract","abbrevIRI":"annotation:isAbstract"}
{"uuid":"d563d202-16c1-59eb-b912-ec42f56a3fdb","iri":"http://imce.jpl.nasa.gov/foundation/annotation/annotation#isMetaclass","abbrevIRI":"annotation:isMetaclass"}
{"uuid":"faa6930e-4f51-553c-96a4-6233c4070e4c","iri":"http://imce.jpl.nasa.gov/foundation/annotation/annotation#isDerived","abbrevIRI":"annotation:isDerived"}
