{"uuid":"2bb4aa13-7370-5e3a-9220-0c159c484f5d","tboxUUID":"407af7b2-4886-587b-b582-57138d4fb2d4","extendedTerminologyIRI":"http://imce.jpl.nasa.gov/www.omg.org/spec/UML/20110701/StandardProfileL2-embedding"}
{"uuid":"3acf771f-25f6-5fdf-8c06-a725fa303bb5","tboxUUID":"407af7b2-4886-587b-b582-57138d4fb2d4","extendedTerminologyIRI":"http://imce.jpl.nasa.gov/www.omg.org/spec/SysML/20140311/SysML-metamodel"}
{"uuid":"5d10a95b-8ff2-5a28-bf7f-e630716918bc","tboxUUID":"407af7b2-4886-587b-b582-57138d4fb2d4","extendedTerminologyIRI":"http://imce.jpl.nasa.gov/www.omg.org/spec/UML/20110701/StandardProfileL2-metamodel"}
