{"uuid":"0e9ea391-dbb9-5749-b3a3-9353d7ff4861","iri":"http://imce.jpl.nasa.gov/discipline/vandv/vandv#hasDescribesTarget","abbrevIRI":"vandv:hasDescribesTarget"}
{"uuid":"0ee02666-fd64-53a9-b1b7-158a9aacaa84","iri":"http://imce.jpl.nasa.gov/discipline/vandv/vandv#hasSatisfiesTarget","abbrevIRI":"vandv:hasSatisfiesTarget"}
{"uuid":"1e875611-347c-5019-8e9c-10d0550d8a33","iri":"http://imce.jpl.nasa.gov/discipline/vandv/vandv#hasAffectsSource","abbrevIRI":"vandv:hasAffectsSource"}
{"uuid":"2133c3ed-ba09-5a39-8d29-c4ae798766d2","iri":"http://imce.jpl.nasa.gov/discipline/vandv/vandv#hasDescribesSource","abbrevIRI":"vandv:hasDescribesSource"}
{"uuid":"25f74645-c132-5168-a840-ab7f5040c2fd","iri":"http://imce.jpl.nasa.gov/discipline/vandv/vandv#hasOccursInSource","abbrevIRI":"vandv:hasOccursInSource"}
{"uuid":"2f2b555f-44db-5f7c-a443-6d17cd1b7493","iri":"http://imce.jpl.nasa.gov/discipline/vandv/vandv#hasSatisfiesSource","abbrevIRI":"vandv:hasSatisfiesSource"}
{"uuid":"3e41d77a-fbf8-510e-b10c-cc0ec820118f","iri":"http://imce.jpl.nasa.gov/foundation/owl2-mof2/owl2-mof2#hasBinaryDependencyTarget","abbrevIRI":"owl2-mof2:hasBinaryDependencyTarget"}
{"uuid":"3f3a5a6b-bc60-502c-8554-9bae10cff784","iri":"http://imce.jpl.nasa.gov/discipline/vandv/vandv#hasContainsSource","abbrevIRI":"vandv:hasContainsSource"}
{"uuid":"40fa06a0-807e-52af-a479-e066381bda7e","iri":"http://purl.org/dc/elements/1.1/rights","abbrevIRI":"dc:rights"}
{"uuid":"44b9cc09-49bd-5fea-8234-cb058c562c79","iri":"http://imce.jpl.nasa.gov/discipline/vandv/vandv#hasExpectsTarget","abbrevIRI":"vandv:hasExpectsTarget"}
{"uuid":"49da8e85-7b0a-5821-a7e6-75b5610d67ec","iri":"http://imce.jpl.nasa.gov/discipline/vandv/vandv#hasIncludesTarget","abbrevIRI":"vandv:hasIncludesTarget"}
{"uuid":"4cbbb19e-e4d9-51a8-8196-01ef8f9b4b53","iri":"http://imce.jpl.nasa.gov/discipline/vandv/vandv#hasSummarizesTarget","abbrevIRI":"vandv:hasSummarizesTarget"}
{"uuid":"577a12aa-105d-5be7-a871-9805288aadd1","iri":"http://imce.jpl.nasa.gov/discipline/vandv/vandv#hasCorroboratesTarget","abbrevIRI":"vandv:hasCorroboratesTarget"}
{"uuid":"5b30a8d4-5713-5803-ac8a-ca8920b1a774","iri":"http://imce.jpl.nasa.gov/discipline/vandv/vandv#hasGroupsTarget","abbrevIRI":"vandv:hasGroupsTarget"}
{"uuid":"66c8cc91-1bef-5d08-9a5b-c1aa5e06bcb8","iri":"http://imce.jpl.nasa.gov/discipline/vandv/vandv#hasReviewsTarget","abbrevIRI":"vandv:hasReviewsTarget"}
{"uuid":"6f8423aa-e77d-5b33-9c80-3b12ec393f04","iri":"http://imce.jpl.nasa.gov/discipline/vandv/vandv#hasAffectsTarget","abbrevIRI":"vandv:hasAffectsTarget"}
{"uuid":"782a4e8d-4b5c-51e0-ad63-874a618418e6","iri":"http://imce.jpl.nasa.gov/discipline/vandv/vandv#hasAssessesTarget","abbrevIRI":"vandv:hasAssessesTarget"}
{"uuid":"7f8746a3-1595-583f-a77c-b6ffadf2529d","iri":"http://imce.jpl.nasa.gov/discipline/vandv/vandv#hasIncludesSource","abbrevIRI":"vandv:hasIncludesSource"}
{"uuid":"849aa12e-1909-5257-82f8-537ebed28d8c","iri":"http://imce.jpl.nasa.gov/discipline/vandv/vandv#hasAssessesSource","abbrevIRI":"vandv:hasAssessesSource"}
{"uuid":"898ff540-cdd2-510f-bea6-0e522f52df56","iri":"http://imce.jpl.nasa.gov/discipline/vandv/vandv#hasExpectsSource","abbrevIRI":"vandv:hasExpectsSource"}
{"uuid":"988bf1f8-12e5-5c2a-bed8-449b37f4bc0c","iri":"http://imce.jpl.nasa.gov/discipline/vandv/vandv#hasVerifiesTarget","abbrevIRI":"vandv:hasVerifiesTarget"}
{"uuid":"aab8e28c-f0b9-558c-8c1f-438afb11b13b","iri":"http://imce.jpl.nasa.gov/discipline/vandv/vandv#hasIsExecutionSubRecordOfTarget","abbrevIRI":"vandv:hasIsExecutionSubRecordOfTarget"}
{"uuid":"afc7daf6-7c52-5aed-87a3-4bb82aa7152c","iri":"http://imce.jpl.nasa.gov/discipline/vandv/vandv#hasIsRecordOfTarget","abbrevIRI":"vandv:hasIsRecordOfTarget"}
{"uuid":"b46685e7-abaa-5a8e-b6b8-cf7b2a51b5de","iri":"http://purl.org/dc/elements/1.1/date","abbrevIRI":"dc:date"}
{"uuid":"b567c844-18ea-58b9-9bc1-9680ddd11dc6","iri":"http://imce.jpl.nasa.gov/discipline/vandv/vandv#hasVerifiesSource","abbrevIRI":"vandv:hasVerifiesSource"}
{"uuid":"b7574506-be4a-59c3-8ace-b51f6e13fc5d","iri":"http://imce.jpl.nasa.gov/discipline/vandv/vandv#hasSummarizesSource","abbrevIRI":"vandv:hasSummarizesSource"}
{"uuid":"b89db759-4650-5e9b-9c61-62700448cfc9","iri":"http://www.w3.org/2002/07/owl#versionInfo","abbrevIRI":"owl:versionInfo"}
{"uuid":"b8b96ce0-4684-5191-b733-650751c4c19f","iri":"http://imce.jpl.nasa.gov/discipline/vandv/vandv#hasValidatesTarget","abbrevIRI":"vandv:hasValidatesTarget"}
{"uuid":"bc123b0a-d0fa-5d1a-bcf4-50e2efb2d63c","iri":"http://imce.jpl.nasa.gov/foundation/owl2-mof2/owl2-mof2#hasBinaryDependencySource","abbrevIRI":"owl2-mof2:hasBinaryDependencySource"}
{"uuid":"d303a56a-5564-5b12-80e3-1ef29aadb34b","iri":"http://imce.jpl.nasa.gov/discipline/vandv/vandv#hasIsExecutionSubRecordOfSource","abbrevIRI":"vandv:hasIsExecutionSubRecordOfSource"}
{"uuid":"dd494f3e-c030-5620-8fe5-11f407bd2cbd","iri":"http://imce.jpl.nasa.gov/discipline/vandv/vandv#hasIsRecordOfSource","abbrevIRI":"vandv:hasIsRecordOfSource"}
{"uuid":"e569d67e-fbd6-53eb-8e0e-4a33f6f95190","iri":"http://imce.jpl.nasa.gov/discipline/vandv/vandv#hasCorroboratesSource","abbrevIRI":"vandv:hasCorroboratesSource"}
{"uuid":"e87a2d5e-cb6d-5cff-9959-a64c6135e82c","iri":"http://imce.jpl.nasa.gov/discipline/vandv/vandv#hasOccursInTarget","abbrevIRI":"vandv:hasOccursInTarget"}
{"uuid":"e910bd41-f349-5814-a224-9f494d6c0696","iri":"http://imce.jpl.nasa.gov/discipline/vandv/vandv#hasGroupsSource","abbrevIRI":"vandv:hasGroupsSource"}
{"uuid":"eaffeac1-8c26-5773-a130-9d6ed5cd4ee8","iri":"http://imce.jpl.nasa.gov/discipline/vandv/vandv#hasContainsTarget","abbrevIRI":"vandv:hasContainsTarget"}
{"uuid":"f5c5cc72-3d44-5ca8-a49f-be136b554df4","iri":"http://imce.jpl.nasa.gov/discipline/vandv/vandv#hasValidatesSource","abbrevIRI":"vandv:hasValidatesSource"}
{"uuid":"f7c6adee-3ef6-5288-b10f-6cf097979c33","iri":"http://imce.jpl.nasa.gov/discipline/vandv/vandv#hasReviewsSource","abbrevIRI":"vandv:hasReviewsSource"}
