{"uuid":"003b3055-73db-5699-a071-a2332b7ea904","tboxUUID":"b3887bf0-6402-521b-89b5-353a38e8ddda","name":"Reception.Destroy"}
{"uuid":"01f30d71-51d1-562b-b5c1-d9d13fb0da1a","tboxUUID":"b3887bf0-6402-521b-89b5-353a38e8ddda","name":"Signal.Specification"}
{"uuid":"028dfe23-dd95-5da4-a7d7-3efcc15bb90b","tboxUUID":"b3887bf0-6402-521b-89b5-353a38e8ddda","name":"InformationItem.Realization"}
{"uuid":"039e2d32-db6e-5de8-a7ce-bda40e7d364c","tboxUUID":"b3887bf0-6402-521b-89b5-353a38e8ddda","name":"ProtocolStateMachine.Utility"}
{"uuid":"092bfdf3-36a9-5c41-9164-1315b6258741","tboxUUID":"b3887bf0-6402-521b-89b5-353a38e8ddda","name":"Activity.Utility"}
{"uuid":"0bdae6cc-1c27-5fcc-94c0-12c25dc6963f","tboxUUID":"b3887bf0-6402-521b-89b5-353a38e8ddda","name":"Package.ModelLibrary"}
{"uuid":"0d97b639-897c-592d-bc19-a6742825f67a","tboxUUID":"b3887bf0-6402-521b-89b5-353a38e8ddda","name":"DataType.Specification"}
{"uuid":"0fbbe631-0edd-5e08-acc1-c59c01cf6291","tboxUUID":"b3887bf0-6402-521b-89b5-353a38e8ddda","name":"Activity.Metaclass"}
{"uuid":"119874de-4203-559a-a618-d0975dfdca76","tboxUUID":"b3887bf0-6402-521b-89b5-353a38e8ddda","name":"StateMachine.ImplementationClass"}
{"uuid":"1702e112-c370-53bb-8e93-217c815f5490","tboxUUID":"b3887bf0-6402-521b-89b5-353a38e8ddda","name":"Realization.Derive"}
{"uuid":"173b6880-0d3c-5c06-9022-a2d133f90c27","tboxUUID":"b3887bf0-6402-521b-89b5-353a38e8ddda","name":"Class.Metaclass"}
{"uuid":"17f65415-5a00-5f87-8521-b2b9284ebe34","tboxUUID":"b3887bf0-6402-521b-89b5-353a38e8ddda","name":"Interaction.Realization"}
{"uuid":"196940be-6511-54b8-a37a-7e1bdeabef11","tboxUUID":"b3887bf0-6402-521b-89b5-353a38e8ddda","name":"Component.Entity"}
{"uuid":"19cfa845-4229-5aee-b506-7fb6c0b7f14e","tboxUUID":"b3887bf0-6402-521b-89b5-353a38e8ddda","name":"OpaqueBehavior.Realization"}
{"uuid":"1aedac36-da23-53bb-8552-32e3ff0f8197","tboxUUID":"b3887bf0-6402-521b-89b5-353a38e8ddda","name":"FunctionBehavior.Focus"}
{"uuid":"1b7016be-58eb-57cc-aa24-506aba561151","tboxUUID":"b3887bf0-6402-521b-89b5-353a38e8ddda","name":"Component.Utility"}
{"uuid":"1b82c41d-78ab-5daf-86c7-e5650ff5cc11","tboxUUID":"b3887bf0-6402-521b-89b5-353a38e8ddda","name":"FunctionBehavior.ImplementationClass"}
{"uuid":"1c03964a-4a33-5e9e-9a09-8692f566fcca","tboxUUID":"b3887bf0-6402-521b-89b5-353a38e8ddda","name":"Component.Implement"}
{"uuid":"1c086bd8-b07a-55be-b927-353a2a8fb8d7","tboxUUID":"b3887bf0-6402-521b-89b5-353a38e8ddda","name":"Artifact.File.Document"}
{"uuid":"1c5902ae-67ce-51a3-90e6-726274c61668","tboxUUID":"b3887bf0-6402-521b-89b5-353a38e8ddda","name":"Device.Type"}
{"uuid":"1d99cc0b-4a88-5506-ba53-31d03dc0531a","tboxUUID":"b3887bf0-6402-521b-89b5-353a38e8ddda","name":"AssociationClass.Focus"}
{"uuid":"1e9798e4-78dc-527b-8a72-d4cdbd5694c0","tboxUUID":"b3887bf0-6402-521b-89b5-353a38e8ddda","name":"StateMachine.Realization"}
{"uuid":"1ffabf1f-0146-5df8-9488-673a47cc161e","tboxUUID":"b3887bf0-6402-521b-89b5-353a38e8ddda","name":"Abstraction.Refine"}
{"uuid":"212d7a03-7304-574d-8285-62a53ab54160","tboxUUID":"b3887bf0-6402-521b-89b5-353a38e8ddda","name":"Component.Process"}
{"uuid":"2298a2b5-2cc5-5522-b941-7734d3f22bfd","tboxUUID":"b3887bf0-6402-521b-89b5-353a38e8ddda","name":"ExecutionEnvironment.ImplementationClass"}
{"uuid":"259ed102-9e42-5144-adda-2e3a2c191219","tboxUUID":"b3887bf0-6402-521b-89b5-353a38e8ddda","name":"Artifact.File.Source"}
{"uuid":"269e7532-ca49-5de4-a8c5-73b933c99c55","tboxUUID":"b3887bf0-6402-521b-89b5-353a38e8ddda","name":"Interface.Realization"}
{"uuid":"2766f559-eed2-5478-be28-a04ebbe09cb1","tboxUUID":"b3887bf0-6402-521b-89b5-353a38e8ddda","name":"Association.Specification"}
{"uuid":"27fb153c-ff89-5d13-9ee8-de878e3af6ef","tboxUUID":"b3887bf0-6402-521b-89b5-353a38e8ddda","name":"OpaqueBehavior.Type"}
{"uuid":"29342a10-a65e-5a4b-bf0d-7857e382c711","tboxUUID":"b3887bf0-6402-521b-89b5-353a38e8ddda","name":"Class.Realization"}
{"uuid":"30795072-1ce1-5aef-bebf-ec674382490f","tboxUUID":"b3887bf0-6402-521b-89b5-353a38e8ddda","name":"Component.Realization"}
{"uuid":"317ab9a9-4124-5e6b-850d-3788ad5889ce","tboxUUID":"b3887bf0-6402-521b-89b5-353a38e8ddda","name":"Collaboration.Realization"}
{"uuid":"31d4401d-309f-5679-b7de-ad0bc7f97980","tboxUUID":"b3887bf0-6402-521b-89b5-353a38e8ddda","name":"Activity.Focus"}
{"uuid":"3549a55c-e243-585f-94ad-34939e57292a","tboxUUID":"b3887bf0-6402-521b-89b5-353a38e8ddda","name":"ExecutionEnvironment.Metaclass"}
{"uuid":"354a5023-a84d-56e4-9749-9ebb1c72d70f","tboxUUID":"b3887bf0-6402-521b-89b5-353a38e8ddda","name":"DataType.Realization"}
{"uuid":"361697d7-6502-5b9f-87de-11297b3298ed","tboxUUID":"b3887bf0-6402-521b-89b5-353a38e8ddda","name":"Realization.Trace"}
{"uuid":"36e898a5-6764-50e2-85be-4b3b932413c4","tboxUUID":"b3887bf0-6402-521b-89b5-353a38e8ddda","name":"Class.Utility"}
{"uuid":"37a89b91-4bf4-5671-9cc4-3c213768c8d6","tboxUUID":"b3887bf0-6402-521b-89b5-353a38e8ddda","name":"Profile.Framework"}
{"uuid":"3a3f8eec-3aab-5097-9392-a7c1f9947fe2","tboxUUID":"b3887bf0-6402-521b-89b5-353a38e8ddda","name":"StateMachine.Specification"}
{"uuid":"3abd0617-3ecf-5d33-8205-8bfd46c6b8a5","tboxUUID":"b3887bf0-6402-521b-89b5-353a38e8ddda","name":"CommunicationPath.Realization"}
{"uuid":"3c9910bb-b6d6-5e70-a6c2-da729b9f8b72","tboxUUID":"b3887bf0-6402-521b-89b5-353a38e8ddda","name":"ExecutionEnvironment.Utility"}
{"uuid":"3caa1898-a88c-5556-89df-78c94fbd606f","tboxUUID":"b3887bf0-6402-521b-89b5-353a38e8ddda","name":"Component.Subsystem"}
{"uuid":"3dff9459-b880-5cd3-8a76-92cdb15216ab","tboxUUID":"b3887bf0-6402-521b-89b5-353a38e8ddda","name":"Class.Focus"}
{"uuid":"4078401d-a3b5-594a-ac8e-c148d3c36681","tboxUUID":"b3887bf0-6402-521b-89b5-353a38e8ddda","name":"Manifestation.Refine"}
{"uuid":"41249b02-8503-5972-b6f2-d83bae061981","tboxUUID":"b3887bf0-6402-521b-89b5-353a38e8ddda","name":"UseCase.Realization"}
{"uuid":"41530130-f56d-5fd6-8553-32eb542f6d2c","tboxUUID":"b3887bf0-6402-521b-89b5-353a38e8ddda","name":"Collaboration.Specification"}
{"uuid":"43d863b8-ad94-5bb9-bdac-310a9a3e31cc","tboxUUID":"b3887bf0-6402-521b-89b5-353a38e8ddda","name":"Node.Type"}
{"uuid":"448a9654-fc96-55d3-ad82-bd31029ba8af","tboxUUID":"b3887bf0-6402-521b-89b5-353a38e8ddda","name":"Activity.Type"}
{"uuid":"44969795-d218-54fc-ad0c-11fa71dfad4e","tboxUUID":"b3887bf0-6402-521b-89b5-353a38e8ddda","name":"InformationItem.Specification"}
{"uuid":"44c51485-ae39-5f9d-9a1f-2c2291d72214","tboxUUID":"b3887bf0-6402-521b-89b5-353a38e8ddda","name":"Class.Auxiliary"}
{"uuid":"47991642-add3-55b6-b5d0-aab2e081cae4","tboxUUID":"b3887bf0-6402-521b-89b5-353a38e8ddda","name":"Artifact.File"}
{"uuid":"482cdd74-94db-55f6-aeaa-cfebac5b4f7e","tboxUUID":"b3887bf0-6402-521b-89b5-353a38e8ddda","name":"StateMachine.Focus"}
{"uuid":"4941105b-ad18-5978-b817-f273e9fa85ca","tboxUUID":"b3887bf0-6402-521b-89b5-353a38e8ddda","name":"Interaction.Specification"}
{"uuid":"49bb5649-2430-5316-a8d8-01537db6afad","tboxUUID":"b3887bf0-6402-521b-89b5-353a38e8ddda","name":"Device.Auxiliary"}
{"uuid":"4f660de9-7b2f-5966-b75b-8c30644c1b9d","tboxUUID":"b3887bf0-6402-521b-89b5-353a38e8ddda","name":"ComponentRealization.Derive"}
{"uuid":"4fab0a0b-882f-5994-9c4e-adaab51cc5e1","tboxUUID":"b3887bf0-6402-521b-89b5-353a38e8ddda","name":"InterfaceRealization.Trace"}
{"uuid":"541339c2-b8d0-586d-b5bb-2f89a8691633","tboxUUID":"b3887bf0-6402-521b-89b5-353a38e8ddda","name":"PrimitiveType.Realization"}
{"uuid":"55bc1207-d0a8-561d-a657-5c82a3031d6a","tboxUUID":"b3887bf0-6402-521b-89b5-353a38e8ddda","name":"Device.Focus"}
{"uuid":"55c81e3e-e55b-5145-80f5-039c5c383413","tboxUUID":"b3887bf0-6402-521b-89b5-353a38e8ddda","name":"OpaqueBehavior.Utility"}
{"uuid":"5750131b-95a6-58e2-9275-0d81ad0f7720","tboxUUID":"b3887bf0-6402-521b-89b5-353a38e8ddda","name":"Usage.Instantiate"}
{"uuid":"5a9fc2a7-9a71-50d6-b753-5fb292fc64ab","tboxUUID":"b3887bf0-6402-521b-89b5-353a38e8ddda","name":"FunctionBehavior.Utility"}
{"uuid":"5c02b72c-423d-5ab8-bbec-f42ee4012a76","tboxUUID":"b3887bf0-6402-521b-89b5-353a38e8ddda","name":"Abstraction.Trace"}
{"uuid":"5d241b45-95b2-5c22-a916-e51b715b79ae","tboxUUID":"b3887bf0-6402-521b-89b5-353a38e8ddda","name":"InterfaceRealization.Derive"}
{"uuid":"5d6842a6-d32e-56c3-b7ac-d9217ee25919","tboxUUID":"b3887bf0-6402-521b-89b5-353a38e8ddda","name":"Interaction.Focus"}
{"uuid":"6024e744-ec8a-5f30-ae30-b95487efdb47","tboxUUID":"b3887bf0-6402-521b-89b5-353a38e8ddda","name":"Usage.Create"}
{"uuid":"606b578a-b55d-5e24-a44d-2fad2d718f01","tboxUUID":"b3887bf0-6402-521b-89b5-353a38e8ddda","name":"Model.Framework"}
{"uuid":"6135cdfd-2347-5917-affe-21cbf37ab475","tboxUUID":"b3887bf0-6402-521b-89b5-353a38e8ddda","name":"Manifestation.Derive"}
{"uuid":"613951cb-5231-56a6-956d-15d51bb36d73","tboxUUID":"b3887bf0-6402-521b-89b5-353a38e8ddda","name":"Node.Realization"}
{"uuid":"627e6d3e-d3e5-5288-b490-98018928681e","tboxUUID":"b3887bf0-6402-521b-89b5-353a38e8ddda","name":"Substitution.Derive"}
{"uuid":"62806caf-cba6-5228-9786-8a9520feb081","tboxUUID":"b3887bf0-6402-521b-89b5-353a38e8ddda","name":"Device.Realization"}
{"uuid":"62d9376d-2959-5b89-8de9-2cbbe7772d5e","tboxUUID":"b3887bf0-6402-521b-89b5-353a38e8ddda","name":"Actor.Specification"}
{"uuid":"63a53b65-34f2-59ca-a355-3bd7db82e166","tboxUUID":"b3887bf0-6402-521b-89b5-353a38e8ddda","name":"Profile.ModelLibrary"}
{"uuid":"6483f743-989f-5db4-9dfa-669a5cf852d8","tboxUUID":"b3887bf0-6402-521b-89b5-353a38e8ddda","name":"Component.Specification"}
{"uuid":"64f503ae-28e6-5fed-a159-37a9aa52ab20","tboxUUID":"b3887bf0-6402-521b-89b5-353a38e8ddda","name":"ExecutionEnvironment.Focus"}
{"uuid":"65c1eaa2-2016-58dd-9f81-d615dcaf0c7b","tboxUUID":"b3887bf0-6402-521b-89b5-353a38e8ddda","name":"Component.Metaclass"}
{"uuid":"67dcd6f6-e19a-52e8-b2d5-11c147f18008","tboxUUID":"b3887bf0-6402-521b-89b5-353a38e8ddda","name":"Component.Type"}
{"uuid":"67f315b1-e721-56f4-9054-24484577d486","tboxUUID":"b3887bf0-6402-521b-89b5-353a38e8ddda","name":"AssociationClass.Auxiliary"}
{"uuid":"68f2e1e2-9140-50d5-a3a1-26cb38a91af7","tboxUUID":"b3887bf0-6402-521b-89b5-353a38e8ddda","name":"ProtocolStateMachine.Type"}
{"uuid":"693a05cd-86b3-56e2-92d2-49e826811bb0","tboxUUID":"b3887bf0-6402-521b-89b5-353a38e8ddda","name":"Activity.Auxiliary"}
{"uuid":"6d880423-bea5-5aaf-8ef8-2fc6c796b22e","tboxUUID":"b3887bf0-6402-521b-89b5-353a38e8ddda","name":"ExecutionEnvironment.Type"}
{"uuid":"6f22462a-7706-5511-9fba-90a6507debe6","tboxUUID":"b3887bf0-6402-521b-89b5-353a38e8ddda","name":"Model.ModelLibrary"}
{"uuid":"72b3a7db-9b94-528c-8fcd-8a9ffe5b33b4","tboxUUID":"b3887bf0-6402-521b-89b5-353a38e8ddda","name":"Activity.Realization"}
{"uuid":"742996ce-65ab-50b0-88ce-647492dc9d3f","tboxUUID":"b3887bf0-6402-521b-89b5-353a38e8ddda","name":"ProtocolStateMachine.Specification"}
{"uuid":"742c5b4f-8d40-5de3-9a81-e081d9522d66","tboxUUID":"b3887bf0-6402-521b-89b5-353a38e8ddda","name":"ComponentRealization.Trace"}
{"uuid":"755e786d-9716-598c-963a-e8e003cc99b0","tboxUUID":"b3887bf0-6402-521b-89b5-353a38e8ddda","name":"Abstraction.Derive"}
{"uuid":"78448e73-849c-5158-a274-d00354c706a9","tboxUUID":"b3887bf0-6402-521b-89b5-353a38e8ddda","name":"FunctionBehavior.Auxiliary"}
{"uuid":"78e60d0f-8005-5146-a494-08639aa3376e","tboxUUID":"b3887bf0-6402-521b-89b5-353a38e8ddda","name":"AssociationClass.Metaclass"}
{"uuid":"7a02924e-fc61-584b-b382-374f3260699c","tboxUUID":"b3887bf0-6402-521b-89b5-353a38e8ddda","name":"AssociationClass.Realization"}
{"uuid":"7a47d258-54f5-5f77-adf3-819b37a79002","tboxUUID":"b3887bf0-6402-521b-89b5-353a38e8ddda","name":"Node.Auxiliary"}
{"uuid":"7b4cab49-6b50-5600-a493-290ce069eaa2","tboxUUID":"b3887bf0-6402-521b-89b5-353a38e8ddda","name":"ProtocolStateMachine.Realization"}
{"uuid":"7bcbc1b9-fdb2-5427-a27e-1d11fa571301","tboxUUID":"b3887bf0-6402-521b-89b5-353a38e8ddda","name":"DeploymentSpecification.Specification"}
{"uuid":"7e4b9163-2713-5113-a757-bcd11b21481e","tboxUUID":"b3887bf0-6402-521b-89b5-353a38e8ddda","name":"Node.Utility"}
{"uuid":"7e5363f4-6246-54b5-9231-84ed90f9ca95","tboxUUID":"b3887bf0-6402-521b-89b5-353a38e8ddda","name":"PrimitiveType.Specification"}
{"uuid":"7f435867-9e6b-53f0-98e0-eb054b3cd228","tboxUUID":"b3887bf0-6402-521b-89b5-353a38e8ddda","name":"Operation.Create"}
{"uuid":"7fcbacab-a049-5adc-813c-908247323688","tboxUUID":"b3887bf0-6402-521b-89b5-353a38e8ddda","name":"Interface.Specification"}
{"uuid":"8657b285-ba56-527f-9b13-bfd80737f7e4","tboxUUID":"b3887bf0-6402-521b-89b5-353a38e8ddda","name":"Interaction.Auxiliary"}
{"uuid":"87d0e2b0-d307-5280-8a57-48cdf819c4bb","tboxUUID":"b3887bf0-6402-521b-89b5-353a38e8ddda","name":"AssociationClass.Type"}
{"uuid":"8cb1dc8a-c515-59d2-8934-42d998eadeba","tboxUUID":"b3887bf0-6402-521b-89b5-353a38e8ddda","name":"OpaqueBehavior.Metaclass"}
{"uuid":"8e21dc50-0dbc-5e92-8608-a43a5ebfc749","tboxUUID":"b3887bf0-6402-521b-89b5-353a38e8ddda","name":"Enumeration.Realization"}
{"uuid":"8e364932-8415-52a2-9113-6ea5841e7081","tboxUUID":"b3887bf0-6402-521b-89b5-353a38e8ddda","name":"Component.Focus"}
{"uuid":"91380272-04d0-58c6-b9d8-6bd05f899c4f","tboxUUID":"b3887bf0-6402-521b-89b5-353a38e8ddda","name":"Node.Focus"}
{"uuid":"91e5dbc7-b7b9-5dc7-9b29-217b2b88709e","tboxUUID":"b3887bf0-6402-521b-89b5-353a38e8ddda","name":"Node.Metaclass"}
{"uuid":"92418e06-65a9-572d-ace1-643d146decd3","tboxUUID":"b3887bf0-6402-521b-89b5-353a38e8ddda","name":"Activity.ImplementationClass"}
{"uuid":"92f7b646-b84d-5e4f-b549-396cb6f6ab85","tboxUUID":"b3887bf0-6402-521b-89b5-353a38e8ddda","name":"Device.Metaclass"}
{"uuid":"9488ebd4-e4e2-5d1c-b32b-498fffafc0fa","tboxUUID":"b3887bf0-6402-521b-89b5-353a38e8ddda","name":"Association.Realization"}
{"uuid":"97a0b7ca-48ad-5c3e-a15f-98bddab3a62d","tboxUUID":"b3887bf0-6402-521b-89b5-353a38e8ddda","name":"AssociationClass.ImplementationClass"}
{"uuid":"9df46c43-ac77-5669-b66b-791bd727ca36","tboxUUID":"b3887bf0-6402-521b-89b5-353a38e8ddda","name":"ProtocolStateMachine.ImplementationClass"}
{"uuid":"9ea68445-201c-5957-bd6a-9b6dcf0070d3","tboxUUID":"b3887bf0-6402-521b-89b5-353a38e8ddda","name":"Substitution.Refine"}
{"uuid":"9ef0d4e9-0013-54bf-8396-dc349371679a","tboxUUID":"b3887bf0-6402-521b-89b5-353a38e8ddda","name":"Node.Specification"}
{"uuid":"9fb8e65c-72e5-578b-bf36-6f47f1ea2452","tboxUUID":"b3887bf0-6402-521b-89b5-353a38e8ddda","name":"OpaqueBehavior.ImplementationClass"}
{"uuid":"a1b529b7-a0c2-5c7b-a7f8-37e7677b2728","tboxUUID":"b3887bf0-6402-521b-89b5-353a38e8ddda","name":"ExecutionEnvironment.Realization"}
{"uuid":"a1cbaf48-2582-5fb0-a729-d98b2119179e","tboxUUID":"b3887bf0-6402-521b-89b5-353a38e8ddda","name":"Substitution.Trace"}
{"uuid":"a2c66ac1-2244-5e50-a639-b6f925066c3d","tboxUUID":"b3887bf0-6402-521b-89b5-353a38e8ddda","name":"FunctionBehavior.Metaclass"}
{"uuid":"a3c3d1a4-edfe-5c1a-a36c-6e2f830fdfd7","tboxUUID":"b3887bf0-6402-521b-89b5-353a38e8ddda","name":"Interaction.Type"}
{"uuid":"a89661e2-5f49-5af6-bb5a-7812880a2f8e","tboxUUID":"b3887bf0-6402-521b-89b5-353a38e8ddda","name":"StateMachine.Type"}
{"uuid":"ab84d68e-ebf6-503a-89f1-15273f148854","tboxUUID":"b3887bf0-6402-521b-89b5-353a38e8ddda","name":"Node.ImplementationClass"}
{"uuid":"abaa5949-d916-50f0-898e-2409c3e30e41","tboxUUID":"b3887bf0-6402-521b-89b5-353a38e8ddda","name":"Usage.Send"}
{"uuid":"ad926027-e7a7-5c40-9346-9829d66b0f9d","tboxUUID":"b3887bf0-6402-521b-89b5-353a38e8ddda","name":"Signal.Realization"}
{"uuid":"af5bb1ca-37d1-568b-81d3-2c4fc5a97a6a","tboxUUID":"b3887bf0-6402-521b-89b5-353a38e8ddda","name":"Device.Utility"}
{"uuid":"afcf7c43-0d0e-5dc8-a1fa-327580527914","tboxUUID":"b3887bf0-6402-521b-89b5-353a38e8ddda","name":"Interaction.Utility"}
{"uuid":"b1a7146a-e9a3-5998-9196-35ef216b28a6","tboxUUID":"b3887bf0-6402-521b-89b5-353a38e8ddda","name":"Artifact.File.Script"}
{"uuid":"b3321ade-2bd7-5a05-9d4d-16a39a1bf3b5","tboxUUID":"b3887bf0-6402-521b-89b5-353a38e8ddda","name":"ComponentRealization.Refine"}
{"uuid":"b537d50c-14f7-5b82-8e13-0aac6cf82c6d","tboxUUID":"b3887bf0-6402-521b-89b5-353a38e8ddda","name":"StateMachine.Utility"}
{"uuid":"b54a5b5e-8cef-58b9-884b-9083623e1019","tboxUUID":"b3887bf0-6402-521b-89b5-353a38e8ddda","name":"Realization.Refine"}
{"uuid":"b639545b-7219-5e24-9606-67f22c974332","tboxUUID":"b3887bf0-6402-521b-89b5-353a38e8ddda","name":"FunctionBehavior.Specification"}
{"uuid":"b9d46fd6-7207-556d-8aad-f49e1a9c9867","tboxUUID":"b3887bf0-6402-521b-89b5-353a38e8ddda","name":"Artifact.File.Executable"}
{"uuid":"babf6ae4-0549-5d7f-93e0-93aa809fed23","tboxUUID":"b3887bf0-6402-521b-89b5-353a38e8ddda","name":"StateMachine.Auxiliary"}
{"uuid":"baf7bfd5-5a40-5a01-8e5e-172413d07a86","tboxUUID":"b3887bf0-6402-521b-89b5-353a38e8ddda","name":"Actor.Realization"}
{"uuid":"bcc5b808-536d-548b-a4ad-d355306946e7","tboxUUID":"b3887bf0-6402-521b-89b5-353a38e8ddda","name":"Class.Type"}
{"uuid":"bfb0eace-b9e0-5754-9e7d-32ae93eb8391","tboxUUID":"b3887bf0-6402-521b-89b5-353a38e8ddda","name":"AssociationClass.Utility"}
{"uuid":"c48ad780-0b24-5a5c-a023-20162ab7ce70","tboxUUID":"b3887bf0-6402-521b-89b5-353a38e8ddda","name":"Device.ImplementationClass"}
{"uuid":"c65f3484-719a-5aad-98b4-9142385e3874","tboxUUID":"b3887bf0-6402-521b-89b5-353a38e8ddda","name":"CommunicationPath.Specification"}
{"uuid":"c8bd4fee-433b-5aa5-8a06-d703daf43e55","tboxUUID":"b3887bf0-6402-521b-89b5-353a38e8ddda","name":"Reception.Create"}
{"uuid":"c965bc48-0e5a-506d-afc4-844737005807","tboxUUID":"b3887bf0-6402-521b-89b5-353a38e8ddda","name":"OpaqueBehavior.Auxiliary"}
{"uuid":"ca805622-b3a9-5762-bcc2-fc23e44616ab","tboxUUID":"b3887bf0-6402-521b-89b5-353a38e8ddda","name":"DeploymentSpecification.Realization"}
{"uuid":"cc2dea62-1197-501e-9be8-a41273f90bdd","tboxUUID":"b3887bf0-6402-521b-89b5-353a38e8ddda","name":"Operation.Destroy"}
{"uuid":"cf5adc12-e2c5-538f-bd04-31b6a2d1d008","tboxUUID":"b3887bf0-6402-521b-89b5-353a38e8ddda","name":"ExecutionEnvironment.Auxiliary"}
{"uuid":"d0664dfb-71d0-5de9-b6dc-77d8e81387b2","tboxUUID":"b3887bf0-6402-521b-89b5-353a38e8ddda","name":"InterfaceRealization.Refine"}
{"uuid":"d28a3dca-b5bd-5089-a15b-f7f03a5a93aa","tboxUUID":"b3887bf0-6402-521b-89b5-353a38e8ddda","name":"ExecutionEnvironment.Specification"}
{"uuid":"d37abf5c-4c35-546c-952c-25e13f3f8931","tboxUUID":"b3887bf0-6402-521b-89b5-353a38e8ddda","name":"Class.Specification"}
{"uuid":"d517bce5-dd5b-5a51-807c-af8dea76e4b6","tboxUUID":"b3887bf0-6402-521b-89b5-353a38e8ddda","name":"Component.Service"}
{"uuid":"d699988f-7841-5fe9-b4e7-3d6902687a68","tboxUUID":"b3887bf0-6402-521b-89b5-353a38e8ddda","name":"Interaction.ImplementationClass"}
{"uuid":"d8a23471-6461-544e-b303-828b45c82518","tboxUUID":"b3887bf0-6402-521b-89b5-353a38e8ddda","name":"Usage.Call"}
{"uuid":"da9f7ef6-dd4e-56cc-a7a5-915b57024757","tboxUUID":"b3887bf0-6402-521b-89b5-353a38e8ddda","name":"AssociationClass.Specification"}
{"uuid":"db083548-f702-5ba2-9024-67b62877d4d2","tboxUUID":"b3887bf0-6402-521b-89b5-353a38e8ddda","name":"StateMachine.Metaclass"}
{"uuid":"dda1d8b5-7418-5b13-942e-138326806c91","tboxUUID":"b3887bf0-6402-521b-89b5-353a38e8ddda","name":"Enumeration.Specification"}
{"uuid":"df2b462c-263b-5d04-8cca-7ae12b5d40ba","tboxUUID":"b3887bf0-6402-521b-89b5-353a38e8ddda","name":"Component.Auxiliary"}
{"uuid":"e0d26453-f60d-54da-90a9-34841110a4a3","tboxUUID":"b3887bf0-6402-521b-89b5-353a38e8ddda","name":"Interaction.Metaclass"}
{"uuid":"e5a4e753-bf2a-528c-aa9c-7a4873d57d0d","tboxUUID":"b3887bf0-6402-521b-89b5-353a38e8ddda","name":"Component.ImplementationClass"}
{"uuid":"e799699d-6c3f-52ff-a33c-6351075a4b90","tboxUUID":"b3887bf0-6402-521b-89b5-353a38e8ddda","name":"Device.Specification"}
{"uuid":"e8233912-6fd9-5104-872f-3d34b41d0ad5","tboxUUID":"b3887bf0-6402-521b-89b5-353a38e8ddda","name":"Artifact.Specification"}
{"uuid":"e9b37a2e-1d11-5196-aacc-56e1c167ae50","tboxUUID":"b3887bf0-6402-521b-89b5-353a38e8ddda","name":"Package.Framework"}
{"uuid":"eb254054-390f-5daa-a1f7-68003447174e","tboxUUID":"b3887bf0-6402-521b-89b5-353a38e8ddda","name":"ProtocolStateMachine.Metaclass"}
{"uuid":"eb9272a9-9345-5f1e-9fbb-c8c60d4a9264","tboxUUID":"b3887bf0-6402-521b-89b5-353a38e8ddda","name":"ProtocolStateMachine.Focus"}
{"uuid":"eb9dbaf4-0fcc-527c-b365-5db61bee1c44","tboxUUID":"b3887bf0-6402-521b-89b5-353a38e8ddda","name":"Artifact.File.Library"}
{"uuid":"ebab511e-0b4a-5208-a0d4-212ad8ef0483","tboxUUID":"b3887bf0-6402-521b-89b5-353a38e8ddda","name":"ProtocolStateMachine.Auxiliary"}
{"uuid":"ebb8b337-b100-5f75-aed2-cc3fe64cfe1a","tboxUUID":"b3887bf0-6402-521b-89b5-353a38e8ddda","name":"Usage.Responsibility"}
{"uuid":"ec9c7a64-8284-56aa-b0b1-685828d49b98","tboxUUID":"b3887bf0-6402-521b-89b5-353a38e8ddda","name":"UseCase.Specification"}
{"uuid":"ecdf9171-acda-59fe-8851-8db5b36974e1","tboxUUID":"b3887bf0-6402-521b-89b5-353a38e8ddda","name":"FunctionBehavior.Type"}
{"uuid":"ee3f58f2-db38-5cd6-8c84-fa79a8a92f64","tboxUUID":"b3887bf0-6402-521b-89b5-353a38e8ddda","name":"Class.ImplementationClass"}
{"uuid":"ee9e39cd-3be9-532e-bd5d-a4d6770cf3d3","tboxUUID":"b3887bf0-6402-521b-89b5-353a38e8ddda","name":"Manifestation.Trace"}
{"uuid":"eed4e86e-6777-5e9d-89eb-f2bc779c98c2","tboxUUID":"b3887bf0-6402-521b-89b5-353a38e8ddda","name":"OpaqueBehavior.Focus"}
{"uuid":"f738ee8d-b75c-55d1-b32b-5cd06dbccf53","tboxUUID":"b3887bf0-6402-521b-89b5-353a38e8ddda","name":"Artifact.Realization"}
{"uuid":"f75ed73d-b69c-5003-856e-2cd0db25c7ff","tboxUUID":"b3887bf0-6402-521b-89b5-353a38e8ddda","name":"OpaqueBehavior.Specification"}
{"uuid":"f9994fbe-fd65-5b82-b2a9-1faa648717e2","tboxUUID":"b3887bf0-6402-521b-89b5-353a38e8ddda","name":"FunctionBehavior.Realization"}
{"uuid":"fbb013df-361c-53c0-800d-bc09b1e790dc","tboxUUID":"b3887bf0-6402-521b-89b5-353a38e8ddda","name":"Activity.Specification"}
