{"uuid":"17075449-b1e8-5b7d-b540-ea2b6b992abb","tboxUUID":"0d6f4baf-fae9-56f6-abcd-83c5a7396aad","name":"StructuralFlowPropertyType"}
{"uuid":"1ccfc221-5bbb-55dd-9f0c-c3a734457db5","tboxUUID":"0d6f4baf-fae9-56f6-abcd-83c5a7396aad","name":"StructuralFullPortType"}
{"uuid":"21df9b39-f7e5-5856-918a-56b95fef7f00","tboxUUID":"0d6f4baf-fae9-56f6-abcd-83c5a7396aad","name":"BinaryAssociationBlock"}
{"uuid":"2469dfc7-a5cc-52f0-9d37-59e41bfa1e20","tboxUUID":"0d6f4baf-fae9-56f6-abcd-83c5a7396aad","name":"ClosedWorldMetaClass"}
{"uuid":"333cc6c6-1420-5c1f-95c5-499d2f447306","tboxUUID":"0d6f4baf-fae9-56f6-abcd-83c5a7396aad","name":"StructuralConnectionType"}
{"uuid":"35341b0b-0344-5deb-a331-49ed69f593b6","tboxUUID":"0d6f4baf-fae9-56f6-abcd-83c5a7396aad","name":"StructuralParameterBehaviorType"}
{"uuid":"3bfc7e8a-624d-56af-8d10-de4f8276e197","tboxUUID":"0d6f4baf-fae9-56f6-abcd-83c5a7396aad","name":"OpenWorldMetaClass"}
{"uuid":"3d8b672f-bf7b-50ca-bac6-01764257aa2d","tboxUUID":"0d6f4baf-fae9-56f6-abcd-83c5a7396aad","name":"BinaryAssociationEndType"}
{"uuid":"49eed8e0-eb2b-5155-b743-99fea05f3f54","tboxUUID":"0d6f4baf-fae9-56f6-abcd-83c5a7396aad","name":"NAryRelationship"}
{"uuid":"4eb32ddd-2f82-5f03-8d85-3bd258919dad","tboxUUID":"0d6f4baf-fae9-56f6-abcd-83c5a7396aad","name":"ComponentConstraintBlock"}
{"uuid":"61448bf6-f1d3-5a2e-b08b-f6a2f940ea8d","tboxUUID":"0d6f4baf-fae9-56f6-abcd-83c5a7396aad","name":"ObjectPropertyDependentRangeType"}
{"uuid":"6342d1db-62f5-5599-8942-d5edec58e4f1","tboxUUID":"0d6f4baf-fae9-56f6-abcd-83c5a7396aad","name":"NAryRole"}
{"uuid":"65116e94-e2d9-5958-8fb4-65f4448b34ab","tboxUUID":"0d6f4baf-fae9-56f6-abcd-83c5a7396aad","name":"Transition"}
{"uuid":"8701b5e3-fd07-515a-88bf-a85c58d51b80","tboxUUID":"0d6f4baf-fae9-56f6-abcd-83c5a7396aad","name":"State"}
{"uuid":"8baec036-f210-51f8-915e-9c665bfd859e","tboxUUID":"0d6f4baf-fae9-56f6-abcd-83c5a7396aad","name":"StructuralFullPortEncapsulatedClassifierType"}
{"uuid":"8f0eacb0-b9db-5268-a006-2967534cf6d1","tboxUUID":"0d6f4baf-fae9-56f6-abcd-83c5a7396aad","name":"BinaryDependencyEndType"}
{"uuid":"9b1b63e7-9c99-5c1c-ac78-05187cdcd8d6","tboxUUID":"0d6f4baf-fae9-56f6-abcd-83c5a7396aad","name":"OpenWorldKind"}
{"uuid":"a0df8365-9fee-5e45-ac3f-a1c7e0a1aed6","tboxUUID":"0d6f4baf-fae9-56f6-abcd-83c5a7396aad","name":"ClosedWorldKind"}
{"uuid":"bd16d61c-2621-5224-ba58-80ac0639fc6d","tboxUUID":"0d6f4baf-fae9-56f6-abcd-83c5a7396aad","name":"StructuralFlowPropertyContainerType"}
{"uuid":"d7e9d82a-e473-530f-8938-a85682428aad","tboxUUID":"0d6f4baf-fae9-56f6-abcd-83c5a7396aad","name":"Region"}
{"uuid":"d987b027-3f13-583d-aa53-13d6cfe43647","tboxUUID":"0d6f4baf-fae9-56f6-abcd-83c5a7396aad","name":"StructuralConnectionEndType"}
{"uuid":"de273372-a260-54ff-a4c3-30007488efc1","tboxUUID":"0d6f4baf-fae9-56f6-abcd-83c5a7396aad","name":"GroupViewDiagram"}
{"uuid":"e0da946a-0625-5a61-b7ce-4bca2656efbe","tboxUUID":"0d6f4baf-fae9-56f6-abcd-83c5a7396aad","name":"StructuralBindingEndType"}
{"uuid":"e897733b-0d3c-583f-8531-ecc9ab1c8a5f","tboxUUID":"0d6f4baf-fae9-56f6-abcd-83c5a7396aad","name":"StructuralParameterType"}
{"uuid":"e98c2a75-b681-533d-91ad-033fc9e454a3","tboxUUID":"0d6f4baf-fae9-56f6-abcd-83c5a7396aad","name":"StateMachine"}
