{"uuid":"01c0241b-2fa3-5843-ace4-9936a60a8a18","tboxUUID":"0d6f4baf-fae9-56f6-abcd-83c5a7396aad","superConceptUUID":"61448bf6-f1d3-5a2e-b08b-f6a2f940ea8d","subConceptUUID":"e98c2a75-b681-533d-91ad-033fc9e454a3"}
{"uuid":"0ab5095a-a7e6-510e-92ea-29db2af397f9","tboxUUID":"0d6f4baf-fae9-56f6-abcd-83c5a7396aad","superConceptUUID":"61448bf6-f1d3-5a2e-b08b-f6a2f940ea8d","subConceptUUID":"8baec036-f210-51f8-915e-9c665bfd859e"}
{"uuid":"1543622b-27b7-581a-8e4d-cb6855c0f879","tboxUUID":"0d6f4baf-fae9-56f6-abcd-83c5a7396aad","superConceptUUID":"61448bf6-f1d3-5a2e-b08b-f6a2f940ea8d","subConceptUUID":"e0da946a-0625-5a61-b7ce-4bca2656efbe"}
{"uuid":"1c040c08-cb1c-5521-9411-8872203a601c","tboxUUID":"0d6f4baf-fae9-56f6-abcd-83c5a7396aad","superConceptUUID":"3d8b672f-bf7b-50ca-bac6-01764257aa2d","subConceptUUID":"4eb32ddd-2f82-5f03-8d85-3bd258919dad"}
{"uuid":"207a8f3a-8f46-5e4d-ba4b-9b9bbf0555cb","tboxUUID":"0d6f4baf-fae9-56f6-abcd-83c5a7396aad","superConceptUUID":"61448bf6-f1d3-5a2e-b08b-f6a2f940ea8d","subConceptUUID":"333cc6c6-1420-5c1f-95c5-499d2f447306"}
{"uuid":"20efee17-0e7e-50c4-847f-31a05996e853","tboxUUID":"0d6f4baf-fae9-56f6-abcd-83c5a7396aad","superConceptUUID":"61448bf6-f1d3-5a2e-b08b-f6a2f940ea8d","subConceptUUID":"8f0eacb0-b9db-5268-a006-2967534cf6d1"}
{"uuid":"3c6d708b-cb1f-5b1a-a639-2d9542317f4c","tboxUUID":"0d6f4baf-fae9-56f6-abcd-83c5a7396aad","superConceptUUID":"3bfc7e8a-624d-56af-8d10-de4f8276e197","subConceptUUID":"2469dfc7-a5cc-52f0-9d37-59e41bfa1e20"}
{"uuid":"46c8be69-f814-54d9-831f-5defff333a74","tboxUUID":"0d6f4baf-fae9-56f6-abcd-83c5a7396aad","superConceptUUID":"61448bf6-f1d3-5a2e-b08b-f6a2f940ea8d","subConceptUUID":"8701b5e3-fd07-515a-88bf-a85c58d51b80"}
{"uuid":"51607705-067e-5218-bd78-d2cffe56750e","tboxUUID":"0d6f4baf-fae9-56f6-abcd-83c5a7396aad","superConceptUUID":"61448bf6-f1d3-5a2e-b08b-f6a2f940ea8d","subConceptUUID":"21df9b39-f7e5-5856-918a-56b95fef7f00"}
{"uuid":"54a3e0e2-efba-5db5-a550-0ee71d2d1a8a","tboxUUID":"0d6f4baf-fae9-56f6-abcd-83c5a7396aad","superConceptUUID":"9b1b63e7-9c99-5c1c-ac78-05187cdcd8d6","subConceptUUID":"a0df8365-9fee-5e45-ac3f-a1c7e0a1aed6"}
{"uuid":"56317989-c6c7-5da8-ba21-e4c0c690bc48","tboxUUID":"0d6f4baf-fae9-56f6-abcd-83c5a7396aad","superConceptUUID":"8f0eacb0-b9db-5268-a006-2967534cf6d1","subConceptUUID":"de273372-a260-54ff-a4c3-30007488efc1"}
{"uuid":"57d4eb68-1d9a-5086-b7fa-4e338961a810","tboxUUID":"0d6f4baf-fae9-56f6-abcd-83c5a7396aad","superConceptUUID":"61448bf6-f1d3-5a2e-b08b-f6a2f940ea8d","subConceptUUID":"65116e94-e2d9-5958-8fb4-65f4448b34ab"}
{"uuid":"65822ce5-ff97-5967-b44a-1188c6d120f8","tboxUUID":"0d6f4baf-fae9-56f6-abcd-83c5a7396aad","superConceptUUID":"61448bf6-f1d3-5a2e-b08b-f6a2f940ea8d","subConceptUUID":"bd16d61c-2621-5224-ba58-80ac0639fc6d"}
{"uuid":"6c91373e-ba97-5c17-bbcb-61b72d4fbee7","tboxUUID":"0d6f4baf-fae9-56f6-abcd-83c5a7396aad","superConceptUUID":"61448bf6-f1d3-5a2e-b08b-f6a2f940ea8d","subConceptUUID":"6342d1db-62f5-5599-8942-d5edec58e4f1"}
{"uuid":"6cd897e7-1a56-595f-82e8-a17d0b3755dd","tboxUUID":"0d6f4baf-fae9-56f6-abcd-83c5a7396aad","superConceptUUID":"61448bf6-f1d3-5a2e-b08b-f6a2f940ea8d","subConceptUUID":"3d8b672f-bf7b-50ca-bac6-01764257aa2d"}
{"uuid":"6e9b02c5-ba69-5181-981a-91a749ef69d0","tboxUUID":"0d6f4baf-fae9-56f6-abcd-83c5a7396aad","superConceptUUID":"61448bf6-f1d3-5a2e-b08b-f6a2f940ea8d","subConceptUUID":"d7e9d82a-e473-530f-8938-a85682428aad"}
{"uuid":"703d80a2-70db-5bbf-b6f2-f8e37cdfabd4","tboxUUID":"0d6f4baf-fae9-56f6-abcd-83c5a7396aad","superConceptUUID":"2469dfc7-a5cc-52f0-9d37-59e41bfa1e20","subConceptUUID":"a0df8365-9fee-5e45-ac3f-a1c7e0a1aed6"}
{"uuid":"ad5a2d55-a9cd-5ed7-8030-3860582bb1b2","tboxUUID":"0d6f4baf-fae9-56f6-abcd-83c5a7396aad","superConceptUUID":"61448bf6-f1d3-5a2e-b08b-f6a2f940ea8d","subConceptUUID":"d987b027-3f13-583d-aa53-13d6cfe43647"}
{"uuid":"bae2a6c8-9202-5e99-9f9b-3446f241cc4b","tboxUUID":"0d6f4baf-fae9-56f6-abcd-83c5a7396aad","superConceptUUID":"61448bf6-f1d3-5a2e-b08b-f6a2f940ea8d","subConceptUUID":"e897733b-0d3c-583f-8531-ecc9ab1c8a5f"}
{"uuid":"c4139cf8-dccd-5c16-8dc0-ddea9cf9802c","tboxUUID":"0d6f4baf-fae9-56f6-abcd-83c5a7396aad","superConceptUUID":"61448bf6-f1d3-5a2e-b08b-f6a2f940ea8d","subConceptUUID":"35341b0b-0344-5deb-a331-49ed69f593b6"}
{"uuid":"c43559d4-b30d-5984-993b-f3c00d468774","tboxUUID":"0d6f4baf-fae9-56f6-abcd-83c5a7396aad","superConceptUUID":"61448bf6-f1d3-5a2e-b08b-f6a2f940ea8d","subConceptUUID":"49eed8e0-eb2b-5155-b743-99fea05f3f54"}
{"uuid":"db8c347f-0641-5536-96ed-184de2279027","tboxUUID":"0d6f4baf-fae9-56f6-abcd-83c5a7396aad","superConceptUUID":"61448bf6-f1d3-5a2e-b08b-f6a2f940ea8d","subConceptUUID":"17075449-b1e8-5b7d-b540-ea2b6b992abb"}
{"uuid":"f9f1aa62-9731-5514-9469-53325052e817","tboxUUID":"0d6f4baf-fae9-56f6-abcd-83c5a7396aad","superConceptUUID":"3bfc7e8a-624d-56af-8d10-de4f8276e197","subConceptUUID":"9b1b63e7-9c99-5c1c-ac78-05187cdcd8d6"}
{"uuid":"ff05b9dd-5355-5a4f-ae30-141cf6704d6e","tboxUUID":"0d6f4baf-fae9-56f6-abcd-83c5a7396aad","superConceptUUID":"61448bf6-f1d3-5a2e-b08b-f6a2f940ea8d","subConceptUUID":"1ccfc221-5bbb-55dd-9f0c-c3a734457db5"}
