{"uuid":"01803011-4262-57fe-8dfc-fd90786fa9e2","tboxUUID":"0d6f4baf-fae9-56f6-abcd-83c5a7396aad","sourceUUID":"21df9b39-f7e5-5856-918a-56b95fef7f00","targetUUID":"3d8b672f-bf7b-50ca-bac6-01764257aa2d","isAsymmetric":false,"isEssential":false,"isFunctional":true,"isInverseEssential":false,"isInverseFunctional":true,"isIrreflexive":false,"isReflexive":false,"isSymmetric":false,"isTransitive":false,"name":"BinaryAssociationBlockEnd1","unreifiedPropertyName":"binaryAssociationBlockEnd1","unreifiedInversePropertyName":[]}
{"uuid":"09ac33d1-5ab8-54ba-ba0f-2dfa3ddc3850","tboxUUID":"0d6f4baf-fae9-56f6-abcd-83c5a7396aad","sourceUUID":"21df9b39-f7e5-5856-918a-56b95fef7f00","targetUUID":"3d8b672f-bf7b-50ca-bac6-01764257aa2d","isAsymmetric":false,"isEssential":false,"isFunctional":true,"isInverseEssential":false,"isInverseFunctional":true,"isIrreflexive":false,"isReflexive":false,"isSymmetric":false,"isTransitive":false,"name":"BinaryAssociationBlockEnd","unreifiedPropertyName":"binaryAssociationBlockEnd","unreifiedInversePropertyName":[]}
{"uuid":"0d9e01ad-c5b3-5d35-aea5-1d81ce763f3f","tboxUUID":"0d6f4baf-fae9-56f6-abcd-83c5a7396aad","sourceUUID":"3d8b672f-bf7b-50ca-bac6-01764257aa2d","targetUUID":"c2b0b566-be61-5969-9d55-ff724479ac6b","isAsymmetric":false,"isEssential":false,"isFunctional":true,"isInverseEssential":false,"isInverseFunctional":true,"isIrreflexive":false,"isReflexive":false,"isSymmetric":false,"isTransitive":false,"name":"StructuredClassifierOwnsAttribute","unreifiedPropertyName":"structuredClassifierOwnsAttribute","unreifiedInversePropertyName":[]}
{"uuid":"15a649a7-eef2-5822-b4ee-0deb6cc03888","tboxUUID":"0d6f4baf-fae9-56f6-abcd-83c5a7396aad","sourceUUID":"3d8b672f-bf7b-50ca-bac6-01764257aa2d","targetUUID":"3d8b672f-bf7b-50ca-bac6-01764257aa2d","isAsymmetric":false,"isEssential":false,"isFunctional":true,"isInverseEssential":false,"isInverseFunctional":true,"isIrreflexive":false,"isReflexive":false,"isSymmetric":false,"isTransitive":false,"name":"BinaryAssociation","unreifiedPropertyName":"binaryAssociation","unreifiedInversePropertyName":[]}
{"uuid":"1839273b-1a2c-5252-9faf-2b44e5e43e6d","tboxUUID":"0d6f4baf-fae9-56f6-abcd-83c5a7396aad","sourceUUID":"bd16d61c-2621-5224-ba58-80ac0639fc6d","targetUUID":"17075449-b1e8-5b7d-b540-ea2b6b992abb","isAsymmetric":false,"isEssential":false,"isFunctional":true,"isInverseEssential":false,"isInverseFunctional":true,"isIrreflexive":false,"isReflexive":false,"isSymmetric":false,"isTransitive":false,"name":"StructuralFlowPropertyRelationship","unreifiedPropertyName":"structuralFlowPropertyRelationship","unreifiedInversePropertyName":[]}
{"uuid":"2450cb15-8b7f-542d-9311-2ff5e5156760","tboxUUID":"0d6f4baf-fae9-56f6-abcd-83c5a7396aad","sourceUUID":"e98c2a75-b681-533d-91ad-033fc9e454a3","targetUUID":"d7e9d82a-e473-530f-8938-a85682428aad","isAsymmetric":false,"isEssential":false,"isFunctional":true,"isInverseEssential":false,"isInverseFunctional":true,"isIrreflexive":false,"isReflexive":false,"isSymmetric":false,"isTransitive":false,"name":"StateMachineOwnsRegion","unreifiedPropertyName":"stateMachineOwnsRegion","unreifiedInversePropertyName":[]}
{"uuid":"37b2c945-6bc2-5e26-bff0-1a04f6d5328b","tboxUUID":"0d6f4baf-fae9-56f6-abcd-83c5a7396aad","sourceUUID":"d987b027-3f13-583d-aa53-13d6cfe43647","targetUUID":"d987b027-3f13-583d-aa53-13d6cfe43647","isAsymmetric":false,"isEssential":false,"isFunctional":true,"isInverseEssential":false,"isInverseFunctional":true,"isIrreflexive":false,"isReflexive":false,"isSymmetric":false,"isTransitive":false,"name":"StructuralConnectionRelationship","unreifiedPropertyName":"structuralConnectionRelationship","unreifiedInversePropertyName":[]}
{"uuid":"3915ca3d-b2ef-5ddd-9234-f63211084f1e","tboxUUID":"0d6f4baf-fae9-56f6-abcd-83c5a7396aad","sourceUUID":"21df9b39-f7e5-5856-918a-56b95fef7f00","targetUUID":"3d8b672f-bf7b-50ca-bac6-01764257aa2d","isAsymmetric":false,"isEssential":false,"isFunctional":true,"isInverseEssential":false,"isInverseFunctional":true,"isIrreflexive":false,"isReflexive":false,"isSymmetric":false,"isTransitive":false,"name":"BinaryAssociationBlockEnd2","unreifiedPropertyName":"binaryAssociationBlockEnd2","unreifiedInversePropertyName":[]}
{"uuid":"3fdec3d5-51bb-5266-9ca8-22fbb19c1fbb","tboxUUID":"0d6f4baf-fae9-56f6-abcd-83c5a7396aad","sourceUUID":"3d8b672f-bf7b-50ca-bac6-01764257aa2d","targetUUID":"3d8b672f-bf7b-50ca-bac6-01764257aa2d","isAsymmetric":false,"isEssential":false,"isFunctional":true,"isInverseEssential":false,"isInverseFunctional":true,"isIrreflexive":false,"isReflexive":false,"isSymmetric":false,"isTransitive":false,"name":"BinaryContextReferenceAssociationBlock","unreifiedPropertyName":"binaryContextReferenceAssociationBlock","unreifiedInversePropertyName":[]}
{"uuid":"43f95797-f062-5bf7-937e-164a7996ab99","tboxUUID":"0d6f4baf-fae9-56f6-abcd-83c5a7396aad","sourceUUID":"3d8b672f-bf7b-50ca-bac6-01764257aa2d","targetUUID":"3d8b672f-bf7b-50ca-bac6-01764257aa2d","isAsymmetric":false,"isEssential":false,"isFunctional":true,"isInverseEssential":false,"isInverseFunctional":true,"isIrreflexive":false,"isReflexive":false,"isSymmetric":false,"isTransitive":false,"name":"StructuralConstraintParameter","unreifiedPropertyName":"structuralConstraintParameter","unreifiedInversePropertyName":[]}
{"uuid":"43fbca75-3b58-5822-a11e-8ac48fa2cf71","tboxUUID":"0d6f4baf-fae9-56f6-abcd-83c5a7396aad","sourceUUID":"35341b0b-0344-5deb-a331-49ed69f593b6","targetUUID":"e897733b-0d3c-583f-8531-ecc9ab1c8a5f","isAsymmetric":false,"isEssential":false,"isFunctional":true,"isInverseEssential":false,"isInverseFunctional":true,"isIrreflexive":false,"isReflexive":false,"isSymmetric":false,"isTransitive":false,"name":"StructuralParameterRelationship","unreifiedPropertyName":"structuralParameterRelationship","unreifiedInversePropertyName":[]}
{"uuid":"4905cec0-08de-552a-b8b8-37fb4e5ff53a","tboxUUID":"0d6f4baf-fae9-56f6-abcd-83c5a7396aad","sourceUUID":"35341b0b-0344-5deb-a331-49ed69f593b6","targetUUID":"e897733b-0d3c-583f-8531-ecc9ab1c8a5f","isAsymmetric":false,"isEssential":false,"isFunctional":true,"isInverseEssential":false,"isInverseFunctional":true,"isIrreflexive":false,"isReflexive":false,"isSymmetric":false,"isTransitive":false,"name":"StructuralInputParameterRelationship","unreifiedPropertyName":"structuralInputParameterRelationship","unreifiedInversePropertyName":[]}
{"uuid":"582280ce-4e96-5f58-a7d9-4426a208ce66","tboxUUID":"0d6f4baf-fae9-56f6-abcd-83c5a7396aad","sourceUUID":"d7e9d82a-e473-530f-8938-a85682428aad","targetUUID":"65116e94-e2d9-5958-8fb4-65f4448b34ab","isAsymmetric":false,"isEssential":false,"isFunctional":true,"isInverseEssential":false,"isInverseFunctional":true,"isIrreflexive":false,"isReflexive":false,"isSymmetric":false,"isTransitive":false,"name":"RegionOwnsTransition","unreifiedPropertyName":"regionOwnsTransition","unreifiedInversePropertyName":[]}
{"uuid":"59844279-f3c5-582f-8bcb-8ea5a8cbb468","tboxUUID":"0d6f4baf-fae9-56f6-abcd-83c5a7396aad","sourceUUID":"3d8b672f-bf7b-50ca-bac6-01764257aa2d","targetUUID":"3d8b672f-bf7b-50ca-bac6-01764257aa2d","isAsymmetric":false,"isEssential":false,"isFunctional":true,"isInverseEssential":false,"isInverseFunctional":true,"isIrreflexive":false,"isReflexive":false,"isSymmetric":false,"isTransitive":false,"name":"BinaryCompositeAssociation","unreifiedPropertyName":"binaryCompositeAssociation","unreifiedInversePropertyName":[]}
{"uuid":"5cce9f16-fa68-53da-945f-e4682dfe8882","tboxUUID":"0d6f4baf-fae9-56f6-abcd-83c5a7396aad","sourceUUID":"bd16d61c-2621-5224-ba58-80ac0639fc6d","targetUUID":"17075449-b1e8-5b7d-b540-ea2b6b992abb","isAsymmetric":false,"isEssential":false,"isFunctional":true,"isInverseEssential":false,"isInverseFunctional":true,"isIrreflexive":false,"isReflexive":false,"isSymmetric":false,"isTransitive":false,"name":"StructuralOutFlowPropertyRelationship","unreifiedPropertyName":"structuralOutFlowPropertyRelationship","unreifiedInversePropertyName":[]}
{"uuid":"5fab78c7-d488-51ba-8549-4122a072941d","tboxUUID":"0d6f4baf-fae9-56f6-abcd-83c5a7396aad","sourceUUID":"bd16d61c-2621-5224-ba58-80ac0639fc6d","targetUUID":"17075449-b1e8-5b7d-b540-ea2b6b992abb","isAsymmetric":false,"isEssential":false,"isFunctional":true,"isInverseEssential":false,"isInverseFunctional":true,"isIrreflexive":false,"isReflexive":false,"isSymmetric":false,"isTransitive":false,"name":"StructuralInOutFlowPropertyRelationship","unreifiedPropertyName":"structuralInOutFlowPropertyRelationship","unreifiedInversePropertyName":[]}
{"uuid":"659353c2-1e6e-58a7-8610-c18e7cc13381","tboxUUID":"0d6f4baf-fae9-56f6-abcd-83c5a7396aad","sourceUUID":"8f0eacb0-b9db-5268-a006-2967534cf6d1","targetUUID":"8f0eacb0-b9db-5268-a006-2967534cf6d1","isAsymmetric":false,"isEssential":false,"isFunctional":true,"isInverseEssential":false,"isInverseFunctional":true,"isIrreflexive":false,"isReflexive":false,"isSymmetric":false,"isTransitive":false,"name":"BinaryDependency","unreifiedPropertyName":"binaryDependency","unreifiedInversePropertyName":[]}
{"uuid":"68788d07-866f-5e94-867f-ed59f05aed07","tboxUUID":"0d6f4baf-fae9-56f6-abcd-83c5a7396aad","sourceUUID":"bd16d61c-2621-5224-ba58-80ac0639fc6d","targetUUID":"17075449-b1e8-5b7d-b540-ea2b6b992abb","isAsymmetric":false,"isEssential":false,"isFunctional":true,"isInverseEssential":false,"isInverseFunctional":true,"isIrreflexive":false,"isReflexive":false,"isSymmetric":false,"isTransitive":false,"name":"StructuralInFlowPropertyRelationship","unreifiedPropertyName":"structuralInFlowPropertyRelationship","unreifiedInversePropertyName":[]}
{"uuid":"75155f11-f185-5272-a4e6-9e42bbb2eb3e","tboxUUID":"0d6f4baf-fae9-56f6-abcd-83c5a7396aad","sourceUUID":"35341b0b-0344-5deb-a331-49ed69f593b6","targetUUID":"e897733b-0d3c-583f-8531-ecc9ab1c8a5f","isAsymmetric":false,"isEssential":false,"isFunctional":true,"isInverseEssential":false,"isInverseFunctional":true,"isIrreflexive":false,"isReflexive":false,"isSymmetric":false,"isTransitive":false,"name":"StructuralOutputParameterRelationship","unreifiedPropertyName":"structuralOutputParameterRelationship","unreifiedInversePropertyName":[]}
{"uuid":"a4f6b27d-f0af-553b-892d-b94511594e0d","tboxUUID":"0d6f4baf-fae9-56f6-abcd-83c5a7396aad","sourceUUID":"e0da946a-0625-5a61-b7ce-4bca2656efbe","targetUUID":"e0da946a-0625-5a61-b7ce-4bca2656efbe","isAsymmetric":false,"isEssential":false,"isFunctional":true,"isInverseEssential":false,"isInverseFunctional":true,"isIrreflexive":false,"isReflexive":false,"isSymmetric":false,"isTransitive":false,"name":"StructuralBindingRelationship","unreifiedPropertyName":"structuralBindingRelationship","unreifiedInversePropertyName":[]}
{"uuid":"e14b930f-8073-5f8f-b190-d33d7ce55f22","tboxUUID":"0d6f4baf-fae9-56f6-abcd-83c5a7396aad","sourceUUID":"d7e9d82a-e473-530f-8938-a85682428aad","targetUUID":"8701b5e3-fd07-515a-88bf-a85c58d51b80","isAsymmetric":false,"isEssential":false,"isFunctional":true,"isInverseEssential":false,"isInverseFunctional":true,"isIrreflexive":false,"isReflexive":false,"isSymmetric":false,"isTransitive":false,"name":"RegionOwnsState","unreifiedPropertyName":"regionOwnsState","unreifiedInversePropertyName":[]}
{"uuid":"ec9f1525-de47-5d67-b1d5-7fa5048d890f","tboxUUID":"0d6f4baf-fae9-56f6-abcd-83c5a7396aad","sourceUUID":"8baec036-f210-51f8-915e-9c665bfd859e","targetUUID":"1ccfc221-5bbb-55dd-9f0c-c3a734457db5","isAsymmetric":false,"isEssential":false,"isFunctional":true,"isInverseEssential":false,"isInverseFunctional":true,"isIrreflexive":false,"isReflexive":false,"isSymmetric":false,"isTransitive":false,"name":"StructuralFullPortRelationship","unreifiedPropertyName":"structuralFullPortRelationship","unreifiedInversePropertyName":[]}
{"uuid":"fd4a5b00-232b-598a-9440-bb2d2035d5f3","tboxUUID":"0d6f4baf-fae9-56f6-abcd-83c5a7396aad","sourceUUID":"3d8b672f-bf7b-50ca-bac6-01764257aa2d","targetUUID":"3d8b672f-bf7b-50ca-bac6-01764257aa2d","isAsymmetric":false,"isEssential":false,"isFunctional":true,"isInverseEssential":false,"isInverseFunctional":true,"isIrreflexive":false,"isReflexive":false,"isSymmetric":false,"isTransitive":false,"name":"BinaryReferenceAssociation","unreifiedPropertyName":"binaryReferenceAssociation","unreifiedInversePropertyName":[]}
