{"uuid":"117ba8b0-cfff-5f30-8d4c-c40ac5d62b12","tboxUUID":"0d6f4baf-fae9-56f6-abcd-83c5a7396aad","superRelationshipUUID":"15a649a7-eef2-5822-b4ee-0deb6cc03888","subRelationshipUUID":"3fdec3d5-51bb-5266-9ca8-22fbb19c1fbb"}
{"uuid":"2e49af59-36c6-5126-b76c-5883a5ffc0a9","tboxUUID":"0d6f4baf-fae9-56f6-abcd-83c5a7396aad","superRelationshipUUID":"1839273b-1a2c-5252-9faf-2b44e5e43e6d","subRelationshipUUID":"5cce9f16-fa68-53da-945f-e4682dfe8882"}
{"uuid":"315699c8-13e7-5c06-be71-f0e7cea491d1","tboxUUID":"0d6f4baf-fae9-56f6-abcd-83c5a7396aad","superRelationshipUUID":"43fbca75-3b58-5822-a11e-8ac48fa2cf71","subRelationshipUUID":"75155f11-f185-5272-a4e6-9e42bbb2eb3e"}
{"uuid":"6368b794-3f8a-51c7-8764-49837501e658","tboxUUID":"0d6f4baf-fae9-56f6-abcd-83c5a7396aad","superRelationshipUUID":"09ac33d1-5ab8-54ba-ba0f-2dfa3ddc3850","subRelationshipUUID":"01803011-4262-57fe-8dfc-fd90786fa9e2"}
{"uuid":"7079c256-5008-5789-8dd5-58ebe403087a","tboxUUID":"0d6f4baf-fae9-56f6-abcd-83c5a7396aad","superRelationshipUUID":"15a649a7-eef2-5822-b4ee-0deb6cc03888","subRelationshipUUID":"fd4a5b00-232b-598a-9440-bb2d2035d5f3"}
{"uuid":"7ff01e74-46a8-52d0-b692-17ff08df6f15","tboxUUID":"0d6f4baf-fae9-56f6-abcd-83c5a7396aad","superRelationshipUUID":"1839273b-1a2c-5252-9faf-2b44e5e43e6d","subRelationshipUUID":"5fab78c7-d488-51ba-8549-4122a072941d"}
{"uuid":"aa70880d-b57c-5acc-ace3-1666d9c3482d","tboxUUID":"0d6f4baf-fae9-56f6-abcd-83c5a7396aad","superRelationshipUUID":"09ac33d1-5ab8-54ba-ba0f-2dfa3ddc3850","subRelationshipUUID":"3915ca3d-b2ef-5ddd-9234-f63211084f1e"}
{"uuid":"af929eb5-ff24-5fc6-adc0-03568399dd8c","tboxUUID":"0d6f4baf-fae9-56f6-abcd-83c5a7396aad","superRelationshipUUID":"43fbca75-3b58-5822-a11e-8ac48fa2cf71","subRelationshipUUID":"4905cec0-08de-552a-b8b8-37fb4e5ff53a"}
{"uuid":"b51155e1-9a57-56df-9738-ece1313cbf86","tboxUUID":"0d6f4baf-fae9-56f6-abcd-83c5a7396aad","superRelationshipUUID":"15a649a7-eef2-5822-b4ee-0deb6cc03888","subRelationshipUUID":"59844279-f3c5-582f-8bcb-8ea5a8cbb468"}
{"uuid":"e453579c-eb42-5143-9383-0cd616a4d55f","tboxUUID":"0d6f4baf-fae9-56f6-abcd-83c5a7396aad","superRelationshipUUID":"1839273b-1a2c-5252-9faf-2b44e5e43e6d","subRelationshipUUID":"68788d07-866f-5e94-867f-ed59f05aed07"}
