{"uuid":"2bee64a9-4556-5934-a371-a18d0b022642","tboxUUID":"0d6f4baf-fae9-56f6-abcd-83c5a7396aad","sourceUUID":"49eed8e0-eb2b-5155-b743-99fea05f3f54","targetUUID":"6342d1db-62f5-5599-8942-d5edec58e4f1","isAsymmetric":false,"isEssential":false,"isFunctional":true,"isInverseEssential":false,"isInverseFunctional":true,"isIrreflexive":false,"isReflexive":false,"isSymmetric":false,"isTransitive":false,"name":"nAryRelationshipRole"}
{"uuid":"42760690-12b6-5377-a19e-c1126e567e3c","tboxUUID":"0d6f4baf-fae9-56f6-abcd-83c5a7396aad","sourceUUID":"6342d1db-62f5-5599-8942-d5edec58e4f1","targetUUID":"61448bf6-f1d3-5a2e-b08b-f6a2f940ea8d","isAsymmetric":false,"isEssential":false,"isFunctional":false,"isInverseEssential":false,"isInverseFunctional":false,"isIrreflexive":false,"isReflexive":false,"isSymmetric":false,"isTransitive":false,"name":"nAryRoleBinding"}
