{"uuid":"21d2e995-47a9-55bf-8318-0fa0663a3f29","iri":"http://imce.jpl.nasa.gov/oml/runtime#OML2EcoreNsPrefix","abbrevIRI":"omlr:OML2EcoreNsPrefix"}
{"uuid":"40a5cfa5-2f93-565c-b561-cd9667c0d03e","iri":"http://imce.jpl.nasa.gov/oml/runtime#OML2JavaDatatypeBinding","abbrevIRI":"omlr:OML2JavaDatatypeBinding"}
{"uuid":"686e51ae-10a2-56f7-bf50-27023b28cdf4","iri":"http://imce.jpl.nasa.gov/oml/runtime#OMLProvenanceIRI","abbrevIRI":"omlr:OMLProvenanceIRI"}
{"uuid":"8e0b2508-9a54-5847-9ae0-0aa06ce2eb1e","iri":"http://imce.jpl.nasa.gov/oml/runtime#OML2EcoreNsURI","abbrevIRI":"omlr:OML2EcoreNsURI"}
{"uuid":"a7b4bc1b-bc1a-5a3b-9fb7-135474c36681","iri":"http://imce.jpl.nasa.gov/oml/runtime#OMLProvenanceKind","abbrevIRI":"omlr:OMLProvenanceKind"}
