{"uuid":"5fe8f576-3ba6-5294-8624-397dd5f2f36f","tboxUUID":"c8ca8232-c2d2-5093-89f9-f1bf36e228bc","extendedTerminologyIRI":"http://imce.jpl.nasa.gov/www.omg.org/spec/SysML/20140311/Metrology-metamodel"}
{"uuid":"9d3019f1-102d-527c-9852-bbcf7af37c94","tboxUUID":"c8ca8232-c2d2-5093-89f9-f1bf36e228bc","extendedTerminologyIRI":"http://imce.jpl.nasa.gov/www.omg.org/spec/SysML/20140311/QUDV-embedding"}
{"uuid":"9d692481-8858-540b-a7c7-34664703a68c","tboxUUID":"c8ca8232-c2d2-5093-89f9-f1bf36e228bc","extendedTerminologyIRI":"http://imce.jpl.nasa.gov/www.omg.org/spec/SysML/20140311/QUDV-metamodel"}
