{"uuid":"aab30b9a-e1e7-52a5-9b0a-ea1373a1eb1f","tboxUUID":"be04fd4c-cb57-564e-b166-2164b8557251","extendedTerminologyIRI":"http://purl.org/dc/elements/1.1/"}
{"uuid":"b7b2089d-49b5-566b-9ad0-74444cf00c41","tboxUUID":"be04fd4c-cb57-564e-b166-2164b8557251","extendedTerminologyIRI":"http://www.w3.org/2002/07/owl"}
{"uuid":"bbc6221a-6163-5c1f-8ba4-e9160e003f20","tboxUUID":"be04fd4c-cb57-564e-b166-2164b8557251","extendedTerminologyIRI":"http://www.w3.org/2000/01/rdf-schema"}
{"uuid":"d68529f3-c15b-51b6-9ec1-7751e72ecd69","tboxUUID":"be04fd4c-cb57-564e-b166-2164b8557251","extendedTerminologyIRI":"http://www.w3.org/2001/XMLSchema"}
{"uuid":"ddc86890-e47e-5bb1-8ad9-256158859f36","tboxUUID":"be04fd4c-cb57-564e-b166-2164b8557251","extendedTerminologyIRI":"http://www.w3.org/1999/02/22-rdf-syntax-ns"}
