{"uuid":"10013cd9-c699-5c55-9afe-e15b9aa5bb1c","iri":"http://imce.jpl.nasa.gov/foundation/annotation/annotation#isExtension","abbrevIRI":"annotation:isExtension"}
{"uuid":"12010fe6-8d81-5e4e-96c6-aee80dc160c9","iri":"http://imce.jpl.nasa.gov/foundation/annotation/annotation#hasOTIToolSpecificURL","abbrevIRI":"annotation:hasOTIToolSpecificURL"}
{"uuid":"15ba236f-6b93-5ff1-a330-7938f8283f75","iri":"http://imce.jpl.nasa.gov/foundation/annotation/annotation#hasIRIHashSuffix","abbrevIRI":"annotation:hasIRIHashSuffix"}
{"uuid":"25b760f1-1c16-53be-809e-42b0d9c01f03","iri":"http://imce.jpl.nasa.gov/foundation/annotation/annotation#hasUUID","abbrevIRI":"annotation:hasUUID"}
{"uuid":"27918c0b-8501-53ae-a2e1-427e7a56c1ca","iri":"http://imce.jpl.nasa.gov/foundation/annotation/annotation#hasOTIToolSpecificID","abbrevIRI":"annotation:hasOTIToolSpecificID"}
{"uuid":"2c45d56c-f9dd-5f5f-b67b-32c9abe026b4","iri":"http://imce.jpl.nasa.gov/foundation/annotation/annotation#hasRestrictedTargetProperty","abbrevIRI":"annotation:hasRestrictedTargetProperty"}
{"uuid":"2f6944b4-073e-5b63-ad71-6bed85d72794","iri":"http://imce.jpl.nasa.gov/foundation/annotation/annotation#xmi2xsdDataTypeMapping","abbrevIRI":"annotation:xmi2xsdDataTypeMapping"}
{"uuid":"32058b82-1f76-54b0-8d02-13dab9e604ff","iri":"http://imce.jpl.nasa.gov/foundation/annotation/annotation#omgElementId","abbrevIRI":"annotation:omgElementId"}
{"uuid":"40fa06a0-807e-52af-a479-e066381bda7e","iri":"http://purl.org/dc/elements/1.1/rights","abbrevIRI":"dc:rights"}
{"uuid":"4151ecb9-1ad5-52e4-9535-76ae747e3e6f","iri":"http://imce.jpl.nasa.gov/foundation/annotation/annotation#isLibrary","abbrevIRI":"annotation:isLibrary"}
{"uuid":"4465a328-9fc4-5556-8d73-48c062a2645e","iri":"http://purl.org/dc/elements/1.1/description","abbrevIRI":"dc:description"}
{"uuid":"55c4affe-635e-55d1-8ad3-047594beae61","iri":"http://imce.jpl.nasa.gov/foundation/annotation/annotation#noMapping","abbrevIRI":"annotation:noMapping"}
{"uuid":"5c19d86d-7204-51e5-9ba9-c1f95982e0a2","iri":"http://imce.jpl.nasa.gov/foundation/annotation/annotation#hasMagicDrawDiagramCustomization","abbrevIRI":"annotation:hasMagicDrawDiagramCustomization"}
{"uuid":"60df65e1-405d-536f-aaf7-64b2fb3a1d53","iri":"http://imce.jpl.nasa.gov/foundation/annotation/annotation#isNonNormative","abbrevIRI":"annotation:isNonNormative"}
{"uuid":"66cefacf-3526-589c-a1e5-e2a876e4f83d","iri":"http://imce.jpl.nasa.gov/foundation/annotation/annotation#bundlesGroup","abbrevIRI":"annotation:bundlesGroup"}
{"uuid":"6995053c-5b43-57b8-bd50-d2c78a38a6d2","iri":"http://imce.jpl.nasa.gov/foundation/annotation/annotation#isStructuredDataType","abbrevIRI":"annotation:isStructuredDataType"}
{"uuid":"7188a383-cf60-5fe2-a34a-e6d24235701c","iri":"http://imce.jpl.nasa.gov/foundation/annotation/annotation#isStereotype","abbrevIRI":"annotation:isStereotype"}
{"uuid":"746b3ea8-cba4-5405-813c-006347e483c8","iri":"http://imce.jpl.nasa.gov/foundation/annotation/annotation#hasRelativeIRI","abbrevIRI":"annotation:hasRelativeIRI"}
{"uuid":"8156bae8-3b70-5cd6-8c13-e904faf435ef","iri":"http://imce.jpl.nasa.gov/foundation/annotation/annotation#hasGraph","abbrevIRI":"annotation:hasGraph"}
{"uuid":"893f3340-64c5-5b0f-a70c-6a70fd02f56e","iri":"http://imce.jpl.nasa.gov/foundation/annotation/annotation#companionOwnershipRelation","abbrevIRI":"annotation:companionOwnershipRelation"}
{"uuid":"90c39cf7-ed19-50af-83b3-672fc7abf3d6","iri":"http://imce.jpl.nasa.gov/foundation/annotation/annotation#hasIRIHashPrefix","abbrevIRI":"annotation:hasIRIHashPrefix"}
{"uuid":"96f403cc-1bc2-5ca7-b570-fa139588911c","iri":"http://imce.jpl.nasa.gov/foundation/annotation/annotation#hasDiagramCustomization","abbrevIRI":"annotation:hasDiagramCustomization"}
{"uuid":"9b21e546-e62f-5843-bc9c-9ed00b0428de","iri":"http://imce.jpl.nasa.gov/foundation/annotation/annotation#importsBundle","abbrevIRI":"annotation:importsBundle"}
{"uuid":"9fb9d0ab-570a-5cd2-ab19-01521320bbe5","iri":"http://imce.jpl.nasa.gov/foundation/annotation/annotation#isEmbedding","abbrevIRI":"annotation:isEmbedding"}
{"uuid":"a16bbd44-9f37-5132-b5be-a1028020f01a","iri":"http://imce.jpl.nasa.gov/foundation/annotation/annotation#isMetamodel","abbrevIRI":"annotation:isMetamodel"}
{"uuid":"a63d99ab-9ff4-58e1-9f15-bea35fb643cf","iri":"http://purl.org/dc/elements/1.1/creator","abbrevIRI":"dc:creator"}
{"uuid":"a749da99-41b5-542e-a5ee-0783771b0ec4","iri":"http://imce.jpl.nasa.gov/foundation/annotation/annotation#implementationElementId","abbrevIRI":"annotation:implementationElementId"}
{"uuid":"b24829b3-10eb-5312-8230-aa7ad4ee4c27","iri":"http://imce.jpl.nasa.gov/foundation/annotation/annotation#isStereotypeMetaclass","abbrevIRI":"annotation:isStereotypeMetaclass"}
{"uuid":"b46685e7-abaa-5a8e-b6b8-cf7b2a51b5de","iri":"http://purl.org/dc/elements/1.1/date","abbrevIRI":"dc:date"}
{"uuid":"b89db759-4650-5e9b-9c61-62700448cfc9","iri":"http://www.w3.org/2002/07/owl#versionInfo","abbrevIRI":"owl:versionInfo"}
{"uuid":"bb8d47a0-3bce-5464-8246-16abe984adc5","iri":"http://imce.jpl.nasa.gov/foundation/annotation/annotation#hasIcon","abbrevIRI":"annotation:hasIcon"}
{"uuid":"c5a2e486-7e12-5e1c-95b9-4a07e131dc13","iri":"http://imce.jpl.nasa.gov/foundation/annotation/annotation#isAbstract","abbrevIRI":"annotation:isAbstract"}
{"uuid":"c8a8581e-2811-535a-b203-a5991a8668b4","iri":"http://imce.jpl.nasa.gov/oml/oml#isOMLTerminologyGraph","abbrevIRI":"oml:isOMLTerminologyGraph"}
{"uuid":"d560e96a-6f86-558c-8b68-25a63debc2a4","iri":"http://imce.jpl.nasa.gov/foundation/annotation/annotation#hasContext","abbrevIRI":"annotation:hasContext"}
{"uuid":"d563d202-16c1-59eb-b912-ec42f56a3fdb","iri":"http://imce.jpl.nasa.gov/foundation/annotation/annotation#isMetaclass","abbrevIRI":"annotation:isMetaclass"}
{"uuid":"d620a671-c19f-556f-8191-247bd6130b2f","iri":"http://imce.jpl.nasa.gov/foundation/annotation/annotation#hasRestrictedSourceProperty","abbrevIRI":"annotation:hasRestrictedSourceProperty"}
{"uuid":"d6646d6c-0a5d-52f7-bb7f-0018d888383a","iri":"http://imce.jpl.nasa.gov/foundation/annotation/annotation#category","abbrevIRI":"annotation:category"}
{"uuid":"d9b8f908-bd75-5497-9de1-ec4096a0d8e0","iri":"http://imce.jpl.nasa.gov/foundation/annotation/annotation#bundledOntologyVersionInfo","abbrevIRI":"annotation:bundledOntologyVersionInfo"}
{"uuid":"da1b0b28-9c51-55c3-a963-2337006693de","iri":"http://www.w3.org/2000/01/rdf-schema#comment","abbrevIRI":"rdfs:comment"}
{"uuid":"de47ef62-c3be-5246-98d5-ed6e481d149e","iri":"http://purl.org/dc/elements/1.1/title","abbrevIRI":"dc:title"}
{"uuid":"e075d073-50a7-5628-b642-4f596ec6edaf","iri":"http://imce.jpl.nasa.gov/foundation/annotation/annotation#isDeprecated","abbrevIRI":"annotation:isDeprecated"}
{"uuid":"f2696572-0b99-54a4-ad6f-4d4c462f2d94","iri":"http://imce.jpl.nasa.gov/foundation/annotation/annotation#isView","abbrevIRI":"annotation:isView"}
{"uuid":"faa6930e-4f51-553c-96a4-6233c4070e4c","iri":"http://imce.jpl.nasa.gov/foundation/annotation/annotation#isDerived","abbrevIRI":"annotation:isDerived"}
{"uuid":"fd841884-d2e9-5fcc-974a-f36dfeed1b9e","iri":"http://imce.jpl.nasa.gov/foundation/annotation/annotation#isMetaclassSpecificExtension","abbrevIRI":"annotation:isMetaclassSpecificExtension"}
