{"uuid":"b403ec16-c2bd-5f9f-aa7a-21dd829c92bb","tboxUUID":"e195d794-ae5e-5c82-8ff2-bcb5fb703c42","restrictedRangeUUID":"e12b5749-0775-57a7-9688-b40799d55e81","name":"TerminologyKind"}
{"uuid":"d78a93a4-77f7-5111-a34e-1894fbd8c2c0","tboxUUID":"e195d794-ae5e-5c82-8ff2-bcb5fb703c42","restrictedRangeUUID":"e12b5749-0775-57a7-9688-b40799d55e81","name":"ExporterProvenance"}
{"uuid":"ebe1cc97-b26d-5852-b24c-ba3f91534601","tboxUUID":"e195d794-ae5e-5c82-8ff2-bcb5fb703c42","restrictedRangeUUID":"e12b5749-0775-57a7-9688-b40799d55e81","name":"ModelTerminologyGraphKind"}
