{"uuid":"0736d83f-0a00-5e85-a231-0c8fbc5b1790","iri":"http://imce.jpl.nasa.gov/foundation/behavior/behavior#joins","abbrevIRI":"behavior:joins"}
{"uuid":"14357ad8-cfc5-5981-91ea-56d698ffadf6","iri":"http://imce.jpl.nasa.gov/foundation/behavior/behavior#hasFeature","abbrevIRI":"behavior:hasFeature"}
{"uuid":"27d32bb5-5c8c-52be-b620-d68cb0e77279","iri":"http://imce.jpl.nasa.gov/foundation/behavior/behavior#hasReferencesSource","abbrevIRI":"behavior:hasReferencesSource"}
{"uuid":"3238fd06-80da-5f90-abaf-e7fd029fdfea","iri":"http://imce.jpl.nasa.gov/foundation/behavior/behavior#hasHasFeatureSource","abbrevIRI":"behavior:hasHasFeatureSource"}
{"uuid":"367a8a7d-de49-55dc-a475-b1152ee29a09","iri":"http://imce.jpl.nasa.gov/foundation/behavior/behavior#hasHasValueTypeSource","abbrevIRI":"behavior:hasHasValueTypeSource"}
{"uuid":"40fa06a0-807e-52af-a479-e066381bda7e","iri":"http://purl.org/dc/elements/1.1/rights","abbrevIRI":"dc:rights"}
{"uuid":"55c4affe-635e-55d1-8ad3-047594beae61","iri":"http://imce.jpl.nasa.gov/foundation/annotation/annotation#noMapping","abbrevIRI":"annotation:noMapping"}
{"uuid":"65e7f113-ab39-5eec-9a4b-c96b80fa38ca","iri":"http://imce.jpl.nasa.gov/foundation/behavior/behavior#hasHasInteractionBehaviorClassTarget","abbrevIRI":"behavior:hasHasInteractionBehaviorClassTarget"}
{"uuid":"767493f3-1d8e-59e1-b078-1a4d88c7dda8","iri":"http://imce.jpl.nasa.gov/foundation/behavior/behavior#hasHasTransitionTarget","abbrevIRI":"behavior:hasHasTransitionTarget"}
{"uuid":"78ccc08e-1637-5990-91d1-448f39898b79","iri":"http://imce.jpl.nasa.gov/foundation/behavior/behavior#hasHasInteractionBehaviorClassSource","abbrevIRI":"behavior:hasHasInteractionBehaviorClassSource"}
{"uuid":"95edd920-22cf-5196-8070-4a0e581c43c7","iri":"http://imce.jpl.nasa.gov/foundation/behavior/behavior#hasHasElementBehaviorClassTarget","abbrevIRI":"behavior:hasHasElementBehaviorClassTarget"}
{"uuid":"9c26d231-4a5d-537e-9983-417973e55491","iri":"http://imce.jpl.nasa.gov/foundation/behavior/behavior#hasHasTransitionSource","abbrevIRI":"behavior:hasHasTransitionSource"}
{"uuid":"a16abb07-b73b-5d37-8595-b656ee832108","iri":"http://imce.jpl.nasa.gov/foundation/behavior/behavior#hasHasElementBehaviorClassSource","abbrevIRI":"behavior:hasHasElementBehaviorClassSource"}
{"uuid":"ab75bd2e-06a9-57b4-b8ff-b02d2a0b1cd5","iri":"http://imce.jpl.nasa.gov/foundation/behavior/behavior#hasReferencesTarget","abbrevIRI":"behavior:hasReferencesTarget"}
{"uuid":"b46685e7-abaa-5a8e-b6b8-cf7b2a51b5de","iri":"http://purl.org/dc/elements/1.1/date","abbrevIRI":"dc:date"}
{"uuid":"b89db759-4650-5e9b-9c61-62700448cfc9","iri":"http://www.w3.org/2002/07/owl#versionInfo","abbrevIRI":"owl:versionInfo"}
{"uuid":"c5a2e486-7e12-5e1c-95b9-4a07e131dc13","iri":"http://imce.jpl.nasa.gov/foundation/annotation/annotation#isAbstract","abbrevIRI":"annotation:isAbstract"}
{"uuid":"c92eb81c-fd3a-522d-90cc-7f65bf9bbacc","iri":"http://imce.jpl.nasa.gov/foundation/behavior/behavior#hasPresentsSource","abbrevIRI":"behavior:hasPresentsSource"}
{"uuid":"cf4e70d9-6ba8-5382-845a-6993c74ece04","iri":"http://imce.jpl.nasa.gov/foundation/behavior/behavior#hasHasValueTypeTarget","abbrevIRI":"behavior:hasHasValueTypeTarget"}
{"uuid":"d3d523ce-7f10-5c71-82ca-ccbc15697116","iri":"http://imce.jpl.nasa.gov/foundation/behavior/behavior#hasPresentsTarget","abbrevIRI":"behavior:hasPresentsTarget"}
{"uuid":"e6bbd7d0-23b7-5e7a-b851-05f91ada0d4f","iri":"http://imce.jpl.nasa.gov/foundation/behavior/behavior#hasTransition","abbrevIRI":"behavior:hasTransition"}
{"uuid":"ea7b80e4-7c2f-504f-ae8a-c8f3c0d1a493","iri":"http://imce.jpl.nasa.gov/foundation/behavior/behavior#hasHasFeatureTarget","abbrevIRI":"behavior:hasHasFeatureTarget"}
