{"uuid":"16b80bfd-2baf-5967-ad28-bf808860e9e4","iri":"http://www.w3.org/2002/07/owl#deprecated","abbrevIRI":"owl:deprecated"}
{"uuid":"4af45f73-4324-5db4-b862-cbf0c460ad5a","iri":"http://www.w3.org/2002/07/owl#incompatibleWith","abbrevIRI":"owl:incompatibleWith"}
{"uuid":"56aa367c-a976-5dc3-95b9-a3a26bdc23c9","iri":"http://www.w3.org/2002/07/owl#priorVersion","abbrevIRI":"owl:priorVersion"}
{"uuid":"fe633877-0741-51cf-b813-9741d19d236f","iri":"http://www.w3.org/2002/07/owl#backwardCompatibleWith","abbrevIRI":"owl:backwardCompatibleWith"}
