{"uuid":"06e970c4-294e-5729-968b-d822ec904e20","tboxUUID":"15be7d09-9784-53b8-988b-b32848c9f6e2","sourceUUID":"744d0c68-9745-5b7b-b396-fc3dc37f266d","targetUUID":"3e5845ff-7c8a-51c4-af90-67465817cae9","isAsymmetric":true,"isEssential":false,"isFunctional":true,"isInverseEssential":false,"isInverseFunctional":false,"isIrreflexive":true,"isReflexive":false,"isSymmetric":false,"isTransitive":false,"name":"HasValue","unreifiedPropertyName":"hasValue","unreifiedInversePropertyName":[]}
{"uuid":"0cc78e68-1d37-59e7-a3be-b745bbc8387c","tboxUUID":"15be7d09-9784-53b8-988b-b32848c9f6e2","sourceUUID":"744d0c68-9745-5b7b-b396-fc3dc37f266d","targetUUID":"74c27fdb-afd9-51c5-9089-44b397df5532","isAsymmetric":true,"isEssential":false,"isFunctional":true,"isInverseEssential":false,"isInverseFunctional":false,"isIrreflexive":true,"isReflexive":false,"isSymmetric":false,"isTransitive":false,"name":"HasMetric","unreifiedPropertyName":"hasMetric","unreifiedInversePropertyName":[]}
{"uuid":"0e04169a-3e95-5312-bb1a-5bac68795667","tboxUUID":"15be7d09-9784-53b8-988b-b32848c9f6e2","sourceUUID":"a6c98937-afba-5590-8625-df064f8eb29e","targetUUID":"878f19d7-2085-5b78-9cd8-176774487a9c","isAsymmetric":true,"isEssential":false,"isFunctional":false,"isInverseEssential":false,"isInverseFunctional":false,"isIrreflexive":true,"isReflexive":false,"isSymmetric":false,"isTransitive":false,"name":"Validates","unreifiedPropertyName":"validates","unreifiedInversePropertyName":["isValidatedBy"]}
{"uuid":"5f8e6208-02d3-5ba0-b35a-360892d933bd","tboxUUID":"15be7d09-9784-53b8-988b-b32848c9f6e2","sourceUUID":"74c27fdb-afd9-51c5-9089-44b397df5532","targetUUID":"4de61a44-1720-5574-b2bf-d3d10b2485dd","isAsymmetric":false,"isEssential":false,"isFunctional":false,"isInverseEssential":false,"isInverseFunctional":true,"isIrreflexive":false,"isReflexive":false,"isSymmetric":false,"isTransitive":false,"name":"HasCriterion","unreifiedPropertyName":"hasCriterion","unreifiedInversePropertyName":["isCriterionFor"]}
{"uuid":"60c044ca-92cc-529b-9f1d-52640355ccca","tboxUUID":"15be7d09-9784-53b8-988b-b32848c9f6e2","sourceUUID":"c91d4ec5-89da-5916-9af1-bab4f9db4926","targetUUID":"5b37d68c-7d92-519c-a184-05cc4d7343b1","isAsymmetric":true,"isEssential":false,"isFunctional":false,"isInverseEssential":false,"isInverseFunctional":false,"isIrreflexive":true,"isReflexive":false,"isSymmetric":false,"isTransitive":false,"name":"Constrains","unreifiedPropertyName":"constrains","unreifiedInversePropertyName":[]}
{"uuid":"75c4c540-3e82-5158-835c-619ac0e04758","tboxUUID":"15be7d09-9784-53b8-988b-b32848c9f6e2","sourceUUID":"0725a3d7-84ec-5e73-aed1-91d18de3f6a4","targetUUID":"878f19d7-2085-5b78-9cd8-176774487a9c","isAsymmetric":true,"isEssential":false,"isFunctional":false,"isInverseEssential":false,"isInverseFunctional":false,"isIrreflexive":true,"isReflexive":false,"isSymmetric":false,"isTransitive":false,"name":"Limits","unreifiedPropertyName":"limits","unreifiedInversePropertyName":["isLimitedBy"]}
{"uuid":"8a95f535-4aa8-5102-bb40-46680b27d696","tboxUUID":"15be7d09-9784-53b8-988b-b32848c9f6e2","sourceUUID":"a6c98937-afba-5590-8625-df064f8eb29e","targetUUID":"878f19d7-2085-5b78-9cd8-176774487a9c","isAsymmetric":true,"isEssential":false,"isFunctional":false,"isInverseEssential":false,"isInverseFunctional":false,"isIrreflexive":true,"isReflexive":false,"isSymmetric":false,"isTransitive":false,"name":"Explains","unreifiedPropertyName":"explains","unreifiedInversePropertyName":["isExplainedBy"]}
{"uuid":"97a17e5e-008d-51f1-9957-d4793e86da48","tboxUUID":"15be7d09-9784-53b8-988b-b32848c9f6e2","sourceUUID":"744d0c68-9745-5b7b-b396-fc3dc37f266d","targetUUID":"f88c433a-69b6-5ef6-9643-40f37c258df0","isAsymmetric":true,"isEssential":false,"isFunctional":false,"isInverseEssential":false,"isInverseFunctional":false,"isIrreflexive":true,"isReflexive":false,"isSymmetric":false,"isTransitive":false,"name":"Quantifies","unreifiedPropertyName":"quantifies","unreifiedInversePropertyName":["isQuantifiedBy"]}
{"uuid":"bd131f45-4766-59aa-a41a-d426d300d66b","tboxUUID":"15be7d09-9784-53b8-988b-b32848c9f6e2","sourceUUID":"a6c98937-afba-5590-8625-df064f8eb29e","targetUUID":"2d413190-e600-58fe-baf3-ec993527a5f7","isAsymmetric":true,"isEssential":false,"isFunctional":false,"isInverseEssential":false,"isInverseFunctional":false,"isIrreflexive":true,"isReflexive":false,"isSymmetric":false,"isTransitive":false,"name":"Analyzes","unreifiedPropertyName":"analyzes","unreifiedInversePropertyName":["isAnalyzedBy"]}
{"uuid":"d1e6956d-d0bc-5625-8657-0711e9026403","tboxUUID":"15be7d09-9784-53b8-988b-b32848c9f6e2","sourceUUID":"a7e01fcc-ed50-5352-bf20-2e695e2aa39c","targetUUID":"878f19d7-2085-5b78-9cd8-176774487a9c","isAsymmetric":true,"isEssential":false,"isFunctional":false,"isInverseEssential":false,"isInverseFunctional":false,"isIrreflexive":true,"isReflexive":false,"isSymmetric":false,"isTransitive":false,"name":"Characterizes","unreifiedPropertyName":"characterizes","unreifiedInversePropertyName":["isCharacterizedBy"]}
{"uuid":"e3fb29b2-3ebd-5c5e-804f-0eabfa77d875","tboxUUID":"15be7d09-9784-53b8-988b-b32848c9f6e2","sourceUUID":"4de61a44-1720-5574-b2bf-d3d10b2485dd","targetUUID":"3ef8eaf0-271b-579c-94a7-e0539cc5c502","isAsymmetric":true,"isEssential":false,"isFunctional":false,"isInverseEssential":false,"isInverseFunctional":false,"isIrreflexive":true,"isReflexive":false,"isSymmetric":false,"isTransitive":false,"name":"Measures","unreifiedPropertyName":"measures","unreifiedInversePropertyName":["isMeasuredBy"]}
