{"uuid":"53768505-3e6c-5f74-8d90-636f1176638a","tboxUUID":"92a7c7bd-96a6-5710-8da8-76842239d24d","extendedTerminologyIRI":"http://imce.jpl.nasa.gov/www.omg.org/spec/PrimitiveTypes/20110701/PrimitiveTypes-metamodel"}
{"uuid":"8f9210a2-edfb-5916-a356-fdb79978c3c7","tboxUUID":"92a7c7bd-96a6-5710-8da8-76842239d24d","extendedTerminologyIRI":"http://imce.jpl.nasa.gov/www.omg.org/spec/PrimitiveTypes/20110701/PrimitiveTypes-embedding"}
{"uuid":"c8944810-d6d4-57be-a827-d951af94f2d4","tboxUUID":"92a7c7bd-96a6-5710-8da8-76842239d24d","extendedTerminologyIRI":"http://imce.jpl.nasa.gov/www.omg.org/spec/UML/20110701/UML-metamodel"}
