{"uuid":"1a45d682-454a-55c7-b79a-cb2035229101","tboxUUID":"80221a3a-3871-5421-8b18-d1be83e667b9","domainUUID":"eac139d7-6757-5f2d-9189-cbe285d359f2","rangeUUID":"e12b5749-0775-57a7-9688-b40799d55e81","isIdentityCriteria":false,"name":"SystemOfQuantities.description"}
{"uuid":"1ba93377-eb3b-5b70-a811-a37cd382bb11","tboxUUID":"80221a3a-3871-5421-8b18-d1be83e667b9","domainUUID":"66d90538-7fb5-56b2-a6dd-d2507e1bc30e","rangeUUID":"2fe55207-e695-5aab-87ec-7f85cd56e864","isIdentityCriteria":false,"name":"Unit.isUnitCountOfEntities"}
{"uuid":"3c909324-8258-58ce-a9ca-23c9d64ee74d","tboxUUID":"80221a3a-3871-5421-8b18-d1be83e667b9","domainUUID":"8ea04466-ce82-5e06-8ca0-c40bd6b44aff","rangeUUID":"2fe55207-e695-5aab-87ec-7f85cd56e864","isIdentityCriteria":false,"name":"QuantityKind.isNumberOfEntities"}
{"uuid":"4bafcdac-40a7-5cc8-b21a-eb59352d9386","tboxUUID":"80221a3a-3871-5421-8b18-d1be83e667b9","domainUUID":"8ea04466-ce82-5e06-8ca0-c40bd6b44aff","rangeUUID":"2fe55207-e695-5aab-87ec-7f85cd56e864","isIdentityCriteria":false,"name":"QuantityKind.isQuantityOfDimensionOne"}
{"uuid":"4dadc698-0ad0-5cc1-896d-e62ede1f3616","tboxUUID":"80221a3a-3871-5421-8b18-d1be83e667b9","domainUUID":"bb6d5f2d-c20e-5004-a2f9-a67cfa4e15f4","rangeUUID":"2fe55207-e695-5aab-87ec-7f85cd56e864","isIdentityCriteria":false,"name":"ConversionBasedUnit.isInvertible"}
{"uuid":"6a210efc-1856-5e2b-ace6-50ccffedcabe","tboxUUID":"80221a3a-3871-5421-8b18-d1be83e667b9","domainUUID":"eac139d7-6757-5f2d-9189-cbe285d359f2","rangeUUID":"e12b5749-0775-57a7-9688-b40799d55e81","isIdentityCriteria":false,"name":"SystemOfQuantities.definitionURI"}
{"uuid":"963e80e9-8afc-50bd-a740-fbaf88d5f902","tboxUUID":"80221a3a-3871-5421-8b18-d1be83e667b9","domainUUID":"3282d6ee-83bb-59f4-9680-6f54b5b483e7","rangeUUID":"e12b5749-0775-57a7-9688-b40799d55e81","isIdentityCriteria":false,"name":"SystemOfUnits.definitionURI"}
{"uuid":"b417fb59-1f3c-51ef-ad33-be092e0fccfa","tboxUUID":"80221a3a-3871-5421-8b18-d1be83e667b9","domainUUID":"caab4377-8a08-50b9-90e1-3e1c89a52f9a","rangeUUID":"e12b5749-0775-57a7-9688-b40799d55e81","isIdentityCriteria":false,"name":"GeneralConversionUnit.expressionLanguageURI"}
{"uuid":"b6375012-3a2c-554f-8bab-4f21bae9eb7f","tboxUUID":"80221a3a-3871-5421-8b18-d1be83e667b9","domainUUID":"35e4303e-83f7-5972-b34a-8ae596b36e7a","rangeUUID":"e12b5749-0775-57a7-9688-b40799d55e81","isIdentityCriteria":false,"name":"Dimension.symbolicExpression"}
{"uuid":"be020c62-ea17-57a5-aa8a-02ac7ff0fdfa","tboxUUID":"80221a3a-3871-5421-8b18-d1be83e667b9","domainUUID":"66d90538-7fb5-56b2-a6dd-d2507e1bc30e","rangeUUID":"2fe55207-e695-5aab-87ec-7f85cd56e864","isIdentityCriteria":false,"name":"Unit.isUnitForQuantityOfDimensionOne"}
{"uuid":"cd1f90f6-0c67-5bfa-b71b-a8fdfcd34be6","tboxUUID":"80221a3a-3871-5421-8b18-d1be83e667b9","domainUUID":"d3b864e0-6541-55a9-bb67-b41bf7eb88c0","rangeUUID":"e12b5749-0775-57a7-9688-b40799d55e81","isIdentityCriteria":false,"name":"Prefix.symbol"}
{"uuid":"e0134267-ba4b-597b-8cbd-ed30dcdcb71b","tboxUUID":"80221a3a-3871-5421-8b18-d1be83e667b9","domainUUID":"3282d6ee-83bb-59f4-9680-6f54b5b483e7","rangeUUID":"e12b5749-0775-57a7-9688-b40799d55e81","isIdentityCriteria":false,"name":"SystemOfUnits.symbol"}
{"uuid":"f30d367f-ad2a-5dcf-8c98-29df91d60ade","tboxUUID":"80221a3a-3871-5421-8b18-d1be83e667b9","domainUUID":"eac139d7-6757-5f2d-9189-cbe285d359f2","rangeUUID":"e12b5749-0775-57a7-9688-b40799d55e81","isIdentityCriteria":false,"name":"SystemOfQuantities.symbol"}
{"uuid":"f3dbe1de-b71e-5f4e-bb8f-150f6a316ed5","tboxUUID":"80221a3a-3871-5421-8b18-d1be83e667b9","domainUUID":"caab4377-8a08-50b9-90e1-3e1c89a52f9a","rangeUUID":"e12b5749-0775-57a7-9688-b40799d55e81","isIdentityCriteria":false,"name":"GeneralConversionUnit.expression"}
{"uuid":"f8b0e291-a5b7-5a36-b252-eb0851208a75","tboxUUID":"80221a3a-3871-5421-8b18-d1be83e667b9","domainUUID":"3282d6ee-83bb-59f4-9680-6f54b5b483e7","rangeUUID":"e12b5749-0775-57a7-9688-b40799d55e81","isIdentityCriteria":false,"name":"SystemOfUnits.description"}
{"uuid":"fdfee8df-80a9-54cb-89f8-cd250a709075","tboxUUID":"80221a3a-3871-5421-8b18-d1be83e667b9","domainUUID":"e770c49d-36d3-529c-8350-1c7fabf3099f","rangeUUID":"2fe55207-e695-5aab-87ec-7f85cd56e864","isIdentityCriteria":false,"name":"DerivedUnit.hasReducedFactors"}
