{"uuid":"02783098-6047-548d-ba34-33d8463bba7c","tboxUUID":"80221a3a-3871-5421-8b18-d1be83e667b9","sourceUUID":"732bd829-0358-5889-9e5b-8724a3edd596","targetUUID":"8ea04466-ce82-5e06-8ca0-c40bd6b44aff","isAsymmetric":false,"isEssential":false,"isFunctional":true,"isInverseEssential":false,"isInverseFunctional":false,"isIrreflexive":false,"isReflexive":false,"isSymmetric":false,"isTransitive":false,"name":"A_quantityKindFactor_quantityKind","unreifiedPropertyName":"a_quantityKindFactor_quantityKind","unreifiedInversePropertyName":[]}
{"uuid":"0a8cb141-27a2-5b2a-b288-23a0dafb9fff","tboxUUID":"80221a3a-3871-5421-8b18-d1be83e667b9","sourceUUID":"66d90538-7fb5-56b2-a6dd-d2507e1bc30e","targetUUID":"8ea04466-ce82-5e06-8ca0-c40bd6b44aff","isAsymmetric":false,"isEssential":false,"isFunctional":false,"isInverseEssential":false,"isInverseFunctional":false,"isIrreflexive":false,"isReflexive":false,"isSymmetric":false,"isTransitive":false,"name":"A_quantityKind_measurementUnit","unreifiedPropertyName":"a_quantityKind_measurementUnit","unreifiedInversePropertyName":[]}
{"uuid":"0aa92d4a-09f3-5225-bda4-1ab00ea508aa","tboxUUID":"80221a3a-3871-5421-8b18-d1be83e667b9","sourceUUID":"eac139d7-6757-5f2d-9189-cbe285d359f2","targetUUID":"eac139d7-6757-5f2d-9189-cbe285d359f2","isAsymmetric":true,"isEssential":false,"isFunctional":false,"isInverseEssential":false,"isInverseFunctional":false,"isIrreflexive":false,"isReflexive":false,"isSymmetric":false,"isTransitive":false,"name":"A_usedSystemOfQuantities_systemOfQuantities","unreifiedPropertyName":"a_usedSystemOfQuantities_systemOfQuantities","unreifiedInversePropertyName":[]}
{"uuid":"0bfba269-c9a6-576b-b190-da407c5f89f8","tboxUUID":"80221a3a-3871-5421-8b18-d1be83e667b9","sourceUUID":"c604b3fd-4a5f-581c-93aa-15899a2f4bc0","targetUUID":"732bd829-0358-5889-9e5b-8724a3edd596","isAsymmetric":false,"isEssential":false,"isFunctional":false,"isInverseEssential":false,"isInverseFunctional":true,"isIrreflexive":false,"isReflexive":false,"isSymmetric":false,"isTransitive":false,"name":"A_derivedQuantityKind_factor","unreifiedPropertyName":"a_derivedQuantityKind_factor","unreifiedInversePropertyName":[]}
{"uuid":"210ccd49-165e-5dbd-b7dd-414dd18f338c","tboxUUID":"80221a3a-3871-5421-8b18-d1be83e667b9","sourceUUID":"3282d6ee-83bb-59f4-9680-6f54b5b483e7","targetUUID":"d3b864e0-6541-55a9-bb67-b41bf7eb88c0","isAsymmetric":false,"isEssential":false,"isFunctional":false,"isInverseEssential":false,"isInverseFunctional":true,"isIrreflexive":false,"isReflexive":false,"isSymmetric":false,"isTransitive":false,"name":"A_systemOfUnits_prefix","unreifiedPropertyName":"a_systemOfUnits_prefix","unreifiedInversePropertyName":[]}
{"uuid":"35f76f80-457b-5712-a36c-93dddceb0cab","tboxUUID":"80221a3a-3871-5421-8b18-d1be83e667b9","sourceUUID":"3282d6ee-83bb-59f4-9680-6f54b5b483e7","targetUUID":"eac139d7-6757-5f2d-9189-cbe285d359f2","isAsymmetric":false,"isEssential":false,"isFunctional":true,"isInverseEssential":false,"isInverseFunctional":false,"isIrreflexive":false,"isReflexive":false,"isSymmetric":false,"isTransitive":false,"name":"A_systemOfUnits_systemOfQuantities","unreifiedPropertyName":"a_systemOfUnits_systemOfQuantities","unreifiedInversePropertyName":[]}
{"uuid":"4a7d7030-c968-5598-a236-38a9a1b1f5a4","tboxUUID":"80221a3a-3871-5421-8b18-d1be83e667b9","sourceUUID":"35e4303e-83f7-5972-b34a-8ae596b36e7a","targetUUID":"732bd829-0358-5889-9e5b-8724a3edd596","isAsymmetric":false,"isEssential":false,"isFunctional":false,"isInverseEssential":false,"isInverseFunctional":true,"isIrreflexive":false,"isReflexive":false,"isSymmetric":false,"isTransitive":false,"name":"A_dimension_factor","unreifiedPropertyName":"a_dimension_factor","unreifiedInversePropertyName":[]}
{"uuid":"5aa16760-6df2-52de-a8ff-899897755c44","tboxUUID":"80221a3a-3871-5421-8b18-d1be83e667b9","sourceUUID":"3282d6ee-83bb-59f4-9680-6f54b5b483e7","targetUUID":"3282d6ee-83bb-59f4-9680-6f54b5b483e7","isAsymmetric":true,"isEssential":false,"isFunctional":false,"isInverseEssential":false,"isInverseFunctional":false,"isIrreflexive":false,"isReflexive":false,"isSymmetric":false,"isTransitive":false,"name":"A_includedSystemOfUnits_systemOfUnits","unreifiedPropertyName":"a_includedSystemOfUnits_systemOfUnits","unreifiedInversePropertyName":[]}
{"uuid":"5bfc10a1-0f59-5eb9-9424-b7db2295df08","tboxUUID":"80221a3a-3871-5421-8b18-d1be83e667b9","sourceUUID":"66d90538-7fb5-56b2-a6dd-d2507e1bc30e","targetUUID":"66d90538-7fb5-56b2-a6dd-d2507e1bc30e","isAsymmetric":true,"isEssential":false,"isFunctional":false,"isInverseEssential":false,"isInverseFunctional":false,"isIrreflexive":false,"isReflexive":false,"isSymmetric":false,"isTransitive":false,"name":"A_generalUnit_specificUnit","unreifiedPropertyName":"a_generalUnit_specificUnit","unreifiedInversePropertyName":[]}
{"uuid":"5e59b574-89d0-56b0-919e-40162555e1ed","tboxUUID":"80221a3a-3871-5421-8b18-d1be83e667b9","sourceUUID":"eac139d7-6757-5f2d-9189-cbe285d359f2","targetUUID":"8ea04466-ce82-5e06-8ca0-c40bd6b44aff","isAsymmetric":false,"isEssential":false,"isFunctional":false,"isInverseEssential":false,"isInverseFunctional":true,"isIrreflexive":false,"isReflexive":false,"isSymmetric":false,"isTransitive":false,"name":"A_systemOfQuantities_baseQuantityKind","unreifiedPropertyName":"a_systemOfQuantities_baseQuantityKind","unreifiedInversePropertyName":[]}
{"uuid":"6fdf2a76-f541-580c-b628-f88c2b036333","tboxUUID":"80221a3a-3871-5421-8b18-d1be83e667b9","sourceUUID":"2ea44c2c-04ce-5ae7-bfb7-b2493add26b5","targetUUID":"d3b864e0-6541-55a9-bb67-b41bf7eb88c0","isAsymmetric":false,"isEssential":false,"isFunctional":true,"isInverseEssential":false,"isInverseFunctional":false,"isIrreflexive":false,"isReflexive":false,"isSymmetric":false,"isTransitive":false,"name":"A_prefixedUnit_prefix","unreifiedPropertyName":"a_prefixedUnit_prefix","unreifiedInversePropertyName":[]}
{"uuid":"70227067-f398-58d9-9726-2713f54f631d","tboxUUID":"80221a3a-3871-5421-8b18-d1be83e667b9","sourceUUID":"eac139d7-6757-5f2d-9189-cbe285d359f2","targetUUID":"8ea04466-ce82-5e06-8ca0-c40bd6b44aff","isAsymmetric":false,"isEssential":false,"isFunctional":false,"isInverseEssential":false,"isInverseFunctional":true,"isIrreflexive":false,"isReflexive":false,"isSymmetric":false,"isTransitive":false,"name":"A_systemOfQuantities_quantityKind","unreifiedPropertyName":"a_systemOfQuantities_quantityKind","unreifiedInversePropertyName":[]}
{"uuid":"7752646e-d784-5c8b-8a20-0c001fe47fd3","tboxUUID":"80221a3a-3871-5421-8b18-d1be83e667b9","sourceUUID":"8ea04466-ce82-5e06-8ca0-c40bd6b44aff","targetUUID":"8ea04466-ce82-5e06-8ca0-c40bd6b44aff","isAsymmetric":true,"isEssential":false,"isFunctional":false,"isInverseEssential":false,"isInverseFunctional":false,"isIrreflexive":false,"isReflexive":false,"isSymmetric":false,"isTransitive":false,"name":"A_generalQuantityKind_specificQuantityKind","unreifiedPropertyName":"a_generalQuantityKind_specificQuantityKind","unreifiedInversePropertyName":[]}
{"uuid":"7a362c8d-1c05-5951-9585-c924e7fd573a","tboxUUID":"80221a3a-3871-5421-8b18-d1be83e667b9","sourceUUID":"eac139d7-6757-5f2d-9189-cbe285d359f2","targetUUID":"35e4303e-83f7-5972-b34a-8ae596b36e7a","isAsymmetric":false,"isEssential":false,"isFunctional":false,"isInverseEssential":false,"isInverseFunctional":false,"isIrreflexive":false,"isReflexive":false,"isSymmetric":false,"isTransitive":false,"name":"A_systemOfQuantities_dimension","unreifiedPropertyName":"a_systemOfQuantities_dimension","unreifiedInversePropertyName":[]}
{"uuid":"8b66c027-cc53-5b1f-8434-d47804bb741a","tboxUUID":"80221a3a-3871-5421-8b18-d1be83e667b9","sourceUUID":"e770c49d-36d3-529c-8350-1c7fabf3099f","targetUUID":"4661d2b7-026c-548e-b08d-c308a1173186","isAsymmetric":false,"isEssential":false,"isFunctional":false,"isInverseEssential":false,"isInverseFunctional":true,"isIrreflexive":false,"isReflexive":false,"isSymmetric":false,"isTransitive":false,"name":"A_derivedUnit_factor","unreifiedPropertyName":"a_derivedUnit_factor","unreifiedInversePropertyName":[]}
{"uuid":"990e4d76-386e-56d6-9d91-12111a51e895","tboxUUID":"80221a3a-3871-5421-8b18-d1be83e667b9","sourceUUID":"4661d2b7-026c-548e-b08d-c308a1173186","targetUUID":"66d90538-7fb5-56b2-a6dd-d2507e1bc30e","isAsymmetric":false,"isEssential":false,"isFunctional":true,"isInverseEssential":false,"isInverseFunctional":false,"isIrreflexive":false,"isReflexive":false,"isSymmetric":false,"isTransitive":false,"name":"A_unitFactor_unit","unreifiedPropertyName":"a_unitFactor_unit","unreifiedInversePropertyName":[]}
{"uuid":"a81ea419-c95e-55c3-a154-e5e2a8b03923","tboxUUID":"80221a3a-3871-5421-8b18-d1be83e667b9","sourceUUID":"2ea44c2c-04ce-5ae7-bfb7-b2493add26b5","targetUUID":"8ea04466-ce82-5e06-8ca0-c40bd6b44aff","isAsymmetric":false,"isEssential":false,"isFunctional":false,"isInverseEssential":false,"isInverseFunctional":false,"isIrreflexive":false,"isReflexive":false,"isSymmetric":false,"isTransitive":false,"name":"A_noQuantityKind_prefixedUnit","unreifiedPropertyName":"a_noQuantityKind_prefixedUnit","unreifiedInversePropertyName":[]}
{"uuid":"cb7aa531-ce20-5813-a022-039ab154caf6","tboxUUID":"80221a3a-3871-5421-8b18-d1be83e667b9","sourceUUID":"3282d6ee-83bb-59f4-9680-6f54b5b483e7","targetUUID":"3282d6ee-83bb-59f4-9680-6f54b5b483e7","isAsymmetric":true,"isEssential":false,"isFunctional":false,"isInverseEssential":false,"isInverseFunctional":false,"isIrreflexive":false,"isReflexive":false,"isSymmetric":false,"isTransitive":false,"name":"A_usedSystemOfUnits_systemOfUnits","unreifiedPropertyName":"a_usedSystemOfUnits_systemOfUnits","unreifiedInversePropertyName":[]}
{"uuid":"d53f115f-1d32-5e29-bb46-ad982ef63c5b","tboxUUID":"80221a3a-3871-5421-8b18-d1be83e667b9","sourceUUID":"3282d6ee-83bb-59f4-9680-6f54b5b483e7","targetUUID":"66d90538-7fb5-56b2-a6dd-d2507e1bc30e","isAsymmetric":false,"isEssential":false,"isFunctional":false,"isInverseEssential":false,"isInverseFunctional":true,"isIrreflexive":false,"isReflexive":false,"isSymmetric":false,"isTransitive":false,"name":"A_systemOfUnits_unit","unreifiedPropertyName":"a_systemOfUnits_unit","unreifiedInversePropertyName":[]}
{"uuid":"dab2d7b6-ba5d-5bed-a4b4-721311447aee","tboxUUID":"80221a3a-3871-5421-8b18-d1be83e667b9","sourceUUID":"3282d6ee-83bb-59f4-9680-6f54b5b483e7","targetUUID":"66d90538-7fb5-56b2-a6dd-d2507e1bc30e","isAsymmetric":false,"isEssential":false,"isFunctional":false,"isInverseEssential":false,"isInverseFunctional":true,"isIrreflexive":false,"isReflexive":false,"isSymmetric":false,"isTransitive":false,"name":"A_systemOfUnits_baseUnit","unreifiedPropertyName":"a_systemOfUnits_baseUnit","unreifiedInversePropertyName":[]}
{"uuid":"de22c461-a49c-5161-9e87-aa203e4954a9","tboxUUID":"80221a3a-3871-5421-8b18-d1be83e667b9","sourceUUID":"bb6d5f2d-c20e-5004-a2f9-a67cfa4e15f4","targetUUID":"66d90538-7fb5-56b2-a6dd-d2507e1bc30e","isAsymmetric":false,"isEssential":false,"isFunctional":true,"isInverseEssential":false,"isInverseFunctional":false,"isIrreflexive":false,"isReflexive":false,"isSymmetric":false,"isTransitive":false,"name":"A_conversionBasedUnit_referenceUnit","unreifiedPropertyName":"a_conversionBasedUnit_referenceUnit","unreifiedInversePropertyName":[]}
{"uuid":"e146aef1-2947-50e3-9ea6-9416090f83fc","tboxUUID":"80221a3a-3871-5421-8b18-d1be83e667b9","sourceUUID":"eac139d7-6757-5f2d-9189-cbe285d359f2","targetUUID":"eac139d7-6757-5f2d-9189-cbe285d359f2","isAsymmetric":true,"isEssential":false,"isFunctional":false,"isInverseEssential":false,"isInverseFunctional":true,"isIrreflexive":false,"isReflexive":false,"isSymmetric":false,"isTransitive":false,"name":"A_includedSystemOfQuantities_systemOfQuantities","unreifiedPropertyName":"a_includedSystemOfQuantities_systemOfQuantities","unreifiedInversePropertyName":[]}
