{"uuid":"40fa06a0-807e-52af-a479-e066381bda7e","iri":"http://purl.org/dc/elements/1.1/rights","abbrevIRI":"dc:rights"}
{"uuid":"4465a328-9fc4-5556-8d73-48c062a2645e","iri":"http://purl.org/dc/elements/1.1/description","abbrevIRI":"dc:description"}
{"uuid":"96f403cc-1bc2-5ca7-b570-fa139588911c","iri":"http://imce.jpl.nasa.gov/foundation/annotation/annotation#hasDiagramCustomization","abbrevIRI":"annotation:hasDiagramCustomization"}
{"uuid":"b46685e7-abaa-5a8e-b6b8-cf7b2a51b5de","iri":"http://purl.org/dc/elements/1.1/date","abbrevIRI":"dc:date"}
{"uuid":"b89db759-4650-5e9b-9c61-62700448cfc9","iri":"http://www.w3.org/2002/07/owl#versionInfo","abbrevIRI":"owl:versionInfo"}
