{"uuid":"05c414fc-c39f-500e-9335-7a9ee41f765b","tboxUUID":"fe96f0fb-1481-576b-ade4-8197ae12651a","sourceUUID":"3d0991d6-3bc7-5d3c-a841-5a87d90c08e5","targetUUID":"c5194f0c-ef37-57d0-8f1c-2ef2b714aff3","isAsymmetric":true,"isEssential":false,"isFunctional":false,"isInverseEssential":false,"isInverseFunctional":false,"isIrreflexive":true,"isReflexive":false,"isSymmetric":false,"isTransitive":false,"name":"Deploys","unreifiedPropertyName":"deploys","unreifiedInversePropertyName":["isDeployedBy"]}
{"uuid":"18831617-5e63-5a97-a719-8727b6a674c3","tboxUUID":"fe96f0fb-1481-576b-ade4-8197ae12651a","sourceUUID":"3d0991d6-3bc7-5d3c-a841-5a87d90c08e5","targetUUID":"e51ff1c6-90d5-5470-9f51-4d50a59ade41","isAsymmetric":true,"isEssential":false,"isFunctional":false,"isInverseEssential":false,"isInverseFunctional":false,"isIrreflexive":true,"isReflexive":false,"isSymmetric":false,"isTransitive":false,"name":"Pursues","unreifiedPropertyName":"pursues","unreifiedInversePropertyName":["isPursuedBy"]}
{"uuid":"19573aff-ed21-5ef5-88f3-23bd46c864b7","tboxUUID":"fe96f0fb-1481-576b-ade4-8197ae12651a","sourceUUID":"6a1fb68e-06d1-5e71-9902-5fc8e3476f9b","targetUUID":"6b26f52f-4ca2-5980-bdef-0d581ec6c8ae","isAsymmetric":true,"isEssential":false,"isFunctional":false,"isInverseEssential":false,"isInverseFunctional":true,"isIrreflexive":true,"isReflexive":false,"isSymmetric":false,"isTransitive":false,"name":"Presents","unreifiedPropertyName":"presents","unreifiedInversePropertyName":["isPresentedBy"]}
{"uuid":"243f6234-78f2-5925-8f75-ab67d2805627","tboxUUID":"fe96f0fb-1481-576b-ade4-8197ae12651a","sourceUUID":"25b8f20f-c642-5d9f-8d4d-8dc2ce91d52f","targetUUID":"d5b25902-0359-57de-86da-f4f27c9c583b","isAsymmetric":true,"isEssential":false,"isFunctional":true,"isInverseEssential":false,"isInverseFunctional":false,"isIrreflexive":true,"isReflexive":false,"isSymmetric":false,"isTransitive":false,"name":"Involves1","unreifiedPropertyName":"involves1","unreifiedInversePropertyName":["isInvolvedIn1"]}
{"uuid":"2f5defe4-b121-5cf0-8869-818d5e89b0ae","tboxUUID":"fe96f0fb-1481-576b-ade4-8197ae12651a","sourceUUID":"b7bcec1d-7016-5e81-9568-80732fecf9d9","targetUUID":"f88c433a-69b6-5ef6-9643-40f37c258df0","isAsymmetric":true,"isEssential":false,"isFunctional":true,"isInverseEssential":false,"isInverseFunctional":false,"isIrreflexive":true,"isReflexive":false,"isSymmetric":false,"isTransitive":false,"name":"Specifies","unreifiedPropertyName":"specifies","unreifiedInversePropertyName":["isSpecifiedBy"]}
{"uuid":"33ea7dca-0e42-55e5-ac05-ae0b43e8cfab","tboxUUID":"fe96f0fb-1481-576b-ade4-8197ae12651a","sourceUUID":"25b8f20f-c642-5d9f-8d4d-8dc2ce91d52f","targetUUID":"d5b25902-0359-57de-86da-f4f27c9c583b","isAsymmetric":true,"isEssential":false,"isFunctional":true,"isInverseEssential":false,"isInverseFunctional":false,"isIrreflexive":true,"isReflexive":false,"isSymmetric":false,"isTransitive":false,"name":"Involves2","unreifiedPropertyName":"involves2","unreifiedInversePropertyName":["isInvolvedIn2"]}
{"uuid":"54a4838c-15d5-5dea-9daa-1bcd87b03d08","tboxUUID":"fe96f0fb-1481-576b-ade4-8197ae12651a","sourceUUID":"6b26f52f-4ca2-5980-bdef-0d581ec6c8ae","targetUUID":"344362b6-2a61-5ca3-bd89-9bb23b1c2186","isAsymmetric":true,"isEssential":false,"isFunctional":false,"isInverseEssential":false,"isInverseFunctional":false,"isIrreflexive":true,"isReflexive":false,"isSymmetric":false,"isTransitive":false,"name":"TransfersOut","unreifiedPropertyName":"transfersOut","unreifiedInversePropertyName":[]}
{"uuid":"5ce1e584-92ea-5ec1-b672-313c9ffd2930","tboxUUID":"fe96f0fb-1481-576b-ade4-8197ae12651a","sourceUUID":"426f769a-d7f1-57e3-a73d-6995180e9c76","targetUUID":"c5194f0c-ef37-57d0-8f1c-2ef2b714aff3","isAsymmetric":true,"isEssential":false,"isFunctional":false,"isInverseEssential":false,"isInverseFunctional":false,"isIrreflexive":true,"isReflexive":false,"isSymmetric":false,"isTransitive":false,"name":"Influences","unreifiedPropertyName":"influences","unreifiedInversePropertyName":["isInfluencedBy"]}
{"uuid":"5e9602be-e700-5e9c-b13b-e13faae87ce9","tboxUUID":"fe96f0fb-1481-576b-ade4-8197ae12651a","sourceUUID":"c5194f0c-ef37-57d0-8f1c-2ef2b714aff3","targetUUID":"426f769a-d7f1-57e3-a73d-6995180e9c76","isAsymmetric":true,"isEssential":false,"isFunctional":false,"isInverseEssential":false,"isInverseFunctional":false,"isIrreflexive":true,"isReflexive":false,"isSymmetric":false,"isTransitive":false,"name":"Induces","unreifiedPropertyName":"induces","unreifiedInversePropertyName":["isInducedBy"]}
{"uuid":"664e0b9c-5d80-5d39-8dcf-ed3c4d0cd77c","tboxUUID":"fe96f0fb-1481-576b-ade4-8197ae12651a","sourceUUID":"d5b25902-0359-57de-86da-f4f27c9c583b","targetUUID":"ee7b499b-6f69-5d91-8983-5f05915e2b39","isAsymmetric":true,"isEssential":false,"isFunctional":false,"isInverseEssential":false,"isInverseFunctional":true,"isIrreflexive":true,"isReflexive":false,"isSymmetric":false,"isTransitive":false,"name":"Sends","unreifiedPropertyName":"sends","unreifiedInversePropertyName":["isSentBy"]}
{"uuid":"6b0ef690-78d8-5622-86da-d460e1f31a89","tboxUUID":"fe96f0fb-1481-576b-ade4-8197ae12651a","sourceUUID":"6b26f52f-4ca2-5980-bdef-0d581ec6c8ae","targetUUID":"344362b6-2a61-5ca3-bd89-9bb23b1c2186","isAsymmetric":true,"isEssential":false,"isFunctional":false,"isInverseEssential":false,"isInverseFunctional":false,"isIrreflexive":true,"isReflexive":false,"isSymmetric":false,"isTransitive":false,"name":"Transfers","unreifiedPropertyName":"transfers","unreifiedInversePropertyName":[]}
{"uuid":"6df8cab4-1ac4-579d-b5a9-ccba1595e4a2","tboxUUID":"fe96f0fb-1481-576b-ade4-8197ae12651a","sourceUUID":"0b29b16e-5fc1-55bb-a34d-7feb2bc6e279","targetUUID":"0b29b16e-5fc1-55bb-a34d-7feb2bc6e279","isAsymmetric":false,"isEssential":false,"isFunctional":false,"isInverseEssential":false,"isInverseFunctional":false,"isIrreflexive":false,"isReflexive":false,"isSymmetric":false,"isTransitive":false,"name":"Invokes","unreifiedPropertyName":"invokes","unreifiedInversePropertyName":["isInvokedBy"]}
{"uuid":"76232a4f-44ed-5b3e-9859-530b8d80038e","tboxUUID":"fe96f0fb-1481-576b-ade4-8197ae12651a","sourceUUID":"d161f670-2b25-5e0a-8e56-d9a936abb357","targetUUID":"904e5864-c5c2-54a9-9e93-9721cd9e9c40","isAsymmetric":true,"isEssential":false,"isFunctional":false,"isInverseEssential":false,"isInverseFunctional":true,"isIrreflexive":true,"isReflexive":false,"isSymmetric":false,"isTransitive":false,"name":"Produces","unreifiedPropertyName":"produces","unreifiedInversePropertyName":["isProducedBy"]}
{"uuid":"78090c79-e32b-57ed-b856-4a65cd2a6092","tboxUUID":"fe96f0fb-1481-576b-ade4-8197ae12651a","sourceUUID":"213037b2-a28a-56fe-adf3-8a71872995c3","targetUUID":"344362b6-2a61-5ca3-bd89-9bb23b1c2186","isAsymmetric":true,"isEssential":false,"isFunctional":false,"isInverseEssential":false,"isInverseFunctional":false,"isIrreflexive":true,"isReflexive":false,"isSymmetric":false,"isTransitive":false,"name":"Traverses","unreifiedPropertyName":"isTraversedBy","unreifiedInversePropertyName":["traverses"]}
{"uuid":"8669a97c-5087-5fcf-a7c2-4668923ae0c4","tboxUUID":"fe96f0fb-1481-576b-ade4-8197ae12651a","sourceUUID":"d161f670-2b25-5e0a-8e56-d9a936abb357","targetUUID":"0b29b16e-5fc1-55bb-a34d-7feb2bc6e279","isAsymmetric":true,"isEssential":false,"isFunctional":false,"isInverseEssential":false,"isInverseFunctional":true,"isIrreflexive":true,"isReflexive":false,"isSymmetric":false,"isTransitive":false,"name":"Performs","unreifiedPropertyName":"performs","unreifiedInversePropertyName":["isPerformedBy"]}
{"uuid":"8afc4a92-a75c-58cc-8ffd-4b91e24ab3a7","tboxUUID":"fe96f0fb-1481-576b-ade4-8197ae12651a","sourceUUID":"213037b2-a28a-56fe-adf3-8a71872995c3","targetUUID":"6b26f52f-4ca2-5980-bdef-0d581ec6c8ae","isAsymmetric":true,"isEssential":false,"isFunctional":true,"isInverseEssential":false,"isInverseFunctional":true,"isIrreflexive":true,"isReflexive":false,"isSymmetric":false,"isTransitive":false,"name":"Joins2","unreifiedPropertyName":"joins2","unreifiedInversePropertyName":["isJoinedIn2"]}
{"uuid":"98ccd302-c0cd-5ff0-9819-52170d687b27","tboxUUID":"fe96f0fb-1481-576b-ade4-8197ae12651a","sourceUUID":"d5b25902-0359-57de-86da-f4f27c9c583b","targetUUID":"ee7b499b-6f69-5d91-8983-5f05915e2b39","isAsymmetric":true,"isEssential":false,"isFunctional":false,"isInverseEssential":false,"isInverseFunctional":false,"isIrreflexive":true,"isReflexive":false,"isSymmetric":false,"isTransitive":false,"name":"Receives","unreifiedPropertyName":"receives","unreifiedInversePropertyName":["isReceivedBy"]}
{"uuid":"99d6d7ab-72ff-5a11-a1a7-5ddeb7dd289e","tboxUUID":"fe96f0fb-1481-576b-ade4-8197ae12651a","sourceUUID":"0b29b16e-5fc1-55bb-a34d-7feb2bc6e279","targetUUID":"d5b25902-0359-57de-86da-f4f27c9c583b","isAsymmetric":true,"isEssential":false,"isFunctional":false,"isInverseEssential":false,"isInverseFunctional":true,"isIrreflexive":true,"isReflexive":false,"isSymmetric":false,"isTransitive":false,"name":"InterchangesThrough","unreifiedPropertyName":"interchangesThrough","unreifiedInversePropertyName":["isInterchangePointFor"]}
{"uuid":"a2437eb3-1ee0-558a-a7e8-667776116d10","tboxUUID":"fe96f0fb-1481-576b-ade4-8197ae12651a","sourceUUID":"b7bcec1d-7016-5e81-9568-80732fecf9d9","targetUUID":"b7bcec1d-7016-5e81-9568-80732fecf9d9","isAsymmetric":true,"isEssential":false,"isFunctional":false,"isInverseEssential":false,"isInverseFunctional":false,"isIrreflexive":true,"isReflexive":false,"isSymmetric":false,"isTransitive":false,"name":"Refines","unreifiedPropertyName":"refines","unreifiedInversePropertyName":["isRefinedBy"]}
{"uuid":"a75aaa25-0d1f-5eb9-8eca-c699ebebe294","tboxUUID":"fe96f0fb-1481-576b-ade4-8197ae12651a","sourceUUID":"25b8f20f-c642-5d9f-8d4d-8dc2ce91d52f","targetUUID":"344362b6-2a61-5ca3-bd89-9bb23b1c2186","isAsymmetric":true,"isEssential":false,"isFunctional":false,"isInverseEssential":false,"isInverseFunctional":false,"isIrreflexive":true,"isReflexive":false,"isSymmetric":false,"isTransitive":false,"name":"HasParticipant","unreifiedPropertyName":"hasParticipant","unreifiedInversePropertyName":["participatesIn"]}
{"uuid":"a9adf93f-e2b8-59c0-9a5a-0d0a81587ef2","tboxUUID":"fe96f0fb-1481-576b-ade4-8197ae12651a","sourceUUID":"d5b25902-0359-57de-86da-f4f27c9c583b","targetUUID":"0a99bf51-60b8-5034-82f5-4868b00e225d","isAsymmetric":true,"isEssential":false,"isFunctional":false,"isInverseEssential":false,"isInverseFunctional":true,"isIrreflexive":true,"isReflexive":false,"isSymmetric":false,"isTransitive":false,"name":"Emits","unreifiedPropertyName":"emits","unreifiedInversePropertyName":["isEmittedBy"]}
{"uuid":"b05ed40d-f9c0-5e06-a5cb-ae1ddbe73484","tboxUUID":"fe96f0fb-1481-576b-ade4-8197ae12651a","sourceUUID":"d5b25902-0359-57de-86da-f4f27c9c583b","targetUUID":"0a99bf51-60b8-5034-82f5-4868b00e225d","isAsymmetric":true,"isEssential":false,"isFunctional":false,"isInverseEssential":false,"isInverseFunctional":true,"isIrreflexive":true,"isReflexive":false,"isSymmetric":false,"isTransitive":false,"name":"Ingests","unreifiedPropertyName":"ingests","unreifiedInversePropertyName":["isIngestedBy"]}
{"uuid":"b4d683a7-41da-5830-83e6-709777d1b219","tboxUUID":"fe96f0fb-1481-576b-ade4-8197ae12651a","sourceUUID":"213037b2-a28a-56fe-adf3-8a71872995c3","targetUUID":"6b26f52f-4ca2-5980-bdef-0d581ec6c8ae","isAsymmetric":true,"isEssential":false,"isFunctional":true,"isInverseEssential":false,"isInverseFunctional":true,"isIrreflexive":true,"isReflexive":false,"isSymmetric":false,"isTransitive":false,"name":"Joins1","unreifiedPropertyName":"joins1","unreifiedInversePropertyName":["isJoinedIn1"]}
{"uuid":"d450920a-8b44-5ca7-b4a1-93351823e65e","tboxUUID":"fe96f0fb-1481-576b-ade4-8197ae12651a","sourceUUID":"6b26f52f-4ca2-5980-bdef-0d581ec6c8ae","targetUUID":"344362b6-2a61-5ca3-bd89-9bb23b1c2186","isAsymmetric":true,"isEssential":false,"isFunctional":false,"isInverseEssential":false,"isInverseFunctional":false,"isIrreflexive":true,"isReflexive":false,"isSymmetric":false,"isTransitive":false,"name":"TransfersIn","unreifiedPropertyName":"transfersIn","unreifiedInversePropertyName":[]}
{"uuid":"d5a0472a-b9bb-50fc-a58e-d225d8f1762f","tboxUUID":"fe96f0fb-1481-576b-ade4-8197ae12651a","sourceUUID":"25b8f20f-c642-5d9f-8d4d-8dc2ce91d52f","targetUUID":"d5b25902-0359-57de-86da-f4f27c9c583b","isAsymmetric":true,"isEssential":false,"isFunctional":false,"isInverseEssential":false,"isInverseFunctional":false,"isIrreflexive":true,"isReflexive":false,"isSymmetric":false,"isTransitive":false,"name":"Involves","unreifiedPropertyName":"involves","unreifiedInversePropertyName":["isInvolvedIn"]}
{"uuid":"dec0c5ef-0946-5271-a9d4-5ae1e4b60f64","tboxUUID":"fe96f0fb-1481-576b-ade4-8197ae12651a","sourceUUID":"213037b2-a28a-56fe-adf3-8a71872995c3","targetUUID":"6b26f52f-4ca2-5980-bdef-0d581ec6c8ae","isAsymmetric":true,"isEssential":false,"isFunctional":false,"isInverseEssential":false,"isInverseFunctional":true,"isIrreflexive":true,"isReflexive":false,"isSymmetric":false,"isTransitive":false,"name":"Joins","unreifiedPropertyName":"joins","unreifiedInversePropertyName":["isJoinedIn"]}
