{"uuid":"33b2fc5a-9914-5738-b6ba-308f5d888cf1","tboxUUID":"95a33de1-eecb-5db3-8afc-5a1483096ba0","extendedTerminologyIRI":"http://imce.jpl.nasa.gov/www.omg.org/spec/SysML/20140311/SysML-embedding"}
{"uuid":"9fb87fdb-90c8-5f96-b907-db1bebd093b0","tboxUUID":"95a33de1-eecb-5db3-8afc-5a1483096ba0","extendedTerminologyIRI":"http://imce.jpl.nasa.gov/www.omg.org/spec/SysML/20140311/QUDV-metamodel"}
{"uuid":"a9e034d8-684e-58f9-ad87-d052b0eace26","tboxUUID":"95a33de1-eecb-5db3-8afc-5a1483096ba0","extendedTerminologyIRI":"http://imce.jpl.nasa.gov/www.omg.org/spec/SysML/20140311/SysML-metamodel"}
