{"uuid":"391abf85-18b1-5496-91cb-66c98b5ebe5c","tboxUUID":"d2ea4ebc-183a-5499-8a87-7f5339eb48f7","extendedTerminologyIRI":"http://imce.jpl.nasa.gov/discipline/mechanical/mechanical-embedding"}
{"uuid":"78467acf-4156-54dd-8089-025e06ca45ee","tboxUUID":"d2ea4ebc-183a-5499-8a87-7f5339eb48f7","extendedTerminologyIRI":"http://imce.jpl.nasa.gov/foundation/project/project"}
{"uuid":"bc28577b-2120-5db6-b251-422685bd78e6","tboxUUID":"d2ea4ebc-183a-5499-8a87-7f5339eb48f7","extendedTerminologyIRI":"http://imce.jpl.nasa.gov/foundation/analysis/analysis-embedding"}
