{"uuid":"2b83fe88-0ef5-5e11-b2ef-e62c0656936f","tboxUUID":"36c22394-d013-5097-9325-82072fb5b2b1","extendedTerminologyIRI":"http://imce.jpl.nasa.gov/foundation/owl2-mof2/owl2-mof2"}
{"uuid":"439ba144-bc77-59d5-becb-15af971886f5","tboxUUID":"36c22394-d013-5097-9325-82072fb5b2b1","extendedTerminologyIRI":"http://imce.jpl.nasa.gov/foundation/annotation/annotation"}
{"uuid":"80b3e570-f26a-5c49-9ac7-5d46b5ba0f0a","tboxUUID":"36c22394-d013-5097-9325-82072fb5b2b1","extendedTerminologyIRI":"http://imce.jpl.nasa.gov/www.omg.org/spec/PrimitiveTypes/20110701/PrimitiveTypes-metamodel"}
