{"uuid":"06a48355-b6a9-5b90-b113-d8ede42cabd1","tboxUUID":"6089249a-b338-51d0-b552-f42bcb7d237d","name":"BlockRedundancyExplanation"}
{"uuid":"183c2d1c-4d53-53a4-aea8-0a2f2a65bb4c","tboxUUID":"6089249a-b338-51d0-b552-f42bcb7d237d","name":"ProtectedRegion"}
{"uuid":"25958e56-22d2-5be1-a6c8-4b78fe073b10","tboxUUID":"6089249a-b338-51d0-b552-f42bcb7d237d","name":"PerformanceConstraint"}
{"uuid":"346f5a49-4dd4-5342-8a76-82b0dfe181f7","tboxUUID":"6089249a-b338-51d0-b552-f42bcb7d237d","name":"Prevention"}
{"uuid":"3b83a7a3-32aa-5d6d-af57-adafceeb5cbe","tboxUUID":"6089249a-b338-51d0-b552-f42bcb7d237d","name":"Likelihood"}
{"uuid":"3cd48bb2-3207-55da-9475-2246992dff6c","tboxUUID":"6089249a-b338-51d0-b552-f42bcb7d237d","name":"FaultContainmentRegion"}
{"uuid":"56d7b106-7c38-54de-8ae3-31e081a797f8","tboxUUID":"6089249a-b338-51d0-b552-f42bcb7d237d","name":"Mitigation"}
{"uuid":"5921b395-0536-533d-a8dd-6e9dd286359e","tboxUUID":"6089249a-b338-51d0-b552-f42bcb7d237d","name":"CauseExplanation"}
{"uuid":"669d4f81-65af-58b3-ba49-cb05f053e5d1","tboxUUID":"6089249a-b338-51d0-b552-f42bcb7d237d","name":"DetectionMechanism"}
{"uuid":"82b3624c-3ff1-53eb-bc0d-56712fbfaf00","tboxUUID":"6089249a-b338-51d0-b552-f42bcb7d237d","name":"ViolationExplanation"}
{"uuid":"aa22ace0-08e0-5004-9e31-fa95c7d4a731","tboxUUID":"6089249a-b338-51d0-b552-f42bcb7d237d","name":"InterconnectionExplanation"}
{"uuid":"aca7146d-bac0-516b-9ca2-1af4176483c1","tboxUUID":"6089249a-b338-51d0-b552-f42bcb7d237d","name":"FunctionalRedundancyExplanation"}
{"uuid":"c14d0291-ef6e-53a3-90b8-600e9b24bb60","tboxUUID":"6089249a-b338-51d0-b552-f42bcb7d237d","name":"ModeContext"}
{"uuid":"e5617e11-c5cf-5d69-a309-670e5cde1d47","tboxUUID":"6089249a-b338-51d0-b552-f42bcb7d237d","name":"MissionImpact"}
