{"uuid":"00dbeb72-2a7e-5e18-a01e-76c9c40e67ca","tboxUUID":"6089249a-b338-51d0-b552-f42bcb7d237d","sourceUUID":"c7d7c8a5-291e-5034-bc36-e9297af441ff","targetUUID":"c5194f0c-ef37-57d0-8f1c-2ef2b714aff3","isAsymmetric":false,"isEssential":false,"isFunctional":false,"isInverseEssential":false,"isInverseFunctional":false,"isIrreflexive":false,"isReflexive":false,"isSymmetric":false,"isTransitive":false,"name":"Encompasses","unreifiedPropertyName":"encompasses","unreifiedInversePropertyName":[]}
{"uuid":"0eaa044e-74d4-547e-ac68-691383564442","tboxUUID":"6089249a-b338-51d0-b552-f42bcb7d237d","sourceUUID":"669d4f81-65af-58b3-ba49-cb05f053e5d1","targetUUID":"82b3624c-3ff1-53eb-bc0d-56712fbfaf00","isAsymmetric":false,"isEssential":false,"isFunctional":false,"isInverseEssential":false,"isInverseFunctional":false,"isIrreflexive":false,"isReflexive":false,"isSymmetric":false,"isTransitive":false,"name":"Detects","unreifiedPropertyName":"detects","unreifiedInversePropertyName":[]}
{"uuid":"154e9ad9-2195-5067-a01c-b713085792f1","tboxUUID":"6089249a-b338-51d0-b552-f42bcb7d237d","sourceUUID":"346f5a49-4dd4-5342-8a76-82b0dfe181f7","targetUUID":"82b3624c-3ff1-53eb-bc0d-56712fbfaf00","isAsymmetric":false,"isEssential":false,"isFunctional":false,"isInverseEssential":false,"isInverseFunctional":false,"isIrreflexive":false,"isReflexive":false,"isSymmetric":false,"isTransitive":false,"name":"Avoids","unreifiedPropertyName":"avoids","unreifiedInversePropertyName":[]}
{"uuid":"29693a98-be25-54c5-bcdc-358106fcbf56","tboxUUID":"6089249a-b338-51d0-b552-f42bcb7d237d","sourceUUID":"56d7b106-7c38-54de-8ae3-31e081a797f8","targetUUID":"0a061fd9-3143-530c-86ce-7ed00ae446bb","isAsymmetric":false,"isEssential":false,"isFunctional":false,"isInverseEssential":false,"isInverseFunctional":false,"isIrreflexive":false,"isReflexive":false,"isSymmetric":false,"isTransitive":false,"name":"IsAccomplishedBy","unreifiedPropertyName":"isAccomplishedBy","unreifiedInversePropertyName":[]}
{"uuid":"4dfda65a-0f2d-5df9-a87d-aff1bbaa155c","tboxUUID":"6089249a-b338-51d0-b552-f42bcb7d237d","sourceUUID":"4efcdbf0-7654-5ac8-8ce0-da148e46b006","targetUUID":"5921b395-0536-533d-a8dd-6e9dd286359e","isAsymmetric":false,"isEssential":false,"isFunctional":false,"isInverseEssential":false,"isInverseFunctional":false,"isIrreflexive":false,"isReflexive":false,"isSymmetric":false,"isTransitive":false,"name":"IsValidFor","unreifiedPropertyName":"isValidFor","unreifiedInversePropertyName":[]}
{"uuid":"65850aed-e7e9-5fa4-b89e-7a9d01f90d14","tboxUUID":"6089249a-b338-51d0-b552-f42bcb7d237d","sourceUUID":"0a1b7586-150e-59cb-bc00-b95e56dd0c30","targetUUID":"c14d0291-ef6e-53a3-90b8-600e9b24bb60","isAsymmetric":false,"isEssential":false,"isFunctional":false,"isInverseEssential":false,"isInverseFunctional":false,"isIrreflexive":false,"isReflexive":false,"isSymmetric":false,"isTransitive":false,"name":"AppliesIn","unreifiedPropertyName":"appliesIn","unreifiedInversePropertyName":[]}
{"uuid":"6b7af16e-d0a3-5961-83c8-38c824fabe63","tboxUUID":"6089249a-b338-51d0-b552-f42bcb7d237d","sourceUUID":"56d7b106-7c38-54de-8ae3-31e081a797f8","targetUUID":"669d4f81-65af-58b3-ba49-cb05f053e5d1","isAsymmetric":false,"isEssential":false,"isFunctional":false,"isInverseEssential":false,"isInverseFunctional":false,"isIrreflexive":false,"isReflexive":false,"isSymmetric":false,"isTransitive":false,"name":"IsAssociatedWith","unreifiedPropertyName":"isAssociatedWith","unreifiedInversePropertyName":[]}
{"uuid":"a5e464f4-8eab-52c6-889f-47edb16a06fe","tboxUUID":"6089249a-b338-51d0-b552-f42bcb7d237d","sourceUUID":"56d7b106-7c38-54de-8ae3-31e081a797f8","targetUUID":"d161f670-2b25-5e0a-8e56-d9a936abb357","isAsymmetric":false,"isEssential":false,"isFunctional":false,"isInverseEssential":false,"isInverseFunctional":false,"isIrreflexive":false,"isReflexive":false,"isSymmetric":false,"isTransitive":false,"name":"IsPerformedBy","unreifiedPropertyName":"isPerformedBy","unreifiedInversePropertyName":[]}
{"uuid":"e57755dc-65ce-5d2a-85b3-a0d264dc4ce6","tboxUUID":"6089249a-b338-51d0-b552-f42bcb7d237d","sourceUUID":"56d7b106-7c38-54de-8ae3-31e081a797f8","targetUUID":"82b3624c-3ff1-53eb-bc0d-56712fbfaf00","isAsymmetric":false,"isEssential":false,"isFunctional":false,"isInverseEssential":false,"isInverseFunctional":false,"isIrreflexive":false,"isReflexive":false,"isSymmetric":false,"isTransitive":false,"name":"Mitigates","unreifiedPropertyName":"mitigates","unreifiedInversePropertyName":[]}
