{"uuid":"19f3a23e-b9c3-5362-92b4-d22504951b52","tboxUUID":"6089249a-b338-51d0-b552-f42bcb7d237d","sourceUUID":"0a061fd9-3143-530c-86ce-7ed00ae446bb","targetUUID":"25958e56-22d2-5be1-a6c8-4b78fe073b10","isAsymmetric":false,"isEssential":false,"isFunctional":false,"isInverseEssential":false,"isInverseFunctional":false,"isIrreflexive":false,"isReflexive":false,"isSymmetric":false,"isTransitive":false,"name":"violates"}
{"uuid":"8d223408-26b2-5cd3-a76c-9b8c89c0c09a","tboxUUID":"6089249a-b338-51d0-b552-f42bcb7d237d","sourceUUID":"0a061fd9-3143-530c-86ce-7ed00ae446bb","targetUUID":"0a061fd9-3143-530c-86ce-7ed00ae446bb","isAsymmetric":false,"isEssential":false,"isFunctional":false,"isInverseEssential":false,"isInverseFunctional":false,"isIrreflexive":false,"isReflexive":false,"isSymmetric":false,"isTransitive":false,"name":"causes"}
{"uuid":"c601943c-81a0-51c6-a6c8-4c24defd8eb7","tboxUUID":"6089249a-b338-51d0-b552-f42bcb7d237d","sourceUUID":"0a061fd9-3143-530c-86ce-7ed00ae446bb","targetUUID":"0b29b16e-5fc1-55bb-a34d-7feb2bc6e279","isAsymmetric":false,"isEssential":false,"isFunctional":false,"isInverseEssential":false,"isInverseFunctional":false,"isIrreflexive":false,"isReflexive":false,"isSymmetric":false,"isTransitive":false,"name":"impairs"}
